log,combo,degradation_dim,degradation_level,metric_or_stage,seconds,rows,status
BPIC2020_rfp,inductive_noise20,activity_frequency_gradual,0.1,aligned_duration_cache,6.441654399968684,1,ok
BPIC2020_rfp,inductive_noise20,activity_frequency_gradual,0.1,alignment_coverage_pn2_lower,0.0133943981491007,46,ok
BPIC2020_rfp,inductive_noise20,activity_frequency_gradual,0.1,alignment_coverage_pn2_upper,0.005759899038820932,46,ok
BPIC2020_rfp,inductive_noise20,activity_frequency_gradual,0.1,classical,5.068871600087732,1,ok
BPIC2020_rfp,inductive_noise20,activity_frequency_gradual,0.1,dv,9.906365799717603,1,ok
BPIC2020_rfp,inductive_noise20,activity_frequency_gradual,0.1,executions_cache,1.819990575313568e-05,1,ok
BPIC2020_rfp,inductive_noise20,activity_frequency_gradual,0.1,matchprob,2.7200207114219666e-05,46,ok
BPIC2020_rfp,inductive_noise20,activity_frequency_gradual,0.1,mean_leaf_skipprob,1.2099742889404295e-05,1,ok
BPIC2020_rfp,inductive_noise20,activity_frequency_gradual,0.1,salign_coverage,0.0129096005111908,46,ok
BPIC2020_rfp,inductive_noise20,activity_frequency_gradual,0.1,skipprob,2.6398804038763046e-05,46,ok
BPIC2020_rfp,inductive_noise20,activity_frequency_gradual,0.1,traces,6.4416034002788365,1,ok
BPIC2020_rfp,inductive_noise20,activity_frequency_gradual,0.1,voidmass_deficit_lower,8.610030636191368e-05,46,ok
BPIC2020_rfp,inductive_noise20,activity_frequency_gradual,0.1,voidmass_deficit_upper,2.730032429099083e-05,46,ok
BPIC2020_rfp,inductive_noise20,activity_frequency_gradual,0.1,voidmass_movecount,3.2700132578611374e-05,46,ok
BPIC2020_rfp,inductive_noise20,activity_frequency_gradual,0.1,voidmass_movecount_bound,2.930033951997757e-05,46,ok
BPIC2020_rfp,inductive_noise20,activity_frequency_gradual,0.1,voidmass_process_lower,2.4699140340089798e-05,46,ok
BPIC2020_rfp,inductive_noise20,activity_frequency_gradual,0.1,voidmass_process_upper,2.4198554456233978e-05,46,ok
BPIC2020_rfp,inductive_noise20,activity_frequency_gradual,0.1,voidsalign3,0.0055379001423709094,46,ok
BPIC2020_rfp,inductive_noise20,activity_frequency_gradual,0.1,voidsat2,1.0361380996182539,46,ok
BPIC2020_rfp,inductive_noise20,activity_frequency_gradual,0.1,weight_voidage,0.0002738996408879757,46,ok
BPIC2020_rfp,inductive_noise20,activity_frequency_gradual,0.2,aligned_duration_cache,5.773644300177693,1,ok
BPIC2020_rfp,inductive_noise20,activity_frequency_gradual,0.2,alignment_coverage_pn2_lower,0.008319000713526044,46,ok
BPIC2020_rfp,inductive_noise20,activity_frequency_gradual,0.2,alignment_coverage_pn2_upper,0.003408998716622005,46,ok
BPIC2020_rfp,inductive_noise20,activity_frequency_gradual,0.2,classical,2.40261510014534,1,ok
BPIC2020_rfp,inductive_noise20,activity_frequency_gradual,0.2,dv,8.536700599826872,1,ok
BPIC2020_rfp,inductive_noise20,activity_frequency_gradual,0.2,executions_cache,1.950003206729889e-05,1,ok
BPIC2020_rfp,inductive_noise20,activity_frequency_gradual,0.2,matchprob,2.340134233236313e-05,46,ok
BPIC2020_rfp,inductive_noise20,activity_frequency_gradual,0.2,mean_leaf_skipprob,1.29002146422863e-05,1,ok
BPIC2020_rfp,inductive_noise20,activity_frequency_gradual,0.2,salign_coverage,0.00786179956048624,46,ok
BPIC2020_rfp,inductive_noise20,activity_frequency_gradual,0.2,skipprob,2.3801345378160477e-05,46,ok
BPIC2020_rfp,inductive_noise20,activity_frequency_gradual,0.2,traces,5.773597500286996,1,ok
BPIC2020_rfp,inductive_noise20,activity_frequency_gradual,0.2,voidmass_deficit_lower,6.829993799328804e-05,46,ok
BPIC2020_rfp,inductive_noise20,activity_frequency_gradual,0.2,voidmass_deficit_upper,2.5700777769088745e-05,46,ok
BPIC2020_rfp,inductive_noise20,activity_frequency_gradual,0.2,voidmass_movecount,2.4898909032344818e-05,46,ok
BPIC2020_rfp,inductive_noise20,activity_frequency_gradual,0.2,voidmass_movecount_bound,2.529798075556755e-05,46,ok
BPIC2020_rfp,inductive_noise20,activity_frequency_gradual,0.2,voidmass_process_lower,2.3700762540102005e-05,46,ok
BPIC2020_rfp,inductive_noise20,activity_frequency_gradual,0.2,voidmass_process_upper,2.2798776626586914e-05,46,ok
BPIC2020_rfp,inductive_noise20,activity_frequency_gradual,0.2,voidsalign3,0.0035247006453570057,46,ok
BPIC2020_rfp,inductive_noise20,activity_frequency_gradual,0.2,voidsat2,0.9003582000732402,46,ok
BPIC2020_rfp,inductive_noise20,activity_frequency_gradual,0.2,weight_voidage,0.00024129962548613548,46,ok
BPIC2020_rfp,inductive_noise20,activity_frequency_gradual,0.3,aligned_duration_cache,5.598424999974668,1,ok
BPIC2020_rfp,inductive_noise20,activity_frequency_gradual,0.3,alignment_coverage_pn2_lower,0.006644699722526938,46,ok
BPIC2020_rfp,inductive_noise20,activity_frequency_gradual,0.3,alignment_coverage_pn2_upper,0.0021257982589302413,46,ok
BPIC2020_rfp,inductive_noise20,activity_frequency_gradual,0.3,classical,2.024656099732965,1,ok
BPIC2020_rfp,inductive_noise20,activity_frequency_gradual,0.3,dv,7.919424300082028,1,ok
BPIC2020_rfp,inductive_noise20,activity_frequency_gradual,0.3,executions_cache,1.4800112694501877e-05,1,ok
BPIC2020_rfp,inductive_noise20,activity_frequency_gradual,0.3,matchprob,3.840029239654541e-05,46,ok
BPIC2020_rfp,inductive_noise20,activity_frequency_gradual,0.3,mean_leaf_skipprob,2.0100269466638565e-05,1,ok
BPIC2020_rfp,inductive_noise20,activity_frequency_gradual,0.3,salign_coverage,0.006415398791431274,46,ok
BPIC2020_rfp,inductive_noise20,activity_frequency_gradual,0.3,skipprob,3.549829125404358e-05,46,ok
BPIC2020_rfp,inductive_noise20,activity_frequency_gradual,0.3,traces,5.598377899732441,1,ok
BPIC2020_rfp,inductive_noise20,activity_frequency_gradual,0.3,voidmass_deficit_lower,0.00012539885938167572,46,ok
BPIC2020_rfp,inductive_noise20,activity_frequency_gradual,0.3,voidmass_deficit_upper,4.579871892929077e-05,46,ok
BPIC2020_rfp,inductive_noise20,activity_frequency_gradual,0.3,voidmass_movecount,4.649907350540161e-05,46,ok
BPIC2020_rfp,inductive_noise20,activity_frequency_gradual,0.3,voidmass_movecount_bound,4.130043089389801e-05,46,ok
BPIC2020_rfp,inductive_noise20,activity_frequency_gradual,0.3,voidmass_process_lower,4.249950870871544e-05,46,ok
BPIC2020_rfp,inductive_noise20,activity_frequency_gradual,0.3,voidmass_process_upper,3.310060128569603e-05,46,ok
BPIC2020_rfp,inductive_noise20,activity_frequency_gradual,0.3,voidsalign3,0.0022177975624796905,46,ok
BPIC2020_rfp,inductive_noise20,activity_frequency_gradual,0.3,voidsat2,1.2571129999123494,46,ok
BPIC2020_rfp,inductive_noise20,activity_frequency_gradual,0.3,weight_voidage,0.0004171994514763355,46,ok
BPIC2020_rfp,inductive_noise20,activity_frequency_gradual,0.4,aligned_duration_cache,6.155130099970847,1,ok
BPIC2020_rfp,inductive_noise20,activity_frequency_gradual,0.4,alignment_coverage_pn2_lower,0.006501898169516203,46,ok
BPIC2020_rfp,inductive_noise20,activity_frequency_gradual,0.4,alignment_coverage_pn2_upper,0.0019899974577126485,46,ok
BPIC2020_rfp,inductive_noise20,activity_frequency_gradual,0.4,classical,2.077096399851144,1,ok
BPIC2020_rfp,inductive_noise20,activity_frequency_gradual,0.4,dv,8.441190700046718,1,ok
BPIC2020_rfp,inductive_noise20,activity_frequency_gradual,0.4,executions_cache,1.509999856352806e-05,1,ok
BPIC2020_rfp,inductive_noise20,activity_frequency_gradual,0.4,matchprob,3.869924694299698e-05,46,ok
BPIC2020_rfp,inductive_noise20,activity_frequency_gradual,0.4,mean_leaf_skipprob,1.8700025975704197e-05,1,ok
BPIC2020_rfp,inductive_noise20,activity_frequency_gradual,0.4,salign_coverage,0.0065215984359369384,46,ok
BPIC2020_rfp,inductive_noise20,activity_frequency_gradual,0.4,skipprob,3.8899946957826614e-05,46,ok
BPIC2020_rfp,inductive_noise20,activity_frequency_gradual,0.4,traces,6.155082600191236,1,ok
BPIC2020_rfp,inductive_noise20,activity_frequency_gradual,0.4,voidmass_deficit_lower,0.0001300009898841381,46,ok
BPIC2020_rfp,inductive_noise20,activity_frequency_gradual,0.4,voidmass_deficit_upper,4.3400563299655914e-05,46,ok
BPIC2020_rfp,inductive_noise20,activity_frequency_gradual,0.4,voidmass_movecount,4.5998021960258484e-05,46,ok
BPIC2020_rfp,inductive_noise20,activity_frequency_gradual,0.4,voidmass_movecount_bound,4.3997541069984436e-05,46,ok
BPIC2020_rfp,inductive_noise20,activity_frequency_gradual,0.4,voidmass_process_lower,3.9699021726846695e-05,46,ok
BPIC2020_rfp,inductive_noise20,activity_frequency_gradual,0.4,voidmass_process_upper,3.440165892243385e-05,46,ok
BPIC2020_rfp,inductive_noise20,activity_frequency_gradual,0.4,voidsalign3,0.002197999972849761,46,ok
BPIC2020_rfp,inductive_noise20,activity_frequency_gradual,0.4,voidsat2,1.1166819990612544,46,ok
BPIC2020_rfp,inductive_noise20,activity_frequency_gradual,0.4,weight_voidage,0.00045389775186777115,46,ok
BPIC2020_rfp,inductive_noise20,activity_frequency_gradual,0.5,aligned_duration_cache,6.174840500112623,1,ok
BPIC2020_rfp,inductive_noise20,activity_frequency_gradual,0.5,alignment_coverage_pn2_lower,0.004518202040344197,46,ok
BPIC2020_rfp,inductive_noise20,activity_frequency_gradual,0.5,alignment_coverage_pn2_upper,0.0014180992729960558,46,ok
BPIC2020_rfp,inductive_noise20,activity_frequency_gradual,0.5,classical,2.3059507003054023,1,ok
BPIC2020_rfp,inductive_noise20,activity_frequency_gradual,0.5,dv,9.236351300030949,1,ok
BPIC2020_rfp,inductive_noise20,activity_frequency_gradual,0.5,executions_cache,2.0300038158893585e-05,1,ok
BPIC2020_rfp,inductive_noise20,activity_frequency_gradual,0.5,matchprob,3.3200252801179886e-05,46,ok
BPIC2020_rfp,inductive_noise20,activity_frequency_gradual,0.5,mean_leaf_skipprob,1.750001683831215e-05,1,ok
BPIC2020_rfp,inductive_noise20,activity_frequency_gradual,0.5,salign_coverage,0.004524000454693612,46,ok
BPIC2020_rfp,inductive_noise20,activity_frequency_gradual,0.5,skipprob,3.390014171600342e-05,46,ok
BPIC2020_rfp,inductive_noise20,activity_frequency_gradual,0.5,traces,6.174783899914473,1,ok
BPIC2020_rfp,inductive_noise20,activity_frequency_gradual,0.5,voidmass_deficit_lower,0.00010930188000202179,46,ok
BPIC2020_rfp,inductive_noise20,activity_frequency_gradual,0.5,voidmass_deficit_upper,4.250183701515198e-05,46,ok
BPIC2020_rfp,inductive_noise20,activity_frequency_gradual,0.5,voidmass_movecount,4.130275920033455e-05,46,ok
BPIC2020_rfp,inductive_noise20,activity_frequency_gradual,0.5,voidmass_movecount_bound,3.960169851779938e-05,46,ok
BPIC2020_rfp,inductive_noise20,activity_frequency_gradual,0.5,voidmass_process_lower,3.720168024301529e-05,46,ok
BPIC2020_rfp,inductive_noise20,activity_frequency_gradual,0.5,voidmass_process_upper,3.289896994829178e-05,46,ok
BPIC2020_rfp,inductive_noise20,activity_frequency_gradual,0.5,voidsalign3,0.0016718022525308005,46,ok
BPIC2020_rfp,inductive_noise20,activity_frequency_gradual,0.5,voidsat2,0.9261259986087661,46,ok
BPIC2020_rfp,inductive_noise20,activity_frequency_gradual,0.5,weight_voidage,0.00040209945291280746,46,ok
BPIC2020_rfp,inductive_noise20,activity_frequency_gradual,0.6,aligned_duration_cache,6.035484400112182,1,ok
BPIC2020_rfp,inductive_noise20,activity_frequency_gradual,0.6,alignment_coverage_pn2_lower,0.004710399080067316,46,ok
BPIC2020_rfp,inductive_noise20,activity_frequency_gradual,0.6,alignment_coverage_pn2_upper,0.0015049003995953201,46,ok
BPIC2020_rfp,inductive_noise20,activity_frequency_gradual,0.6,classical,1.9910398996435104,1,ok
BPIC2020_rfp,inductive_noise20,activity_frequency_gradual,0.6,dv,7.835320100188255,1,ok
BPIC2020_rfp,inductive_noise20,activity_frequency_gradual,0.6,executions_cache,1.3499986380338669e-05,1,ok
BPIC2020_rfp,inductive_noise20,activity_frequency_gradual,0.6,matchprob,3.589969128370285e-05,46,ok
BPIC2020_rfp,inductive_noise20,activity_frequency_gradual,0.6,mean_leaf_skipprob,1.7399899661540985e-05,1,ok
BPIC2020_rfp,inductive_noise20,activity_frequency_gradual,0.6,salign_coverage,0.004799899179487887,46,ok
BPIC2020_rfp,inductive_noise20,activity_frequency_gradual,0.6,skipprob,3.629922866821289e-05,46,ok
BPIC2020_rfp,inductive_noise20,activity_frequency_gradual,0.6,traces,6.035432999953628,1,ok
BPIC2020_rfp,inductive_noise20,activity_frequency_gradual,0.6,voidmass_deficit_lower,0.00011410051956772804,46,ok
BPIC2020_rfp,inductive_noise20,activity_frequency_gradual,0.6,voidmass_deficit_upper,4.130089655518532e-05,46,ok
BPIC2020_rfp,inductive_noise20,activity_frequency_gradual,0.6,voidmass_movecount,4.380103200674057e-05,46,ok
BPIC2020_rfp,inductive_noise20,activity_frequency_gradual,0.6,voidmass_movecount_bound,3.87006439268589e-05,46,ok
BPIC2020_rfp,inductive_noise20,activity_frequency_gradual,0.6,voidmass_process_lower,3.979960456490517e-05,46,ok
BPIC2020_rfp,inductive_noise20,activity_frequency_gradual,0.6,voidmass_process_upper,3.5200268030166626e-05,46,ok
BPIC2020_rfp,inductive_noise20,activity_frequency_gradual,0.6,voidsalign3,0.0017222999595103287,46,ok
BPIC2020_rfp,inductive_noise20,activity_frequency_gradual,0.6,voidsat2,0.8951447028666711,46,ok
BPIC2020_rfp,inductive_noise20,activity_frequency_gradual,0.6,weight_voidage,0.0004017995670437813,46,ok
BPIC2020_rfp,inductive_noise20,activity_frequency_gradual,0.7,aligned_duration_cache,5.890325400047004,1,ok
BPIC2020_rfp,inductive_noise20,activity_frequency_gradual,0.7,alignment_coverage_pn2_lower,0.01358669949695442,46,ok
BPIC2020_rfp,inductive_noise20,activity_frequency_gradual,0.7,alignment_coverage_pn2_upper,0.001130997668951652,46,ok
BPIC2020_rfp,inductive_noise20,activity_frequency_gradual,0.7,classical,2.0559874000027776,1,ok
BPIC2020_rfp,inductive_noise20,activity_frequency_gradual,0.7,dv,8.392853300087154,1,ok
BPIC2020_rfp,inductive_noise20,activity_frequency_gradual,0.7,executions_cache,1.950003206729889e-05,1,ok
BPIC2020_rfp,inductive_noise20,activity_frequency_gradual,0.7,matchprob,1.7797108739614487e-05,46,ok
BPIC2020_rfp,inductive_noise20,activity_frequency_gradual,0.7,mean_leaf_skipprob,1.1899974197149277e-05,1,ok
BPIC2020_rfp,inductive_noise20,activity_frequency_gradual,0.7,salign_coverage,0.0027296002954242805,46,ok
BPIC2020_rfp,inductive_noise20,activity_frequency_gradual,0.7,skipprob,2.0198989659547806e-05,46,ok
BPIC2020_rfp,inductive_noise20,activity_frequency_gradual,0.7,traces,5.8902624999172986,1,ok
BPIC2020_rfp,inductive_noise20,activity_frequency_gradual,0.7,voidmass_deficit_lower,5.1097944378852844e-05,46,ok
BPIC2020_rfp,inductive_noise20,activity_frequency_gradual,0.7,voidmass_deficit_upper,2.250121906399727e-05,46,ok
BPIC2020_rfp,inductive_noise20,activity_frequency_gradual,0.7,voidmass_movecount,2.3600179702043533e-05,46,ok
BPIC2020_rfp,inductive_noise20,activity_frequency_gradual,0.7,voidmass_movecount_bound,2.140086144208908e-05,46,ok
BPIC2020_rfp,inductive_noise20,activity_frequency_gradual,0.7,voidmass_process_lower,2.000061795115471e-05,46,ok
BPIC2020_rfp,inductive_noise20,activity_frequency_gradual,0.7,voidmass_process_upper,1.9900035113096237e-05,46,ok
BPIC2020_rfp,inductive_noise20,activity_frequency_gradual,0.7,voidsalign3,0.0011925008147953787,46,ok
BPIC2020_rfp,inductive_noise20,activity_frequency_gradual,0.7,voidsat2,0.5157156009227017,46,ok
BPIC2020_rfp,inductive_noise20,activity_frequency_gradual,0.7,weight_voidage,0.00019809836521744728,46,ok
BPIC2020_rfp,inductive_noise20,activity_frequency_gradual,0.8,aligned_duration_cache,5.652586200274527,1,ok
BPIC2020_rfp,inductive_noise20,activity_frequency_gradual,0.8,alignment_coverage_pn2_lower,0.0010018008761107193,46,ok
BPIC2020_rfp,inductive_noise20,activity_frequency_gradual,0.8,alignment_coverage_pn2_upper,0.0004329020157456398,46,ok
BPIC2020_rfp,inductive_noise20,activity_frequency_gradual,0.8,classical,1.733110100030899,1,ok
BPIC2020_rfp,inductive_noise20,activity_frequency_gradual,0.8,dv,7.002068800386041,1,ok
BPIC2020_rfp,inductive_noise20,activity_frequency_gradual,0.8,executions_cache,1.9399914890527725e-05,1,ok
BPIC2020_rfp,inductive_noise20,activity_frequency_gradual,0.8,matchprob,1.7000827938318253e-05,46,ok
BPIC2020_rfp,inductive_noise20,activity_frequency_gradual,0.8,mean_leaf_skipprob,1.0299962013959885e-05,1,ok
BPIC2020_rfp,inductive_noise20,activity_frequency_gradual,0.8,salign_coverage,0.0011719008907675385,46,ok
BPIC2020_rfp,inductive_noise20,activity_frequency_gradual,0.8,skipprob,1.909816637635231e-05,46,ok
BPIC2020_rfp,inductive_noise20,activity_frequency_gradual,0.8,traces,5.652524299919605,1,ok
BPIC2020_rfp,inductive_noise20,activity_frequency_gradual,0.8,voidmass_deficit_lower,5.079945549368858e-05,46,ok
BPIC2020_rfp,inductive_noise20,activity_frequency_gradual,0.8,voidmass_deficit_upper,2.110004425048828e-05,46,ok
BPIC2020_rfp,inductive_noise20,activity_frequency_gradual,0.8,voidmass_movecount,2.189958468079567e-05,46,ok
BPIC2020_rfp,inductive_noise20,activity_frequency_gradual,0.8,voidmass_movecount_bound,2.0300038158893585e-05,46,ok
BPIC2020_rfp,inductive_noise20,activity_frequency_gradual,0.8,voidmass_process_lower,1.919921487569809e-05,46,ok
BPIC2020_rfp,inductive_noise20,activity_frequency_gradual,0.8,voidmass_process_upper,1.8100719898939133e-05,46,ok
BPIC2020_rfp,inductive_noise20,activity_frequency_gradual,0.8,voidsalign3,0.0005339006893336773,46,ok
BPIC2020_rfp,inductive_noise20,activity_frequency_gradual,0.8,voidsat2,0.3988677002489543,46,ok
BPIC2020_rfp,inductive_noise20,activity_frequency_gradual,0.8,weight_voidage,0.00018989713862538338,46,ok
BPIC2020_rfp,inductive_noise20,activity_frequency_gradual,0.9,aligned_duration_cache,2.902017999906093,1,ok
BPIC2020_rfp,inductive_noise20,activity_frequency_gradual,0.9,alignment_coverage_pn2_lower,0.000794399064034153,46,ok
BPIC2020_rfp,inductive_noise20,activity_frequency_gradual,0.9,alignment_coverage_pn2_upper,0.00031770113855600357,46,ok
BPIC2020_rfp,inductive_noise20,activity_frequency_gradual,0.9,classical,0.8965170001611114,1,ok
BPIC2020_rfp,inductive_noise20,activity_frequency_gradual,0.9,dv,6.33681369991973,1,ok
BPIC2020_rfp,inductive_noise20,activity_frequency_gradual,0.9,executions_cache,1.6099773347377777e-05,1,ok
BPIC2020_rfp,inductive_noise20,activity_frequency_gradual,0.9,matchprob,2.360064536333084e-05,46,ok
BPIC2020_rfp,inductive_noise20,activity_frequency_gradual,0.9,mean_leaf_skipprob,1.0500196367502213e-05,1,ok
BPIC2020_rfp,inductive_noise20,activity_frequency_gradual,0.9,salign_coverage,0.001035298220813236,46,ok
BPIC2020_rfp,inductive_noise20,activity_frequency_gradual,0.9,skipprob,2.6399735361337662e-05,46,ok
BPIC2020_rfp,inductive_noise20,activity_frequency_gradual,0.9,traces,2.9019639999605715,1,ok
BPIC2020_rfp,inductive_noise20,activity_frequency_gradual,0.9,voidmass_deficit_lower,6.670039147138596e-05,46,ok
BPIC2020_rfp,inductive_noise20,activity_frequency_gradual,0.9,voidmass_deficit_upper,2.6099849492311478e-05,46,ok
BPIC2020_rfp,inductive_noise20,activity_frequency_gradual,0.9,voidmass_movecount,2.670101821422577e-05,46,ok
BPIC2020_rfp,inductive_noise20,activity_frequency_gradual,0.9,voidmass_movecount_bound,2.3999717086553574e-05,46,ok
BPIC2020_rfp,inductive_noise20,activity_frequency_gradual,0.9,voidmass_process_lower,2.429913729429245e-05,46,ok
BPIC2020_rfp,inductive_noise20,activity_frequency_gradual,0.9,voidmass_process_upper,2.329982817173004e-05,46,ok
BPIC2020_rfp,inductive_noise20,activity_frequency_gradual,0.9,voidsalign3,0.00044059986248612404,46,ok
BPIC2020_rfp,inductive_noise20,activity_frequency_gradual,0.9,voidsat2,0.2389022996649121,46,ok
BPIC2020_rfp,inductive_noise20,activity_frequency_gradual,0.9,weight_voidage,0.00024469709023833275,46,ok
BPIC2020_rfp,inductive_noise20,activity_gradual,0.1,aligned_duration_cache,5.959200700279325,1,ok
BPIC2020_rfp,inductive_noise20,activity_gradual,0.1,alignment_coverage_pn2_lower,0.0319208996370412,46,ok
BPIC2020_rfp,inductive_noise20,activity_gradual,0.1,alignment_coverage_pn2_upper,0.014298601541666036,46,ok
BPIC2020_rfp,inductive_noise20,activity_gradual,0.1,classical,832.0932325003669,1,ok
BPIC2020_rfp,inductive_noise20,activity_gradual,0.1,dv,11.049000799655914,1,ok
BPIC2020_rfp,inductive_noise20,activity_gradual,0.1,executions_cache,1.4299992471933363e-05,1,ok
BPIC2020_rfp,inductive_noise20,activity_gradual,0.1,matchprob,3.549829125404358e-05,46,ok
BPIC2020_rfp,inductive_noise20,activity_gradual,0.1,mean_leaf_skipprob,1.5799887478351593e-05,1,ok
BPIC2020_rfp,inductive_noise20,activity_gradual,0.1,salign_coverage,0.032078399322925,46,ok
BPIC2020_rfp,inductive_noise20,activity_gradual,0.1,skipprob,3.479840233922005e-05,46,ok
BPIC2020_rfp,inductive_noise20,activity_gradual,0.1,traces,5.959150600247085,1,ok
BPIC2020_rfp,inductive_noise20,activity_gradual,0.1,voidmass_deficit_lower,0.00010859919711947441,46,ok
BPIC2020_rfp,inductive_noise20,activity_gradual,0.1,voidmass_deficit_upper,3.9798207581043243e-05,46,ok
BPIC2020_rfp,inductive_noise20,activity_gradual,0.1,voidmass_movecount,4.2798928916454315e-05,46,ok
BPIC2020_rfp,inductive_noise20,activity_gradual,0.1,voidmass_movecount_bound,3.3900607377290726e-05,46,ok
BPIC2020_rfp,inductive_noise20,activity_gradual,0.1,voidmass_process_lower,3.7400983273983e-05,46,ok
BPIC2020_rfp,inductive_noise20,activity_gradual,0.1,voidmass_process_upper,2.8801150619983673e-05,46,ok
BPIC2020_rfp,inductive_noise20,activity_gradual,0.1,voidsalign3,0.0147491008974584,46,ok
BPIC2020_rfp,inductive_noise20,activity_gradual,0.1,voidsat2,1.3954756995663025,46,ok
BPIC2020_rfp,inductive_noise20,activity_gradual,0.1,weight_voidage,0.00034200074151158333,46,ok
BPIC2020_rfp,inductive_noise20,activity_gradual,0.2,aligned_duration_cache,5.9725137003697455,1,ok
BPIC2020_rfp,inductive_noise20,activity_gradual,0.2,alignment_coverage_pn2_lower,0.0337033993564525,46,ok
BPIC2020_rfp,inductive_noise20,activity_gradual,0.2,alignment_coverage_pn2_upper,0.014618901070205,46,ok
BPIC2020_rfp,inductive_noise20,activity_gradual,0.2,classical,732.7643941002898,1,ok
BPIC2020_rfp,inductive_noise20,activity_gradual,0.2,dv,12.042320900131015,1,ok
BPIC2020_rfp,inductive_noise20,activity_gradual,0.2,executions_cache,1.5700235962867737e-05,1,ok
BPIC2020_rfp,inductive_noise20,activity_gradual,0.2,matchprob,3.3799558877944946e-05,46,ok
BPIC2020_rfp,inductive_noise20,activity_gradual,0.2,mean_leaf_skipprob,1.3499986380338669e-05,1,ok
BPIC2020_rfp,inductive_noise20,activity_gradual,0.2,salign_coverage,0.0951339998282472,46,ok
BPIC2020_rfp,inductive_noise20,activity_gradual,0.2,skipprob,3.30987386405468e-05,46,ok
BPIC2020_rfp,inductive_noise20,activity_gradual,0.2,traces,5.972465999890119,1,ok
BPIC2020_rfp,inductive_noise20,activity_gradual,0.2,voidmass_deficit_lower,0.00011500157415866852,46,ok
BPIC2020_rfp,inductive_noise20,activity_gradual,0.2,voidmass_deficit_upper,3.8499943912029266e-05,46,ok
BPIC2020_rfp,inductive_noise20,activity_gradual,0.2,voidmass_movecount,4.289858043193817e-05,46,ok
BPIC2020_rfp,inductive_noise20,activity_gradual,0.2,voidmass_movecount_bound,3.5501085221767426e-05,46,ok
BPIC2020_rfp,inductive_noise20,activity_gradual,0.2,voidmass_process_lower,4.1599851101636887e-05,46,ok
BPIC2020_rfp,inductive_noise20,activity_gradual,0.2,voidmass_process_upper,3.1599774956703186e-05,46,ok
BPIC2020_rfp,inductive_noise20,activity_gradual,0.2,voidsalign3,0.015333199873564466,46,ok
BPIC2020_rfp,inductive_noise20,activity_gradual,0.2,voidsat2,1.3840295975096504,46,ok
BPIC2020_rfp,inductive_noise20,activity_gradual,0.2,weight_voidage,0.00037029990926384926,46,ok
BPIC2020_rfp,inductive_noise20,activity_gradual,0.3,aligned_duration_cache,6.078093899879605,1,ok
BPIC2020_rfp,inductive_noise20,activity_gradual,0.3,alignment_coverage_pn2_lower,0.0365556981414533,46,ok
BPIC2020_rfp,inductive_noise20,activity_gradual,0.3,alignment_coverage_pn2_upper,0.0155325992964183,46,ok
BPIC2020_rfp,inductive_noise20,activity_gradual,0.3,classical,662.2047898997553,1,ok
BPIC2020_rfp,inductive_noise20,activity_gradual,0.3,dv,11.616250400431454,1,ok
BPIC2020_rfp,inductive_noise20,activity_gradual,0.3,executions_cache,1.5900004655122757e-05,1,ok
BPIC2020_rfp,inductive_noise20,activity_gradual,0.3,matchprob,2.8100796043872833e-05,46,ok
BPIC2020_rfp,inductive_noise20,activity_gradual,0.3,mean_leaf_skipprob,1.2699980288743973e-05,1,ok
BPIC2020_rfp,inductive_noise20,activity_gradual,0.3,salign_coverage,0.0319622009992575,46,ok
BPIC2020_rfp,inductive_noise20,activity_gradual,0.3,skipprob,2.7999281883239746e-05,46,ok
BPIC2020_rfp,inductive_noise20,activity_gradual,0.3,traces,6.078043399844319,1,ok
BPIC2020_rfp,inductive_noise20,activity_gradual,0.3,voidmass_deficit_lower,9.509967640042305e-05,46,ok
BPIC2020_rfp,inductive_noise20,activity_gradual,0.3,voidmass_deficit_upper,3.260048106312752e-05,46,ok
BPIC2020_rfp,inductive_noise20,activity_gradual,0.3,voidmass_movecount,3.7097837775945663e-05,46,ok
BPIC2020_rfp,inductive_noise20,activity_gradual,0.3,voidmass_movecount_bound,3.0300114303827286e-05,46,ok
BPIC2020_rfp,inductive_noise20,activity_gradual,0.3,voidmass_process_lower,3.5800039768218994e-05,46,ok
BPIC2020_rfp,inductive_noise20,activity_gradual,0.3,voidmass_process_upper,2.700136974453926e-05,46,ok
BPIC2020_rfp,inductive_noise20,activity_gradual,0.3,voidsalign3,0.0151156005449568,46,ok
BPIC2020_rfp,inductive_noise20,activity_gradual,0.3,voidsat2,1.254823498893527,46,ok
BPIC2020_rfp,inductive_noise20,activity_gradual,0.3,weight_voidage,0.0002927989698946476,46,ok
BPIC2020_rfp,inductive_noise20,activity_gradual,0.4,aligned_duration_cache,5.865752900019288,1,ok
BPIC2020_rfp,inductive_noise20,activity_gradual,0.4,alignment_coverage_pn2_lower,0.0257424009032522,46,ok
BPIC2020_rfp,inductive_noise20,activity_gradual,0.4,alignment_coverage_pn2_upper,0.01051880046725105,46,ok
BPIC2020_rfp,inductive_noise20,activity_gradual,0.4,classical,26.815987800247967,1,ok
BPIC2020_rfp,inductive_noise20,activity_gradual,0.4,dv,10.753608800005168,1,ok
BPIC2020_rfp,inductive_noise20,activity_gradual,0.4,executions_cache,1.5599653124809265e-05,1,ok
BPIC2020_rfp,inductive_noise20,activity_gradual,0.4,matchprob,3.1499192118644714e-05,46,ok
BPIC2020_rfp,inductive_noise20,activity_gradual,0.4,mean_leaf_skipprob,1.2600328773260117e-05,1,ok
BPIC2020_rfp,inductive_noise20,activity_gradual,0.4,salign_coverage,0.0218043010681846,46,ok
BPIC2020_rfp,inductive_noise20,activity_gradual,0.4,skipprob,2.8901733458042145e-05,46,ok
BPIC2020_rfp,inductive_noise20,activity_gradual,0.4,traces,5.865697899833322,1,ok
BPIC2020_rfp,inductive_noise20,activity_gradual,0.4,voidmass_deficit_lower,9.349919855594635e-05,46,ok
BPIC2020_rfp,inductive_noise20,activity_gradual,0.4,voidmass_deficit_upper,3.489851951599121e-05,46,ok
BPIC2020_rfp,inductive_noise20,activity_gradual,0.4,voidmass_movecount,3.9701350033283234e-05,46,ok
BPIC2020_rfp,inductive_noise20,activity_gradual,0.4,voidmass_movecount_bound,3.1400006264448166e-05,46,ok
BPIC2020_rfp,inductive_noise20,activity_gradual,0.4,voidmass_process_lower,3.639841452240944e-05,46,ok
BPIC2020_rfp,inductive_noise20,activity_gradual,0.4,voidmass_process_upper,2.970220521092415e-05,46,ok
BPIC2020_rfp,inductive_noise20,activity_gradual,0.4,voidsalign3,0.009213299490510543,46,ok
BPIC2020_rfp,inductive_noise20,activity_gradual,0.4,voidsat2,1.0705303009599425,46,ok
BPIC2020_rfp,inductive_noise20,activity_gradual,0.4,weight_voidage,0.00031380075961351395,46,ok
BPIC2020_rfp,inductive_noise20,activity_gradual,0.5,aligned_duration_cache,6.701636900193989,1,ok
BPIC2020_rfp,inductive_noise20,activity_gradual,0.5,alignment_coverage_pn2_lower,0.0151165993884185,46,ok
BPIC2020_rfp,inductive_noise20,activity_gradual,0.5,alignment_coverage_pn2_upper,0.005429998971521266,46,ok
BPIC2020_rfp,inductive_noise20,activity_gradual,0.5,classical,3.2898527001962066,1,ok
BPIC2020_rfp,inductive_noise20,activity_gradual,0.5,dv,10.662493200041354,1,ok
BPIC2020_rfp,inductive_noise20,activity_gradual,0.5,executions_cache,2.459995448589325e-05,1,ok
BPIC2020_rfp,inductive_noise20,activity_gradual,0.5,matchprob,2.8199981898069382e-05,46,ok
BPIC2020_rfp,inductive_noise20,activity_gradual,0.5,mean_leaf_skipprob,1.4999881386756895e-05,1,ok
BPIC2020_rfp,inductive_noise20,activity_gradual,0.5,salign_coverage,0.0145855997689045,46,ok
BPIC2020_rfp,inductive_noise20,activity_gradual,0.5,skipprob,3.1000468879938126e-05,46,ok
BPIC2020_rfp,inductive_noise20,activity_gradual,0.5,traces,6.701572500169277,1,ok
BPIC2020_rfp,inductive_noise20,activity_gradual,0.5,voidmass_deficit_lower,9.660143405199051e-05,46,ok
BPIC2020_rfp,inductive_noise20,activity_gradual,0.5,voidmass_deficit_upper,3.4100376069545746e-05,46,ok
BPIC2020_rfp,inductive_noise20,activity_gradual,0.5,voidmass_movecount,3.6600977182388306e-05,46,ok
BPIC2020_rfp,inductive_noise20,activity_gradual,0.5,voidmass_movecount_bound,3.3000484108924866e-05,46,ok
BPIC2020_rfp,inductive_noise20,activity_gradual,0.5,voidmass_process_lower,3.6302488297224045e-05,46,ok
BPIC2020_rfp,inductive_noise20,activity_gradual,0.5,voidmass_process_upper,2.9099173843860626e-05,46,ok
BPIC2020_rfp,inductive_noise20,activity_gradual,0.5,voidsalign3,0.005993298720567508,46,ok
BPIC2020_rfp,inductive_noise20,activity_gradual,0.5,voidsat2,1.0370881981216347,46,ok
BPIC2020_rfp,inductive_noise20,activity_gradual,0.5,weight_voidage,0.00031490297988057137,46,ok
BPIC2020_rfp,inductive_noise20,activity_gradual,0.6,aligned_duration_cache,5.396020799875259,1,ok
BPIC2020_rfp,inductive_noise20,activity_gradual,0.6,alignment_coverage_pn2_lower,0.05051800049841236,46,ok
BPIC2020_rfp,inductive_noise20,activity_gradual,0.6,alignment_coverage_pn2_upper,0.0035258010029787096,46,ok
BPIC2020_rfp,inductive_noise20,activity_gradual,0.6,classical,2.212417900096625,1,ok
BPIC2020_rfp,inductive_noise20,activity_gradual,0.6,dv,8.604696199763566,1,ok
BPIC2020_rfp,inductive_noise20,activity_gradual,0.6,executions_cache,1.7199665307998657e-05,1,ok
BPIC2020_rfp,inductive_noise20,activity_gradual,0.6,matchprob,2.4599488824605942e-05,46,ok
BPIC2020_rfp,inductive_noise20,activity_gradual,0.6,mean_leaf_skipprob,1.2599863111972809e-05,1,ok
BPIC2020_rfp,inductive_noise20,activity_gradual,0.6,salign_coverage,0.008852300234137635,46,ok
BPIC2020_rfp,inductive_noise20,activity_gradual,0.6,skipprob,3.050081431865692e-05,46,ok
BPIC2020_rfp,inductive_noise20,activity_gradual,0.6,traces,5.395973099861294,1,ok
BPIC2020_rfp,inductive_noise20,activity_gradual,0.6,voidmass_deficit_lower,7.769744843244553e-05,46,ok
BPIC2020_rfp,inductive_noise20,activity_gradual,0.6,voidmass_deficit_upper,2.8600916266441345e-05,46,ok
BPIC2020_rfp,inductive_noise20,activity_gradual,0.6,voidmass_movecount,2.9799994081258774e-05,46,ok
BPIC2020_rfp,inductive_noise20,activity_gradual,0.6,voidmass_movecount_bound,2.6601366698741913e-05,46,ok
BPIC2020_rfp,inductive_noise20,activity_gradual,0.6,voidmass_process_lower,2.9000453650951385e-05,46,ok
BPIC2020_rfp,inductive_noise20,activity_gradual,0.6,voidmass_process_upper,2.4601351469755173e-05,46,ok
BPIC2020_rfp,inductive_noise20,activity_gradual,0.6,voidsalign3,0.003734599333255943,46,ok
BPIC2020_rfp,inductive_noise20,activity_gradual,0.6,voidsat2,0.8050516997463977,46,ok
BPIC2020_rfp,inductive_noise20,activity_gradual,0.6,weight_voidage,0.0002641994506120682,46,ok
BPIC2020_rfp,inductive_noise20,activity_gradual,0.7,aligned_duration_cache,5.208150600083172,1,ok
BPIC2020_rfp,inductive_noise20,activity_gradual,0.7,alignment_coverage_pn2_lower,0.0049218977801493554,46,ok
BPIC2020_rfp,inductive_noise20,activity_gradual,0.7,alignment_coverage_pn2_upper,0.0016369004733860376,46,ok
BPIC2020_rfp,inductive_noise20,activity_gradual,0.7,classical,1.9956661998294292,1,ok
BPIC2020_rfp,inductive_noise20,activity_gradual,0.7,dv,8.148348100017756,1,ok
BPIC2020_rfp,inductive_noise20,activity_gradual,0.7,executions_cache,1.509999856352806e-05,1,ok
BPIC2020_rfp,inductive_noise20,activity_gradual,0.7,matchprob,2.9599759727716446e-05,46,ok
BPIC2020_rfp,inductive_noise20,activity_gradual,0.7,mean_leaf_skipprob,1.5399884432554245e-05,1,ok
BPIC2020_rfp,inductive_noise20,activity_gradual,0.7,salign_coverage,0.005397099535911562,46,ok
BPIC2020_rfp,inductive_noise20,activity_gradual,0.7,skipprob,2.890033647418022e-05,46,ok
BPIC2020_rfp,inductive_noise20,activity_gradual,0.7,traces,5.208101599942893,1,ok
BPIC2020_rfp,inductive_noise20,activity_gradual,0.7,voidmass_deficit_lower,8.149957284331322e-05,46,ok
BPIC2020_rfp,inductive_noise20,activity_gradual,0.7,voidmass_deficit_upper,3.200210630893707e-05,46,ok
BPIC2020_rfp,inductive_noise20,activity_gradual,0.7,voidmass_movecount,3.0399765819311142e-05,46,ok
BPIC2020_rfp,inductive_noise20,activity_gradual,0.7,voidmass_movecount_bound,3.479979932308197e-05,46,ok
BPIC2020_rfp,inductive_noise20,activity_gradual,0.7,voidmass_process_lower,3.120116889476776e-05,46,ok
BPIC2020_rfp,inductive_noise20,activity_gradual,0.7,voidmass_process_upper,2.790149301290512e-05,46,ok
BPIC2020_rfp,inductive_noise20,activity_gradual,0.7,voidsalign3,0.0019909976981579533,46,ok
BPIC2020_rfp,inductive_noise20,activity_gradual,0.7,voidsat2,0.768787300214169,46,ok
BPIC2020_rfp,inductive_noise20,activity_gradual,0.7,weight_voidage,0.000311901792883873,46,ok
BPIC2020_rfp,inductive_noise20,activity_gradual,0.8,aligned_duration_cache,5.424346100073308,1,ok
BPIC2020_rfp,inductive_noise20,activity_gradual,0.8,alignment_coverage_pn2_lower,0.001790997572243195,46,ok
BPIC2020_rfp,inductive_noise20,activity_gradual,0.8,alignment_coverage_pn2_upper,0.0006909007206559181,46,ok
BPIC2020_rfp,inductive_noise20,activity_gradual,0.8,classical,1.7759496001526711,1,ok
BPIC2020_rfp,inductive_noise20,activity_gradual,0.8,dv,7.827097400091588,1,ok
BPIC2020_rfp,inductive_noise20,activity_gradual,0.8,executions_cache,1.950003206729889e-05,1,ok
BPIC2020_rfp,inductive_noise20,activity_gradual,0.8,matchprob,2.3399479687213898e-05,46,ok
BPIC2020_rfp,inductive_noise20,activity_gradual,0.8,mean_leaf_skipprob,1.3599637895822523e-05,1,ok
BPIC2020_rfp,inductive_noise20,activity_gradual,0.8,salign_coverage,0.0024302997626363936,46,ok
BPIC2020_rfp,inductive_noise20,activity_gradual,0.8,skipprob,2.2299587726593018e-05,46,ok
BPIC2020_rfp,inductive_noise20,activity_gradual,0.8,traces,5.424300700426102,1,ok
BPIC2020_rfp,inductive_noise20,activity_gradual,0.8,voidmass_deficit_lower,5.689729005098343e-05,46,ok
BPIC2020_rfp,inductive_noise20,activity_gradual,0.8,voidmass_deficit_upper,2.1799933165311813e-05,46,ok
BPIC2020_rfp,inductive_noise20,activity_gradual,0.8,voidmass_movecount,2.570217475295067e-05,46,ok
BPIC2020_rfp,inductive_noise20,activity_gradual,0.8,voidmass_movecount_bound,2.2798776626586914e-05,46,ok
BPIC2020_rfp,inductive_noise20,activity_gradual,0.8,voidmass_process_lower,2.2398773580789566e-05,46,ok
BPIC2020_rfp,inductive_noise20,activity_gradual,0.8,voidmass_process_upper,1.9201543182134628e-05,46,ok
BPIC2020_rfp,inductive_noise20,activity_gradual,0.8,voidsalign3,0.0009657000191509444,46,ok
BPIC2020_rfp,inductive_noise20,activity_gradual,0.8,voidsat2,0.4560071998275789,46,ok
BPIC2020_rfp,inductive_noise20,activity_gradual,0.8,weight_voidage,0.00023050140589475632,46,ok
BPIC2020_rfp,inductive_noise20,activity_gradual,0.9,aligned_duration_cache,4.818609199952334,1,ok
BPIC2020_rfp,inductive_noise20,activity_gradual,0.9,alignment_coverage_pn2_lower,0.0009705997072159625,46,ok
BPIC2020_rfp,inductive_noise20,activity_gradual,0.9,alignment_coverage_pn2_upper,0.00033019762486219406,46,ok
BPIC2020_rfp,inductive_noise20,activity_gradual,0.9,classical,1.558549799956381,1,ok
BPIC2020_rfp,inductive_noise20,activity_gradual,0.9,dv,7.009630100335926,1,ok
BPIC2020_rfp,inductive_noise20,activity_gradual,0.9,executions_cache,1.8999911844730377e-05,1,ok
BPIC2020_rfp,inductive_noise20,activity_gradual,0.9,matchprob,3.780098631978035e-05,46,ok
BPIC2020_rfp,inductive_noise20,activity_gradual,0.9,mean_leaf_skipprob,2.0800158381462097e-05,1,ok
BPIC2020_rfp,inductive_noise20,activity_gradual,0.9,salign_coverage,0.001439398154616299,46,ok
BPIC2020_rfp,inductive_noise20,activity_gradual,0.9,skipprob,3.5198405385017395e-05,46,ok
BPIC2020_rfp,inductive_noise20,activity_gradual,0.9,traces,4.818553499877453,1,ok
BPIC2020_rfp,inductive_noise20,activity_gradual,0.9,voidmass_deficit_lower,0.00010179728269577026,46,ok
BPIC2020_rfp,inductive_noise20,activity_gradual,0.9,voidmass_deficit_upper,4.00003045797348e-05,46,ok
BPIC2020_rfp,inductive_noise20,activity_gradual,0.9,voidmass_movecount,4.0401238948106766e-05,46,ok
BPIC2020_rfp,inductive_noise20,activity_gradual,0.9,voidmass_movecount_bound,3.8899015635252e-05,46,ok
BPIC2020_rfp,inductive_noise20,activity_gradual,0.9,voidmass_process_lower,3.439979627728462e-05,46,ok
BPIC2020_rfp,inductive_noise20,activity_gradual,0.9,voidmass_process_upper,3.42000275850296e-05,46,ok
BPIC2020_rfp,inductive_noise20,activity_gradual,0.9,voidsalign3,0.0005517005920410156,46,ok
BPIC2020_rfp,inductive_noise20,activity_gradual,0.9,voidsat2,0.5211569000966823,46,ok
BPIC2020_rfp,inductive_noise20,activity_gradual,0.9,weight_voidage,0.0003972998820245266,46,ok
BPIC2020_rfp,inductive_noise20,trace,0.1,aligned_duration_cache,5.242594899609685,1,ok
BPIC2020_rfp,inductive_noise20,trace,0.1,alignment_coverage_pn2_lower,0.0254296991042768,46,ok
BPIC2020_rfp,inductive_noise20,trace,0.1,alignment_coverage_pn2_upper,0.011258399579671749,46,ok
BPIC2020_rfp,inductive_noise20,trace,0.1,classical,723.3983640000224,1,ok
BPIC2020_rfp,inductive_noise20,trace,0.1,dv,10.141206599771976,1,ok
BPIC2020_rfp,inductive_noise20,trace,0.1,executions_cache,1.71000137925148e-05,1,ok
BPIC2020_rfp,inductive_noise20,trace,0.1,matchprob,2.5500543415546417e-05,46,ok
BPIC2020_rfp,inductive_noise20,trace,0.1,mean_leaf_skipprob,1.1300202459096909e-05,1,ok
BPIC2020_rfp,inductive_noise20,trace,0.1,salign_coverage,0.0256693009287092,46,ok
BPIC2020_rfp,inductive_noise20,trace,0.1,skipprob,2.6699621230363846e-05,46,ok
BPIC2020_rfp,inductive_noise20,trace,0.1,traces,5.242546099703759,1,ok
BPIC2020_rfp,inductive_noise20,trace,0.1,voidmass_deficit_lower,8.640158921480179e-05,46,ok
BPIC2020_rfp,inductive_noise20,trace,0.1,voidmass_deficit_upper,2.8499402105808258e-05,46,ok
BPIC2020_rfp,inductive_noise20,trace,0.1,voidmass_movecount,3.300001844763756e-05,46,ok
BPIC2020_rfp,inductive_noise20,trace,0.1,voidmass_movecount_bound,2.450123429298401e-05,46,ok
BPIC2020_rfp,inductive_noise20,trace,0.1,voidmass_process_lower,3.1599774956703186e-05,46,ok
BPIC2020_rfp,inductive_noise20,trace,0.1,voidmass_process_upper,2.3100990802049637e-05,46,ok
BPIC2020_rfp,inductive_noise20,trace,0.1,voidsalign3,0.012311502359805796,46,ok
BPIC2020_rfp,inductive_noise20,trace,0.1,voidsat2,1.0482280021533348,46,ok
BPIC2020_rfp,inductive_noise20,trace,0.1,weight_voidage,0.0002808012068271637,46,ok
BPIC2020_rfp,inductive_noise20,trace,0.2,aligned_duration_cache,4.657901000231504,1,ok
BPIC2020_rfp,inductive_noise20,trace,0.2,alignment_coverage_pn2_lower,0.0229925010353306,46,ok
BPIC2020_rfp,inductive_noise20,trace,0.2,alignment_coverage_pn2_upper,0.01070259837433528,46,ok
BPIC2020_rfp,inductive_noise20,trace,0.2,classical,699.4540357999504,1,ok
BPIC2020_rfp,inductive_noise20,trace,0.2,dv,10.302728000096977,1,ok
BPIC2020_rfp,inductive_noise20,trace,0.2,executions_cache,1.5600118786096573e-05,1,ok
BPIC2020_rfp,inductive_noise20,trace,0.2,matchprob,2.029910683631897e-05,46,ok
BPIC2020_rfp,inductive_noise20,trace,0.2,mean_leaf_skipprob,1.1199619621038435e-05,1,ok
BPIC2020_rfp,inductive_noise20,trace,0.2,salign_coverage,0.0237673004157821,46,ok
BPIC2020_rfp,inductive_noise20,trace,0.2,skipprob,2.4100299924612045e-05,46,ok
BPIC2020_rfp,inductive_noise20,trace,0.2,traces,4.657855200115591,1,ok
BPIC2020_rfp,inductive_noise20,trace,0.2,voidmass_deficit_lower,8.370028808712959e-05,46,ok
BPIC2020_rfp,inductive_noise20,trace,0.2,voidmass_deficit_upper,2.5099609047174454e-05,46,ok
BPIC2020_rfp,inductive_noise20,trace,0.2,voidmass_movecount,2.8200913220643997e-05,46,ok
BPIC2020_rfp,inductive_noise20,trace,0.2,voidmass_movecount_bound,2.4100299924612045e-05,46,ok
BPIC2020_rfp,inductive_noise20,trace,0.2,voidmass_process_lower,2.510054036974907e-05,46,ok
BPIC2020_rfp,inductive_noise20,trace,0.2,voidmass_process_upper,2.0100269466638565e-05,46,ok
BPIC2020_rfp,inductive_noise20,trace,0.2,voidsalign3,0.011814297642556953,46,ok
BPIC2020_rfp,inductive_noise20,trace,0.2,voidsat2,0.8521589003503299,46,ok
BPIC2020_rfp,inductive_noise20,trace,0.2,weight_voidage,0.00022990116849541664,46,ok
BPIC2020_rfp,inductive_noise20,trace,0.3,aligned_duration_cache,4.0169580997899175,1,ok
BPIC2020_rfp,inductive_noise20,trace,0.3,alignment_coverage_pn2_lower,0.0211628987453853,46,ok
BPIC2020_rfp,inductive_noise20,trace,0.3,alignment_coverage_pn2_upper,0.009536901023237373,46,ok
BPIC2020_rfp,inductive_noise20,trace,0.3,classical,557.000929699745,1,ok
BPIC2020_rfp,inductive_noise20,trace,0.3,dv,11.012461400125176,1,ok
BPIC2020_rfp,inductive_noise20,trace,0.3,executions_cache,1.4500226825475693e-05,1,ok
BPIC2020_rfp,inductive_noise20,trace,0.3,matchprob,3.0300579965114594e-05,46,ok
BPIC2020_rfp,inductive_noise20,trace,0.3,mean_leaf_skipprob,1.2800097465515137e-05,1,ok
BPIC2020_rfp,inductive_noise20,trace,0.3,salign_coverage,0.0228431010618786,46,ok
BPIC2020_rfp,inductive_noise20,trace,0.3,skipprob,2.8397422283887863e-05,46,ok
BPIC2020_rfp,inductive_noise20,trace,0.3,traces,4.016907600220293,1,ok
BPIC2020_rfp,inductive_noise20,trace,0.3,voidmass_deficit_lower,8.83997417986393e-05,46,ok
BPIC2020_rfp,inductive_noise20,trace,0.3,voidmass_deficit_upper,3.0498486012220383e-05,46,ok
BPIC2020_rfp,inductive_noise20,trace,0.3,voidmass_movecount,3.609945997595787e-05,46,ok
BPIC2020_rfp,inductive_noise20,trace,0.3,voidmass_movecount_bound,2.6499852538108826e-05,46,ok
BPIC2020_rfp,inductive_noise20,trace,0.3,voidmass_process_lower,2.9900576919317245e-05,46,ok
BPIC2020_rfp,inductive_noise20,trace,0.3,voidmass_process_upper,2.5600194931030273e-05,46,ok
BPIC2020_rfp,inductive_noise20,trace,0.3,voidsalign3,0.01162999728694409,46,ok
BPIC2020_rfp,inductive_noise20,trace,0.3,voidsat2,0.8473068005405344,46,ok
BPIC2020_rfp,inductive_noise20,trace,0.3,weight_voidage,0.00028220145031809807,46,ok
BPIC2020_rfp,inductive_noise20,trace,0.4,aligned_duration_cache,3.52547790016979,1,ok
BPIC2020_rfp,inductive_noise20,trace,0.4,alignment_coverage_pn2_lower,0.019979001488534,46,ok
BPIC2020_rfp,inductive_noise20,trace,0.4,alignment_coverage_pn2_upper,0.008474400267003577,46,ok
BPIC2020_rfp,inductive_noise20,trace,0.4,classical,430.58404480014,1,ok
BPIC2020_rfp,inductive_noise20,trace,0.4,dv,10.168381299823524,1,ok
BPIC2020_rfp,inductive_noise20,trace,0.4,executions_cache,1.4699995517730711e-05,1,ok
BPIC2020_rfp,inductive_noise20,trace,0.4,matchprob,2.930033951997757e-05,46,ok
BPIC2020_rfp,inductive_noise20,trace,0.4,mean_leaf_skipprob,1.0599847882986069e-05,1,ok
BPIC2020_rfp,inductive_noise20,trace,0.4,salign_coverage,0.0219287010841051,46,ok
BPIC2020_rfp,inductive_noise20,trace,0.4,skipprob,2.809939906001091e-05,46,ok
BPIC2020_rfp,inductive_noise20,trace,0.4,traces,3.5254267998971045,1,ok
BPIC2020_rfp,inductive_noise20,trace,0.4,voidmass_deficit_lower,0.00010079983621835709,46,ok
BPIC2020_rfp,inductive_noise20,trace,0.4,voidmass_deficit_upper,3.510108217597008e-05,46,ok
BPIC2020_rfp,inductive_noise20,trace,0.4,voidmass_movecount,3.7398189306259155e-05,46,ok
BPIC2020_rfp,inductive_noise20,trace,0.4,voidmass_movecount_bound,3.1602103263139725e-05,46,ok
BPIC2020_rfp,inductive_noise20,trace,0.4,voidmass_process_lower,3.319885581731796e-05,46,ok
BPIC2020_rfp,inductive_noise20,trace,0.4,voidmass_process_upper,2.7699396014213562e-05,46,ok
BPIC2020_rfp,inductive_noise20,trace,0.4,voidsalign3,0.010206100530921204,46,ok
BPIC2020_rfp,inductive_noise20,trace,0.4,voidsat2,0.7467586998827731,46,ok
BPIC2020_rfp,inductive_noise20,trace,0.4,weight_voidage,0.0002979002892971039,46,ok
BPIC2020_rfp,inductive_noise20,trace,0.5,aligned_duration_cache,2.9556156997568905,1,ok
BPIC2020_rfp,inductive_noise20,trace,0.5,alignment_coverage_pn2_lower,0.0171142993494844,46,ok
BPIC2020_rfp,inductive_noise20,trace,0.5,alignment_coverage_pn2_upper,0.007269498892127128,46,ok
BPIC2020_rfp,inductive_noise20,trace,0.5,classical,424.19743780000135,1,ok
BPIC2020_rfp,inductive_noise20,trace,0.5,dv,10.135309000033883,1,ok
BPIC2020_rfp,inductive_noise20,trace,0.5,executions_cache,1.5700235962867737e-05,1,ok
BPIC2020_rfp,inductive_noise20,trace,0.5,matchprob,2.3700296878814697e-05,46,ok
BPIC2020_rfp,inductive_noise20,trace,0.5,mean_leaf_skipprob,1.1600088328123093e-05,1,ok
BPIC2020_rfp,inductive_noise20,trace,0.5,salign_coverage,0.0194153008051194,46,ok
BPIC2020_rfp,inductive_noise20,trace,0.5,skipprob,2.6199035346508026e-05,46,ok
BPIC2020_rfp,inductive_noise20,trace,0.5,traces,2.955568099860102,1,ok
BPIC2020_rfp,inductive_noise20,trace,0.5,voidmass_deficit_lower,8.879881352186203e-05,46,ok
BPIC2020_rfp,inductive_noise20,trace,0.5,voidmass_deficit_upper,3.2100826501846313e-05,46,ok
BPIC2020_rfp,inductive_noise20,trace,0.5,voidmass_movecount,3.149965777993202e-05,46,ok
BPIC2020_rfp,inductive_noise20,trace,0.5,voidmass_movecount_bound,2.459995448589325e-05,46,ok
BPIC2020_rfp,inductive_noise20,trace,0.5,voidmass_process_lower,2.7599744498729706e-05,46,ok
BPIC2020_rfp,inductive_noise20,trace,0.5,voidmass_process_upper,2.2398307919502258e-05,46,ok
BPIC2020_rfp,inductive_noise20,trace,0.5,voidsalign3,0.008986099623142323,46,ok
BPIC2020_rfp,inductive_noise20,trace,0.5,voidsat2,0.5854268008843043,46,ok
BPIC2020_rfp,inductive_noise20,trace,0.5,weight_voidage,0.00028449948877096176,46,ok
BPIC2020_rfp,inductive_noise20,trace,0.6,aligned_duration_cache,2.403573899995536,1,ok
BPIC2020_rfp,inductive_noise20,trace,0.6,alignment_coverage_pn2_lower,0.012442501261828809,46,ok
BPIC2020_rfp,inductive_noise20,trace,0.6,alignment_coverage_pn2_upper,0.005612901877611169,46,ok
BPIC2020_rfp,inductive_noise20,trace,0.6,classical,432.6798262000084,1,ok
BPIC2020_rfp,inductive_noise20,trace,0.6,dv,9.567619999870658,1,ok
BPIC2020_rfp,inductive_noise20,trace,0.6,executions_cache,1.600012183189392e-05,1,ok
BPIC2020_rfp,inductive_noise20,trace,0.6,matchprob,2.019992098212242e-05,46,ok
BPIC2020_rfp,inductive_noise20,trace,0.6,mean_leaf_skipprob,1.200009137392044e-05,1,ok
BPIC2020_rfp,inductive_noise20,trace,0.6,salign_coverage,0.0146716996096052,46,ok
BPIC2020_rfp,inductive_noise20,trace,0.6,skipprob,2.4700071662664413e-05,46,ok
BPIC2020_rfp,inductive_noise20,trace,0.6,traces,2.403527799993753,1,ok
BPIC2020_rfp,inductive_noise20,trace,0.6,voidmass_deficit_lower,7.87009485065937e-05,46,ok
BPIC2020_rfp,inductive_noise20,trace,0.6,voidmass_deficit_upper,2.4999026209115982e-05,46,ok
BPIC2020_rfp,inductive_noise20,trace,0.6,voidmass_movecount,2.7199741452932358e-05,46,ok
BPIC2020_rfp,inductive_noise20,trace,0.6,voidmass_movecount_bound,2.290075644850731e-05,46,ok
BPIC2020_rfp,inductive_noise20,trace,0.6,voidmass_process_lower,2.3900996893644333e-05,46,ok
BPIC2020_rfp,inductive_noise20,trace,0.6,voidmass_process_upper,1.899944618344307e-05,46,ok
BPIC2020_rfp,inductive_noise20,trace,0.6,voidsalign3,0.007158799562602424,46,ok
BPIC2020_rfp,inductive_noise20,trace,0.6,voidsat2,0.4155617994256297,46,ok
BPIC2020_rfp,inductive_noise20,trace,0.6,weight_voidage,0.00024130288511514664,46,ok
BPIC2020_rfp,inductive_noise20,trace,0.7,aligned_duration_cache,1.7796093998476863,1,ok
BPIC2020_rfp,inductive_noise20,trace,0.7,alignment_coverage_pn2_lower,0.010841902811078484,46,ok
BPIC2020_rfp,inductive_noise20,trace,0.7,alignment_coverage_pn2_upper,0.005232501309364242,46,ok
BPIC2020_rfp,inductive_noise20,trace,0.7,classical,385.51494689984247,1,ok
BPIC2020_rfp,inductive_noise20,trace,0.7,dv,10.354661799967287,1,ok
BPIC2020_rfp,inductive_noise20,trace,0.7,executions_cache,1.5199650079011915e-05,1,ok
BPIC2020_rfp,inductive_noise20,trace,0.7,matchprob,2.019992098212242e-05,46,ok
BPIC2020_rfp,inductive_noise20,trace,0.7,mean_leaf_skipprob,1.1499971151351929e-05,1,ok
BPIC2020_rfp,inductive_noise20,trace,0.7,salign_coverage,0.013175901025531851,46,ok
BPIC2020_rfp,inductive_noise20,trace,0.7,skipprob,2.189772203564644e-05,46,ok
BPIC2020_rfp,inductive_noise20,trace,0.7,traces,1.7795612001791596,1,ok
BPIC2020_rfp,inductive_noise20,trace,0.7,voidmass_deficit_lower,6.369920447468758e-05,46,ok
BPIC2020_rfp,inductive_noise20,trace,0.7,voidmass_deficit_upper,2.6100780814886093e-05,46,ok
BPIC2020_rfp,inductive_noise20,trace,0.7,voidmass_movecount,2.569984644651413e-05,46,ok
BPIC2020_rfp,inductive_noise20,trace,0.7,voidmass_movecount_bound,2.3801811039447784e-05,46,ok
BPIC2020_rfp,inductive_noise20,trace,0.7,voidmass_process_lower,2.4300534278154373e-05,46,ok
BPIC2020_rfp,inductive_noise20,trace,0.7,voidmass_process_upper,1.939898356795311e-05,46,ok
BPIC2020_rfp,inductive_noise20,trace,0.7,voidsalign3,0.0067328992299727705,46,ok
BPIC2020_rfp,inductive_noise20,trace,0.7,voidsat2,0.308215498924253,46,ok
BPIC2020_rfp,inductive_noise20,trace,0.7,weight_voidage,0.00021429872140288353,46,ok
BPIC2020_rfp,inductive_noise20,trace,0.8,aligned_duration_cache,1.190842299722135,1,ok
BPIC2020_rfp,inductive_noise20,trace,0.8,alignment_coverage_pn2_lower,0.00918629951774917,46,ok
BPIC2020_rfp,inductive_noise20,trace,0.8,alignment_coverage_pn2_upper,0.0046885996125630765,46,ok
BPIC2020_rfp,inductive_noise20,trace,0.8,classical,388.288901399821,1,ok
BPIC2020_rfp,inductive_noise20,trace,0.8,dv,9.486904999706894,1,ok
BPIC2020_rfp,inductive_noise20,trace,0.8,executions_cache,1.690024510025978e-05,1,ok
BPIC2020_rfp,inductive_noise20,trace,0.8,matchprob,1.690071076154709e-05,46,ok
BPIC2020_rfp,inductive_noise20,trace,0.8,mean_leaf_skipprob,8.499715477228165e-06,1,ok
BPIC2020_rfp,inductive_noise20,trace,0.8,salign_coverage,0.011617000680415374,46,ok
BPIC2020_rfp,inductive_noise20,trace,0.8,skipprob,1.8098857253789902e-05,46,ok
BPIC2020_rfp,inductive_noise20,trace,0.8,traces,1.1907959999516606,1,ok
BPIC2020_rfp,inductive_noise20,trace,0.8,voidmass_deficit_lower,6.0202088207006454e-05,46,ok
BPIC2020_rfp,inductive_noise20,trace,0.8,voidmass_deficit_upper,2.100132405757904e-05,46,ok
BPIC2020_rfp,inductive_noise20,trace,0.8,voidmass_movecount,2.5198329240083694e-05,46,ok
BPIC2020_rfp,inductive_noise20,trace,0.8,voidmass_movecount_bound,2.3498665541410446e-05,46,ok
BPIC2020_rfp,inductive_noise20,trace,0.8,voidmass_process_lower,2.1501444280147552e-05,46,ok
BPIC2020_rfp,inductive_noise20,trace,0.8,voidmass_process_upper,1.9700732082128525e-05,46,ok
BPIC2020_rfp,inductive_noise20,trace,0.8,voidsalign3,0.00613380223512544,46,ok
BPIC2020_rfp,inductive_noise20,trace,0.8,voidsat2,0.1970541994087378,46,ok
BPIC2020_rfp,inductive_noise20,trace,0.8,weight_voidage,0.00018609967082738876,46,ok
BPIC2020_rfp,inductive_noise20,trace,0.9,aligned_duration_cache,0.5845270003192127,1,ok
BPIC2020_rfp,inductive_noise20,trace,0.9,alignment_coverage_pn2_lower,0.005381600931286457,46,ok
BPIC2020_rfp,inductive_noise20,trace,0.9,alignment_coverage_pn2_upper,0.0027514016255734113,46,ok
BPIC2020_rfp,inductive_noise20,trace,0.9,classical,294.5708832000382,1,ok
BPIC2020_rfp,inductive_noise20,trace,0.9,dv,8.9472890002653,1,ok
BPIC2020_rfp,inductive_noise20,trace,0.9,executions_cache,1.7799902707338333e-05,1,ok
BPIC2020_rfp,inductive_noise20,trace,0.9,matchprob,1.5803147107362747e-05,46,ok
BPIC2020_rfp,inductive_noise20,trace,0.9,mean_leaf_skipprob,8.200295269489288e-06,1,ok
BPIC2020_rfp,inductive_noise20,trace,0.9,salign_coverage,0.007900903001426693,46,ok
BPIC2020_rfp,inductive_noise20,trace,0.9,skipprob,1.74008309841156e-05,46,ok
BPIC2020_rfp,inductive_noise20,trace,0.9,traces,0.5844715000130236,1,ok
BPIC2020_rfp,inductive_noise20,trace,0.9,voidmass_deficit_lower,4.349881783127785e-05,46,ok
BPIC2020_rfp,inductive_noise20,trace,0.9,voidmass_deficit_upper,1.8497928977012634e-05,46,ok
BPIC2020_rfp,inductive_noise20,trace,0.9,voidmass_movecount,1.9700266420841217e-05,46,ok
BPIC2020_rfp,inductive_noise20,trace,0.9,voidmass_movecount_bound,1.8500257283449173e-05,46,ok
BPIC2020_rfp,inductive_noise20,trace,0.9,voidmass_process_lower,1.7799437046051025e-05,46,ok
BPIC2020_rfp,inductive_noise20,trace,0.9,voidmass_process_upper,1.580081880092621e-05,46,ok
BPIC2020_rfp,inductive_noise20,trace,0.9,voidsalign3,0.004168498795478851,46,ok
BPIC2020_rfp,inductive_noise20,trace,0.9,voidsat2,0.0959410979412476,46,ok
BPIC2020_rfp,inductive_noise20,trace,0.9,weight_voidage,0.00015130173414945602,46,ok
BPIC2020_rfp,inductive_noise20,,0.0,aligned_duration_cache,5.9025395000353456,1,ok
BPIC2020_rfp,inductive_noise20,,0.0,alignment_coverage_pn2_lower,0.026784599293021,46,ok
BPIC2020_rfp,inductive_noise20,,0.0,alignment_coverage_pn2_upper,0.01209589885547516,46,ok
BPIC2020_rfp,inductive_noise20,,0.0,classical,785.0789267001674,1,ok
BPIC2020_rfp,inductive_noise20,,0.0,dv,9.959849399980158,1,ok
BPIC2020_rfp,inductive_noise20,,0.0,executions_cache,1.6300007700920105e-05,1,ok
BPIC2020_rfp,inductive_noise20,,0.0,matchprob,2.7598347514867783e-05,46,ok
BPIC2020_rfp,inductive_noise20,,0.0,mean_leaf_skipprob,1.4699995517730711e-05,1,ok
BPIC2020_rfp,inductive_noise20,,0.0,salign_coverage,0.0265135988593077,46,ok
BPIC2020_rfp,inductive_noise20,,0.0,skipprob,2.6400666683912277e-05,46,ok
BPIC2020_rfp,inductive_noise20,,0.0,traces,5.902474400121719,1,ok
BPIC2020_rfp,inductive_noise20,,0.0,voidmass_deficit_lower,8.060038089752197e-05,46,ok
BPIC2020_rfp,inductive_noise20,,0.0,voidmass_deficit_upper,3.080116584897041e-05,46,ok
BPIC2020_rfp,inductive_noise20,,0.0,voidmass_movecount,3.409804776310921e-05,46,ok
BPIC2020_rfp,inductive_noise20,,0.0,voidmass_movecount_bound,3.0300114303827286e-05,46,ok
BPIC2020_rfp,inductive_noise20,,0.0,voidmass_process_lower,3.0098948627710342e-05,46,ok
BPIC2020_rfp,inductive_noise20,,0.0,voidmass_process_upper,2.2897962480783463e-05,46,ok
BPIC2020_rfp,inductive_noise20,,0.0,voidsalign3,0.012896298430857921,46,ok
BPIC2020_rfp,inductive_noise20,,0.0,voidsat2,1.1527621992863697,46,ok
BPIC2020_rfp,inductive_noise20,,0.0,weight_voidage,0.0002738996408879757,46,ok
BPIC2020_rfp,toothpaste,activity_frequency_gradual,0.1,aligned_duration_cache,5.694642199669033,1,ok
BPIC2020_rfp,toothpaste,activity_frequency_gradual,0.1,alignment_coverage_pn2_lower,0.1522018965333465,459,ok
BPIC2020_rfp,toothpaste,activity_frequency_gradual,0.1,alignment_coverage_pn2_upper,0.04529679799452213,459,ok
BPIC2020_rfp,toothpaste,activity_frequency_gradual,0.1,classical,22.320655799936503,1,ok
BPIC2020_rfp,toothpaste,activity_frequency_gradual,0.1,dv,20.9499776000157,1,ok
BPIC2020_rfp,toothpaste,activity_frequency_gradual,0.1,executions_cache,0.0001165997236967,1,ok
BPIC2020_rfp,toothpaste,activity_frequency_gradual,0.1,matchprob,0.00028499867767095566,459,ok
BPIC2020_rfp,toothpaste,activity_frequency_gradual,0.1,mean_leaf_skipprob,0.0001094001345336,1,ok
BPIC2020_rfp,toothpaste,activity_frequency_gradual,0.1,salign_coverage,0.3152299057692066,459,ok
BPIC2020_rfp,toothpaste,activity_frequency_gradual,0.1,skipprob,0.0002976004034280777,459,ok
BPIC2020_rfp,toothpaste,activity_frequency_gradual,0.1,traces,5.694396800361574,1,ok
BPIC2020_rfp,toothpaste,activity_frequency_gradual,0.1,voidmass_deficit_lower,0.0010171011090278625,459,ok
BPIC2020_rfp,toothpaste,activity_frequency_gradual,0.1,voidmass_deficit_upper,0.0003337026573717594,459,ok
BPIC2020_rfp,toothpaste,activity_frequency_gradual,0.1,voidmass_movecount,0.00034080352634191513,459,ok
BPIC2020_rfp,toothpaste,activity_frequency_gradual,0.1,voidmass_movecount_bound,0.0002972995862364769,459,ok
BPIC2020_rfp,toothpaste,activity_frequency_gradual,0.1,voidmass_process_lower,0.00035179825499653816,459,ok
BPIC2020_rfp,toothpaste,activity_frequency_gradual,0.1,voidmass_process_upper,0.0002893027849495411,459,ok
BPIC2020_rfp,toothpaste,activity_frequency_gradual,0.1,voidsalign3,0.098236402496672,459,ok
BPIC2020_rfp,toothpaste,activity_frequency_gradual,0.1,voidsat2,8.220807687845058,459,ok
BPIC2020_rfp,toothpaste,activity_frequency_gradual,0.1,weight_voidage,0.004738201852887692,459,ok
BPIC2020_rfp,toothpaste,activity_frequency_gradual,0.2,aligned_duration_cache,6.710657899733633,1,ok
BPIC2020_rfp,toothpaste,activity_frequency_gradual,0.2,alignment_coverage_pn2_lower,0.11928059067574939,459,ok
BPIC2020_rfp,toothpaste,activity_frequency_gradual,0.2,alignment_coverage_pn2_upper,0.03769189957529071,459,ok
BPIC2020_rfp,toothpaste,activity_frequency_gradual,0.2,classical,15.07958640018478,1,ok
BPIC2020_rfp,toothpaste,activity_frequency_gradual,0.2,dv,15.230701299849898,1,ok
BPIC2020_rfp,toothpaste,activity_frequency_gradual,0.2,executions_cache,0.0001305001787841,1,ok
BPIC2020_rfp,toothpaste,activity_frequency_gradual,0.2,matchprob,0.0003054952248930931,459,ok
BPIC2020_rfp,toothpaste,activity_frequency_gradual,0.2,mean_leaf_skipprob,7.96997919678688e-05,1,ok
BPIC2020_rfp,toothpaste,activity_frequency_gradual,0.2,salign_coverage,0.27308249613267693,459,ok
BPIC2020_rfp,toothpaste,activity_frequency_gradual,0.2,skipprob,0.0003090081736445427,459,ok
BPIC2020_rfp,toothpaste,activity_frequency_gradual,0.2,traces,6.710493099875748,1,ok
BPIC2020_rfp,toothpaste,activity_frequency_gradual,0.2,voidmass_deficit_lower,0.0010940991342067719,459,ok
BPIC2020_rfp,toothpaste,activity_frequency_gradual,0.2,voidmass_deficit_upper,0.0003588041290640831,459,ok
BPIC2020_rfp,toothpaste,activity_frequency_gradual,0.2,voidmass_movecount,0.0004025963135063648,459,ok
BPIC2020_rfp,toothpaste,activity_frequency_gradual,0.2,voidmass_movecount_bound,0.0003507966175675392,459,ok
BPIC2020_rfp,toothpaste,activity_frequency_gradual,0.2,voidmass_process_lower,0.0003673010505735874,459,ok
BPIC2020_rfp,toothpaste,activity_frequency_gradual,0.2,voidmass_process_upper,0.00029549654573202133,459,ok
BPIC2020_rfp,toothpaste,activity_frequency_gradual,0.2,voidsalign3,0.061679807025930435,459,ok
BPIC2020_rfp,toothpaste,activity_frequency_gradual,0.2,voidsat2,7.828690903726943,459,ok
BPIC2020_rfp,toothpaste,activity_frequency_gradual,0.2,weight_voidage,0.0053214034996922135,459,ok
BPIC2020_rfp,toothpaste,activity_frequency_gradual,0.3,aligned_duration_cache,5.883231800049543,1,ok
BPIC2020_rfp,toothpaste,activity_frequency_gradual,0.3,alignment_coverage_pn2_lower,0.04232440236955601,459,ok
BPIC2020_rfp,toothpaste,activity_frequency_gradual,0.3,alignment_coverage_pn2_upper,0.014193800278007424,459,ok
BPIC2020_rfp,toothpaste,activity_frequency_gradual,0.3,classical,18.52663529990241,1,ok
BPIC2020_rfp,toothpaste,activity_frequency_gradual,0.3,dv,11.969409499783067,1,ok
BPIC2020_rfp,toothpaste,activity_frequency_gradual,0.3,executions_cache,0.0001444001682102,1,ok
BPIC2020_rfp,toothpaste,activity_frequency_gradual,0.3,matchprob,0.00024269288405776024,459,ok
BPIC2020_rfp,toothpaste,activity_frequency_gradual,0.3,mean_leaf_skipprob,7.349997758865356e-05,1,ok
BPIC2020_rfp,toothpaste,activity_frequency_gradual,0.3,salign_coverage,0.0766218923963372,459,ok
BPIC2020_rfp,toothpaste,activity_frequency_gradual,0.3,skipprob,0.00024870317429304123,459,ok
BPIC2020_rfp,toothpaste,activity_frequency_gradual,0.3,traces,5.882953799795359,1,ok
BPIC2020_rfp,toothpaste,activity_frequency_gradual,0.3,voidmass_deficit_lower,0.0007680957205593586,459,ok
BPIC2020_rfp,toothpaste,activity_frequency_gradual,0.3,voidmass_deficit_upper,0.0002643982879817486,459,ok
BPIC2020_rfp,toothpaste,activity_frequency_gradual,0.3,voidmass_movecount,0.0002666031941771507,459,ok
BPIC2020_rfp,toothpaste,activity_frequency_gradual,0.3,voidmass_movecount_bound,0.0002613957040011883,459,ok
BPIC2020_rfp,toothpaste,activity_frequency_gradual,0.3,voidmass_process_lower,0.0002839001826941967,459,ok
BPIC2020_rfp,toothpaste,activity_frequency_gradual,0.3,voidmass_process_upper,0.00022999756038188934,459,ok
BPIC2020_rfp,toothpaste,activity_frequency_gradual,0.3,voidsalign3,0.02445569727569729,459,ok
BPIC2020_rfp,toothpaste,activity_frequency_gradual,0.3,voidsat2,5.739502000156768,459,ok
BPIC2020_rfp,toothpaste,activity_frequency_gradual,0.3,weight_voidage,0.004146302118897133,459,ok
BPIC2020_rfp,toothpaste,activity_frequency_gradual,0.4,aligned_duration_cache,5.869599000085145,1,ok
BPIC2020_rfp,toothpaste,activity_frequency_gradual,0.4,alignment_coverage_pn2_lower,0.04604380298405283,459,ok
BPIC2020_rfp,toothpaste,activity_frequency_gradual,0.4,alignment_coverage_pn2_upper,0.014623995404689994,459,ok
BPIC2020_rfp,toothpaste,activity_frequency_gradual,0.4,classical,18.851007100194693,1,ok
BPIC2020_rfp,toothpaste,activity_frequency_gradual,0.4,dv,11.78203669982031,1,ok
BPIC2020_rfp,toothpaste,activity_frequency_gradual,0.4,executions_cache,0.0001436998136341,1,ok
BPIC2020_rfp,toothpaste,activity_frequency_gradual,0.4,matchprob,0.0002414025366306305,459,ok
BPIC2020_rfp,toothpaste,activity_frequency_gradual,0.4,mean_leaf_skipprob,7.509998977184296e-05,1,ok
BPIC2020_rfp,toothpaste,activity_frequency_gradual,0.4,salign_coverage,0.0794496983289505,459,ok
BPIC2020_rfp,toothpaste,activity_frequency_gradual,0.4,skipprob,0.0002390979789197445,459,ok
BPIC2020_rfp,toothpaste,activity_frequency_gradual,0.4,traces,5.869351099710912,1,ok
BPIC2020_rfp,toothpaste,activity_frequency_gradual,0.4,voidmass_deficit_lower,0.0008507976308465004,459,ok
BPIC2020_rfp,toothpaste,activity_frequency_gradual,0.4,voidmass_deficit_upper,0.00028700102120637894,459,ok
BPIC2020_rfp,toothpaste,activity_frequency_gradual,0.4,voidmass_movecount,0.0002817036584019661,459,ok
BPIC2020_rfp,toothpaste,activity_frequency_gradual,0.4,voidmass_movecount_bound,0.00028999801725149155,459,ok
BPIC2020_rfp,toothpaste,activity_frequency_gradual,0.4,voidmass_process_lower,0.00027500418946146965,459,ok
BPIC2020_rfp,toothpaste,activity_frequency_gradual,0.4,voidmass_process_upper,0.0002312939614057541,459,ok
BPIC2020_rfp,toothpaste,activity_frequency_gradual,0.4,voidsalign3,0.02531729545444149,459,ok
BPIC2020_rfp,toothpaste,activity_frequency_gradual,0.4,voidsat2,7.466832502279408,459,ok
BPIC2020_rfp,toothpaste,activity_frequency_gradual,0.4,weight_voidage,0.0042942953296003835,459,ok
BPIC2020_rfp,toothpaste,activity_frequency_gradual,0.5,aligned_duration_cache,5.669175100047141,1,ok
BPIC2020_rfp,toothpaste,activity_frequency_gradual,0.5,alignment_coverage_pn2_lower,0.041891897097226904,459,ok
BPIC2020_rfp,toothpaste,activity_frequency_gradual,0.5,alignment_coverage_pn2_upper,0.012010999955236478,459,ok
BPIC2020_rfp,toothpaste,activity_frequency_gradual,0.5,classical,11.18567020026967,1,ok
BPIC2020_rfp,toothpaste,activity_frequency_gradual,0.5,dv,10.934311900287868,1,ok
BPIC2020_rfp,toothpaste,activity_frequency_gradual,0.5,executions_cache,9.989971294999124e-05,1,ok
BPIC2020_rfp,toothpaste,activity_frequency_gradual,0.5,matchprob,0.0002724076621234417,459,ok
BPIC2020_rfp,toothpaste,activity_frequency_gradual,0.5,mean_leaf_skipprob,7.510045543313026e-05,1,ok
BPIC2020_rfp,toothpaste,activity_frequency_gradual,0.5,salign_coverage,0.1346109989098986,459,ok
BPIC2020_rfp,toothpaste,activity_frequency_gradual,0.5,skipprob,0.00025789765641093254,459,ok
BPIC2020_rfp,toothpaste,activity_frequency_gradual,0.5,traces,5.668941500131041,1,ok
BPIC2020_rfp,toothpaste,activity_frequency_gradual,0.5,voidmass_deficit_lower,0.0007652007043361664,459,ok
BPIC2020_rfp,toothpaste,activity_frequency_gradual,0.5,voidmass_deficit_upper,0.00026900600641965866,459,ok
BPIC2020_rfp,toothpaste,activity_frequency_gradual,0.5,voidmass_movecount,0.00029180431738495827,459,ok
BPIC2020_rfp,toothpaste,activity_frequency_gradual,0.5,voidmass_movecount_bound,0.0002750079147517681,459,ok
BPIC2020_rfp,toothpaste,activity_frequency_gradual,0.5,voidmass_process_lower,0.00025610392913222313,459,ok
BPIC2020_rfp,toothpaste,activity_frequency_gradual,0.5,voidmass_process_upper,0.00021460140123963356,459,ok
BPIC2020_rfp,toothpaste,activity_frequency_gradual,0.5,voidsalign3,0.020969304721801675,459,ok
BPIC2020_rfp,toothpaste,activity_frequency_gradual,0.5,voidsat2,7.397259592544265,459,ok
BPIC2020_rfp,toothpaste,activity_frequency_gradual,0.5,weight_voidage,0.004473393782973088,459,ok
BPIC2020_rfp,toothpaste,activity_frequency_gradual,0.6,aligned_duration_cache,5.465109500102699,1,ok
BPIC2020_rfp,toothpaste,activity_frequency_gradual,0.6,alignment_coverage_pn2_lower,0.03182759927585618,459,ok
BPIC2020_rfp,toothpaste,activity_frequency_gradual,0.6,alignment_coverage_pn2_upper,0.011962402611970449,459,ok
BPIC2020_rfp,toothpaste,activity_frequency_gradual,0.6,classical,10.839883499778807,1,ok
BPIC2020_rfp,toothpaste,activity_frequency_gradual,0.6,dv,10.797550099901857,1,ok
BPIC2020_rfp,toothpaste,activity_frequency_gradual,0.6,executions_cache,0.0001256000250577,1,ok
BPIC2020_rfp,toothpaste,activity_frequency_gradual,0.6,matchprob,0.00020439596846699715,459,ok
BPIC2020_rfp,toothpaste,activity_frequency_gradual,0.6,mean_leaf_skipprob,7.480010390281677e-05,1,ok
BPIC2020_rfp,toothpaste,activity_frequency_gradual,0.6,salign_coverage,0.06029080413280196,459,ok
BPIC2020_rfp,toothpaste,activity_frequency_gradual,0.6,skipprob,0.00020309630781412125,459,ok
BPIC2020_rfp,toothpaste,activity_frequency_gradual,0.6,traces,5.464859500061721,1,ok
BPIC2020_rfp,toothpaste,activity_frequency_gradual,0.6,voidmass_deficit_lower,0.0006394009105861187,459,ok
BPIC2020_rfp,toothpaste,activity_frequency_gradual,0.6,voidmass_deficit_upper,0.00022650416940450668,459,ok
BPIC2020_rfp,toothpaste,activity_frequency_gradual,0.6,voidmass_movecount,0.000231799203902483,459,ok
BPIC2020_rfp,toothpaste,activity_frequency_gradual,0.6,voidmass_movecount_bound,0.00023360736668109894,459,ok
BPIC2020_rfp,toothpaste,activity_frequency_gradual,0.6,voidmass_process_lower,0.00021079694852232933,459,ok
BPIC2020_rfp,toothpaste,activity_frequency_gradual,0.6,voidmass_process_upper,0.00019049923866987228,459,ok
BPIC2020_rfp,toothpaste,activity_frequency_gradual,0.6,voidsalign3,0.020591500215231758,459,ok
BPIC2020_rfp,toothpaste,activity_frequency_gradual,0.6,voidsat2,4.291846293490358,459,ok
BPIC2020_rfp,toothpaste,activity_frequency_gradual,0.6,weight_voidage,0.003614204935729266,459,ok
BPIC2020_rfp,toothpaste,activity_frequency_gradual,0.7,aligned_duration_cache,5.343566399998963,1,ok
BPIC2020_rfp,toothpaste,activity_frequency_gradual,0.7,alignment_coverage_pn2_lower,0.022495101671665563,459,ok
BPIC2020_rfp,toothpaste,activity_frequency_gradual,0.7,alignment_coverage_pn2_upper,0.007993795443326084,459,ok
BPIC2020_rfp,toothpaste,activity_frequency_gradual,0.7,classical,12.901042400393637,1,ok
BPIC2020_rfp,toothpaste,activity_frequency_gradual,0.7,dv,10.595622399821876,1,ok
BPIC2020_rfp,toothpaste,activity_frequency_gradual,0.7,executions_cache,0.0001277001574635,1,ok
BPIC2020_rfp,toothpaste,activity_frequency_gradual,0.7,matchprob,0.00021410174667835236,459,ok
BPIC2020_rfp,toothpaste,activity_frequency_gradual,0.7,mean_leaf_skipprob,7.879966869950294e-05,1,ok
BPIC2020_rfp,toothpaste,activity_frequency_gradual,0.7,salign_coverage,0.07475810497998575,459,ok
BPIC2020_rfp,toothpaste,activity_frequency_gradual,0.7,skipprob,0.00023150071501731873,459,ok
BPIC2020_rfp,toothpaste,activity_frequency_gradual,0.7,traces,5.3433105000294745,1,ok
BPIC2020_rfp,toothpaste,activity_frequency_gradual,0.7,voidmass_deficit_lower,0.0007073991000652313,459,ok
BPIC2020_rfp,toothpaste,activity_frequency_gradual,0.7,voidmass_deficit_upper,0.0002400972880423069,459,ok
BPIC2020_rfp,toothpaste,activity_frequency_gradual,0.7,voidmass_movecount,0.00025390181690454483,459,ok
BPIC2020_rfp,toothpaste,activity_frequency_gradual,0.7,voidmass_movecount_bound,0.00022280681878328323,459,ok
BPIC2020_rfp,toothpaste,activity_frequency_gradual,0.7,voidmass_process_lower,0.00022710487246513367,459,ok
BPIC2020_rfp,toothpaste,activity_frequency_gradual,0.7,voidmass_process_upper,0.00018960051238536835,459,ok
BPIC2020_rfp,toothpaste,activity_frequency_gradual,0.7,voidsalign3,0.015883097425102733,459,ok
BPIC2020_rfp,toothpaste,activity_frequency_gradual,0.7,voidsat2,3.872130889911182,459,ok
BPIC2020_rfp,toothpaste,activity_frequency_gradual,0.7,weight_voidage,0.004030599258839916,459,ok
BPIC2020_rfp,toothpaste,activity_frequency_gradual,0.8,aligned_duration_cache,5.223716299980879,1,ok
BPIC2020_rfp,toothpaste,activity_frequency_gradual,0.8,alignment_coverage_pn2_lower,0.012513399124145293,459,ok
BPIC2020_rfp,toothpaste,activity_frequency_gradual,0.8,alignment_coverage_pn2_upper,0.004250009078532457,459,ok
BPIC2020_rfp,toothpaste,activity_frequency_gradual,0.8,classical,11.539932999759912,1,ok
BPIC2020_rfp,toothpaste,activity_frequency_gradual,0.8,dv,8.284210399724543,1,ok
BPIC2020_rfp,toothpaste,activity_frequency_gradual,0.8,executions_cache,0.000114600174129,1,ok
BPIC2020_rfp,toothpaste,activity_frequency_gradual,0.8,matchprob,0.00019419332966208458,459,ok
BPIC2020_rfp,toothpaste,activity_frequency_gradual,0.8,mean_leaf_skipprob,7.670000195503235e-05,1,ok
BPIC2020_rfp,toothpaste,activity_frequency_gradual,0.8,salign_coverage,0.029206703417002527,459,ok
BPIC2020_rfp,toothpaste,activity_frequency_gradual,0.8,skipprob,0.00020329561084508896,459,ok
BPIC2020_rfp,toothpaste,activity_frequency_gradual,0.8,traces,5.223472199868411,1,ok
BPIC2020_rfp,toothpaste,activity_frequency_gradual,0.8,voidmass_deficit_lower,0.0006342926062643528,459,ok
BPIC2020_rfp,toothpaste,activity_frequency_gradual,0.8,voidmass_deficit_upper,0.0002079014666378498,459,ok
BPIC2020_rfp,toothpaste,activity_frequency_gradual,0.8,voidmass_movecount,0.0002080998383462429,459,ok
BPIC2020_rfp,toothpaste,activity_frequency_gradual,0.8,voidmass_movecount_bound,0.00020170025527477264,459,ok
BPIC2020_rfp,toothpaste,activity_frequency_gradual,0.8,voidmass_process_lower,0.00019209878519177437,459,ok
BPIC2020_rfp,toothpaste,activity_frequency_gradual,0.8,voidmass_process_upper,0.0001703985035419464,459,ok
BPIC2020_rfp,toothpaste,activity_frequency_gradual,0.8,voidsalign3,0.010290404316037536,459,ok
BPIC2020_rfp,toothpaste,activity_frequency_gradual,0.8,voidsat2,3.239699198398717,459,ok
BPIC2020_rfp,toothpaste,activity_frequency_gradual,0.8,weight_voidage,0.0036717015318570184,459,ok
BPIC2020_rfp,toothpaste,activity_frequency_gradual,0.9,aligned_duration_cache,2.729185900185257,1,ok
BPIC2020_rfp,toothpaste,activity_frequency_gradual,0.9,alignment_coverage_pn2_lower,0.0070828059688209915,459,ok
BPIC2020_rfp,toothpaste,activity_frequency_gradual,0.9,alignment_coverage_pn2_upper,0.0028873966075479984,459,ok
BPIC2020_rfp,toothpaste,activity_frequency_gradual,0.9,classical,3.409028199966997,1,ok
BPIC2020_rfp,toothpaste,activity_frequency_gradual,0.9,dv,7.220752700231969,1,ok
BPIC2020_rfp,toothpaste,activity_frequency_gradual,0.9,executions_cache,0.0001318999566137,1,ok
BPIC2020_rfp,toothpaste,activity_frequency_gradual,0.9,matchprob,0.00016079749912023544,459,ok
BPIC2020_rfp,toothpaste,activity_frequency_gradual,0.9,mean_leaf_skipprob,7.150042802095413e-05,1,ok
BPIC2020_rfp,toothpaste,activity_frequency_gradual,0.9,salign_coverage,0.012479003053158421,459,ok
BPIC2020_rfp,toothpaste,activity_frequency_gradual,0.9,skipprob,0.00016920827329158783,459,ok
BPIC2020_rfp,toothpaste,activity_frequency_gradual,0.9,traces,2.728926599957049,1,ok
BPIC2020_rfp,toothpaste,activity_frequency_gradual,0.9,voidmass_deficit_lower,0.0005183969624340534,459,ok
BPIC2020_rfp,toothpaste,activity_frequency_gradual,0.9,voidmass_deficit_upper,0.00020659668371081352,459,ok
BPIC2020_rfp,toothpaste,activity_frequency_gradual,0.9,voidmass_movecount,0.00019169971346855164,459,ok
BPIC2020_rfp,toothpaste,activity_frequency_gradual,0.9,voidmass_movecount_bound,0.00018680514767766,459,ok
BPIC2020_rfp,toothpaste,activity_frequency_gradual,0.9,voidmass_process_lower,0.0001756083220243454,459,ok
BPIC2020_rfp,toothpaste,activity_frequency_gradual,0.9,voidmass_process_upper,0.00016339775174856186,459,ok
BPIC2020_rfp,toothpaste,activity_frequency_gradual,0.9,voidsalign3,0.005095104686915767,459,ok
BPIC2020_rfp,toothpaste,activity_frequency_gradual,0.9,voidsat2,1.4948245044797424,459,ok
BPIC2020_rfp,toothpaste,activity_frequency_gradual,0.9,weight_voidage,0.00285079795867179,459,ok
BPIC2020_rfp,toothpaste,activity_gradual,0.1,aligned_duration_cache,5.886987600009888,1,ok
BPIC2020_rfp,toothpaste,activity_gradual,0.1,alignment_coverage_pn2_lower,0.1150603066198298,459,ok
BPIC2020_rfp,toothpaste,activity_gradual,0.1,alignment_coverage_pn2_upper,0.04597780434414452,459,ok
BPIC2020_rfp,toothpaste,activity_gradual,0.1,classical,7.811911299824715,1,ok
BPIC2020_rfp,toothpaste,activity_gradual,0.1,dv,13.606488599907609,1,ok
BPIC2020_rfp,toothpaste,activity_gradual,0.1,executions_cache,0.0001212996430695,1,ok
BPIC2020_rfp,toothpaste,activity_gradual,0.1,matchprob,0.00024260161444544792,459,ok
BPIC2020_rfp,toothpaste,activity_gradual,0.1,mean_leaf_skipprob,6.770016625523567e-05,1,ok
BPIC2020_rfp,toothpaste,activity_gradual,0.1,salign_coverage,0.11074880370868,459,ok
BPIC2020_rfp,toothpaste,activity_gradual,0.1,skipprob,0.00025899941101670265,459,ok
BPIC2020_rfp,toothpaste,activity_gradual,0.1,traces,5.886732299812138,1,ok
BPIC2020_rfp,toothpaste,activity_gradual,0.1,voidmass_deficit_lower,0.0008596978150308132,459,ok
BPIC2020_rfp,toothpaste,activity_gradual,0.1,voidmass_deficit_upper,0.00028150156140327454,459,ok
BPIC2020_rfp,toothpaste,activity_gradual,0.1,voidmass_movecount,0.0002595018595457077,459,ok
BPIC2020_rfp,toothpaste,activity_gradual,0.1,voidmass_movecount_bound,0.00023979833349585533,459,ok
BPIC2020_rfp,toothpaste,activity_gradual,0.1,voidmass_process_lower,0.00025629717856645584,459,ok
BPIC2020_rfp,toothpaste,activity_gradual,0.1,voidmass_process_upper,0.0002261088229715824,459,ok
BPIC2020_rfp,toothpaste,activity_gradual,0.1,voidsalign3,0.04593689925968102,459,ok
BPIC2020_rfp,toothpaste,activity_gradual,0.1,voidsat2,7.089833403006175,459,ok
BPIC2020_rfp,toothpaste,activity_gradual,0.1,weight_voidage,0.004210100509226143,459,ok
BPIC2020_rfp,toothpaste,activity_gradual,0.2,aligned_duration_cache,5.943815600126982,1,ok
BPIC2020_rfp,toothpaste,activity_gradual,0.2,alignment_coverage_pn2_lower,0.1222206936217617,459,ok
BPIC2020_rfp,toothpaste,activity_gradual,0.2,alignment_coverage_pn2_upper,0.04666949110105221,459,ok
BPIC2020_rfp,toothpaste,activity_gradual,0.2,classical,8.207425500266254,1,ok
BPIC2020_rfp,toothpaste,activity_gradual,0.2,dv,13.71900530019775,1,ok
BPIC2020_rfp,toothpaste,activity_gradual,0.2,executions_cache,0.0001090001314878,1,ok
BPIC2020_rfp,toothpaste,activity_gradual,0.2,matchprob,0.0002778996713459492,459,ok
BPIC2020_rfp,toothpaste,activity_gradual,0.2,mean_leaf_skipprob,8.659996092319489e-05,1,ok
BPIC2020_rfp,toothpaste,activity_gradual,0.2,salign_coverage,0.1177910985424895,459,ok
BPIC2020_rfp,toothpaste,activity_gradual,0.2,skipprob,0.0003043022006750107,459,ok
BPIC2020_rfp,toothpaste,activity_gradual,0.2,traces,5.943556699901819,1,ok
BPIC2020_rfp,toothpaste,activity_gradual,0.2,voidmass_deficit_lower,0.000945105217397213,459,ok
BPIC2020_rfp,toothpaste,activity_gradual,0.2,voidmass_deficit_upper,0.0003445018082857132,459,ok
BPIC2020_rfp,toothpaste,activity_gradual,0.2,voidmass_movecount,0.00035659922286868095,459,ok
BPIC2020_rfp,toothpaste,activity_gradual,0.2,voidmass_movecount_bound,0.0003061932511627674,459,ok
BPIC2020_rfp,toothpaste,activity_gradual,0.2,voidmass_process_lower,0.00031280284747481346,459,ok
BPIC2020_rfp,toothpaste,activity_gradual,0.2,voidmass_process_upper,0.000275301281362772,459,ok
BPIC2020_rfp,toothpaste,activity_gradual,0.2,voidsalign3,0.04684240045025354,459,ok
BPIC2020_rfp,toothpaste,activity_gradual,0.2,voidsat2,8.047175698447951,459,ok
BPIC2020_rfp,toothpaste,activity_gradual,0.2,weight_voidage,0.004785503260791059,459,ok
BPIC2020_rfp,toothpaste,activity_gradual,0.3,aligned_duration_cache,6.083481899928302,1,ok
BPIC2020_rfp,toothpaste,activity_gradual,0.3,alignment_coverage_pn2_lower,0.1380398040637143,459,ok
BPIC2020_rfp,toothpaste,activity_gradual,0.3,alignment_coverage_pn2_upper,0.05198290338739259,459,ok
BPIC2020_rfp,toothpaste,activity_gradual,0.3,classical,8.93283599987626,1,ok
BPIC2020_rfp,toothpaste,activity_gradual,0.3,dv,14.513590199872851,1,ok
BPIC2020_rfp,toothpaste,activity_gradual,0.3,executions_cache,0.0001316000707447,1,ok
BPIC2020_rfp,toothpaste,activity_gradual,0.3,matchprob,0.0002772989682853222,459,ok
BPIC2020_rfp,toothpaste,activity_gradual,0.3,mean_leaf_skipprob,6.819982081651688e-05,1,ok
BPIC2020_rfp,toothpaste,activity_gradual,0.3,salign_coverage,0.2126640975475078,459,ok
BPIC2020_rfp,toothpaste,activity_gradual,0.3,skipprob,0.0002912045456469059,459,ok
BPIC2020_rfp,toothpaste,activity_gradual,0.3,traces,6.083216699771583,1,ok
BPIC2020_rfp,toothpaste,activity_gradual,0.3,voidmass_deficit_lower,0.0010241009294986725,459,ok
BPIC2020_rfp,toothpaste,activity_gradual,0.3,voidmass_deficit_upper,0.00034070247784256935,459,ok
BPIC2020_rfp,toothpaste,activity_gradual,0.3,voidmass_movecount,0.00034580472856760025,459,ok
BPIC2020_rfp,toothpaste,activity_gradual,0.3,voidmass_movecount_bound,0.0003228951245546341,459,ok
BPIC2020_rfp,toothpaste,activity_gradual,0.3,voidmass_process_lower,0.0003422950394451618,459,ok
BPIC2020_rfp,toothpaste,activity_gradual,0.3,voidmass_process_upper,0.00028000352904200554,459,ok
BPIC2020_rfp,toothpaste,activity_gradual,0.3,voidsalign3,0.053079298231738986,459,ok
BPIC2020_rfp,toothpaste,activity_gradual,0.3,voidsat2,8.181509810499826,459,ok
BPIC2020_rfp,toothpaste,activity_gradual,0.3,weight_voidage,0.0047643966972826125,459,ok
BPIC2020_rfp,toothpaste,activity_gradual,0.4,aligned_duration_cache,5.965107100084424,1,ok
BPIC2020_rfp,toothpaste,activity_gradual,0.4,alignment_coverage_pn2_lower,0.1354359025135405,459,ok
BPIC2020_rfp,toothpaste,activity_gradual,0.4,alignment_coverage_pn2_upper,0.04812069749459161,459,ok
BPIC2020_rfp,toothpaste,activity_gradual,0.4,classical,22.189472899772227,1,ok
BPIC2020_rfp,toothpaste,activity_gradual,0.4,dv,15.363495099823922,1,ok
BPIC2020_rfp,toothpaste,activity_gradual,0.4,executions_cache,0.0001370999962091,1,ok
BPIC2020_rfp,toothpaste,activity_gradual,0.4,matchprob,0.0002868976444005966,459,ok
BPIC2020_rfp,toothpaste,activity_gradual,0.4,mean_leaf_skipprob,8.529983460903168e-05,1,ok
BPIC2020_rfp,toothpaste,activity_gradual,0.4,salign_coverage,0.2488313061184962,459,ok
BPIC2020_rfp,toothpaste,activity_gradual,0.4,skipprob,0.00030290568247437477,459,ok
BPIC2020_rfp,toothpaste,activity_gradual,0.4,traces,5.964813800062984,1,ok
BPIC2020_rfp,toothpaste,activity_gradual,0.4,voidmass_deficit_lower,0.0011130943894386292,459,ok
BPIC2020_rfp,toothpaste,activity_gradual,0.4,voidmass_deficit_upper,0.00034050364047288895,459,ok
BPIC2020_rfp,toothpaste,activity_gradual,0.4,voidmass_movecount,0.0003608083352446556,459,ok
BPIC2020_rfp,toothpaste,activity_gradual,0.4,voidmass_movecount_bound,0.00032260455191135406,459,ok
BPIC2020_rfp,toothpaste,activity_gradual,0.4,voidmass_process_lower,0.0003363071009516716,459,ok
BPIC2020_rfp,toothpaste,activity_gradual,0.4,voidmass_process_upper,0.00027179205790162086,459,ok
BPIC2020_rfp,toothpaste,activity_gradual,0.4,voidsalign3,0.0599198015406558,459,ok
BPIC2020_rfp,toothpaste,activity_gradual,0.4,voidsat2,7.249882999341912,459,ok
BPIC2020_rfp,toothpaste,activity_gradual,0.4,weight_voidage,0.004800392314791478,459,ok
BPIC2020_rfp,toothpaste,activity_gradual,0.5,aligned_duration_cache,5.854121299926192,1,ok
BPIC2020_rfp,toothpaste,activity_gradual,0.5,alignment_coverage_pn2_lower,0.08790579298508899,459,ok
BPIC2020_rfp,toothpaste,activity_gradual,0.5,alignment_coverage_pn2_upper,0.03160639386623911,459,ok
BPIC2020_rfp,toothpaste,activity_gradual,0.5,classical,13.629501199815422,1,ok
BPIC2020_rfp,toothpaste,activity_gradual,0.5,dv,14.635184099897742,1,ok
BPIC2020_rfp,toothpaste,activity_gradual,0.5,executions_cache,0.0001296000555157,1,ok
BPIC2020_rfp,toothpaste,activity_gradual,0.5,matchprob,0.00025100260972976685,459,ok
BPIC2020_rfp,toothpaste,activity_gradual,0.5,mean_leaf_skipprob,7.769977673888206e-05,1,ok
BPIC2020_rfp,toothpaste,activity_gradual,0.5,salign_coverage,0.1290618991479051,459,ok
BPIC2020_rfp,toothpaste,activity_gradual,0.5,skipprob,0.00025950465351343155,459,ok
BPIC2020_rfp,toothpaste,activity_gradual,0.5,traces,5.853853600099683,1,ok
BPIC2020_rfp,toothpaste,activity_gradual,0.5,voidmass_deficit_lower,0.0008627963252365589,459,ok
BPIC2020_rfp,toothpaste,activity_gradual,0.5,voidmass_deficit_upper,0.0002874019555747509,459,ok
BPIC2020_rfp,toothpaste,activity_gradual,0.5,voidmass_movecount,0.0003005978651344776,459,ok
BPIC2020_rfp,toothpaste,activity_gradual,0.5,voidmass_movecount_bound,0.00027970364317297935,459,ok
BPIC2020_rfp,toothpaste,activity_gradual,0.5,voidmass_process_lower,0.00026239966973662376,459,ok
BPIC2020_rfp,toothpaste,activity_gradual,0.5,voidmass_process_upper,0.00023130327463150024,459,ok
BPIC2020_rfp,toothpaste,activity_gradual,0.5,voidsalign3,0.04904219508170527,459,ok
BPIC2020_rfp,toothpaste,activity_gradual,0.5,voidsat2,6.229157501365967,459,ok
BPIC2020_rfp,toothpaste,activity_gradual,0.5,weight_voidage,0.004288394004106253,459,ok
BPIC2020_rfp,toothpaste,activity_gradual,0.6,aligned_duration_cache,5.350967800244689,1,ok
BPIC2020_rfp,toothpaste,activity_gradual,0.6,alignment_coverage_pn2_lower,0.0745061999186682,459,ok
BPIC2020_rfp,toothpaste,activity_gradual,0.6,alignment_coverage_pn2_upper,0.022270994260906004,459,ok
BPIC2020_rfp,toothpaste,activity_gradual,0.6,classical,6.760565499775112,1,ok
BPIC2020_rfp,toothpaste,activity_gradual,0.6,dv,11.460155099630356,1,ok
BPIC2020_rfp,toothpaste,activity_gradual,0.6,executions_cache,0.0001445999369025,1,ok
BPIC2020_rfp,toothpaste,activity_gradual,0.6,matchprob,0.0002887984737753868,459,ok
BPIC2020_rfp,toothpaste,activity_gradual,0.6,mean_leaf_skipprob,7.6299998909235e-05,1,ok
BPIC2020_rfp,toothpaste,activity_gradual,0.6,salign_coverage,0.0892392979003259,459,ok
BPIC2020_rfp,toothpaste,activity_gradual,0.6,skipprob,0.00028609856963157654,459,ok
BPIC2020_rfp,toothpaste,activity_gradual,0.6,traces,5.350711300037801,1,ok
BPIC2020_rfp,toothpaste,activity_gradual,0.6,voidmass_deficit_lower,0.0009925076737999916,459,ok
BPIC2020_rfp,toothpaste,activity_gradual,0.6,voidmass_deficit_upper,0.00032830284908413887,459,ok
BPIC2020_rfp,toothpaste,activity_gradual,0.6,voidmass_movecount,0.0003265002742409706,459,ok
BPIC2020_rfp,toothpaste,activity_gradual,0.6,voidmass_movecount_bound,0.0003488035872578621,459,ok
BPIC2020_rfp,toothpaste,activity_gradual,0.6,voidmass_process_lower,0.0003325995057821274,459,ok
BPIC2020_rfp,toothpaste,activity_gradual,0.6,voidmass_process_upper,0.000284404493868351,459,ok
BPIC2020_rfp,toothpaste,activity_gradual,0.6,voidsalign3,0.026905701961366914,459,ok
BPIC2020_rfp,toothpaste,activity_gradual,0.6,voidsat2,6.692537198308832,459,ok
BPIC2020_rfp,toothpaste,activity_gradual,0.6,weight_voidage,0.005034202709793887,459,ok
BPIC2020_rfp,toothpaste,activity_gradual,0.7,aligned_duration_cache,5.325263499747962,1,ok
BPIC2020_rfp,toothpaste,activity_gradual,0.7,alignment_coverage_pn2_lower,0.03633879777043862,459,ok
BPIC2020_rfp,toothpaste,activity_gradual,0.7,alignment_coverage_pn2_upper,0.01159669645130595,459,ok
BPIC2020_rfp,toothpaste,activity_gradual,0.7,classical,3.5130541999824345,1,ok
BPIC2020_rfp,toothpaste,activity_gradual,0.7,dv,9.89762459974736,1,ok
BPIC2020_rfp,toothpaste,activity_gradual,0.7,executions_cache,0.0001280000433325,1,ok
BPIC2020_rfp,toothpaste,activity_gradual,0.7,matchprob,0.00024000229313969612,459,ok
BPIC2020_rfp,toothpaste,activity_gradual,0.7,mean_leaf_skipprob,8.099991828203201e-05,1,ok
BPIC2020_rfp,toothpaste,activity_gradual,0.7,salign_coverage,0.041991201229389846,459,ok
BPIC2020_rfp,toothpaste,activity_gradual,0.7,skipprob,0.0002529975026845932,459,ok
BPIC2020_rfp,toothpaste,activity_gradual,0.7,traces,5.324987200088799,1,ok
BPIC2020_rfp,toothpaste,activity_gradual,0.7,voidmass_deficit_lower,0.0008124965243041515,459,ok
BPIC2020_rfp,toothpaste,activity_gradual,0.7,voidmass_deficit_upper,0.000264700036495924,459,ok
BPIC2020_rfp,toothpaste,activity_gradual,0.7,voidmass_movecount,0.0002714977599680424,459,ok
BPIC2020_rfp,toothpaste,activity_gradual,0.7,voidmass_movecount_bound,0.0002663959749042988,459,ok
BPIC2020_rfp,toothpaste,activity_gradual,0.7,voidmass_process_lower,0.00026190001517534256,459,ok
BPIC2020_rfp,toothpaste,activity_gradual,0.7,voidmass_process_upper,0.0002130037173628807,459,ok
BPIC2020_rfp,toothpaste,activity_gradual,0.7,voidsalign3,0.013223596382885991,459,ok
BPIC2020_rfp,toothpaste,activity_gradual,0.7,voidsat2,5.2516818000003465,459,ok
BPIC2020_rfp,toothpaste,activity_gradual,0.7,weight_voidage,0.004378900863229989,459,ok
BPIC2020_rfp,toothpaste,activity_gradual,0.8,aligned_duration_cache,5.104425000026822,1,ok
BPIC2020_rfp,toothpaste,activity_gradual,0.8,alignment_coverage_pn2_lower,0.034815500024705195,459,ok
BPIC2020_rfp,toothpaste,activity_gradual,0.8,alignment_coverage_pn2_upper,0.010337997693568267,459,ok
BPIC2020_rfp,toothpaste,activity_gradual,0.8,classical,3.13246909994632,1,ok
BPIC2020_rfp,toothpaste,activity_gradual,0.8,dv,9.007193999830633,1,ok
BPIC2020_rfp,toothpaste,activity_gradual,0.8,executions_cache,0.000136200338602,1,ok
BPIC2020_rfp,toothpaste,activity_gradual,0.8,matchprob,0.00022229691967368126,459,ok
BPIC2020_rfp,toothpaste,activity_gradual,0.8,mean_leaf_skipprob,8.230004459619522e-05,1,ok
BPIC2020_rfp,toothpaste,activity_gradual,0.8,salign_coverage,0.03520760312676296,459,ok
BPIC2020_rfp,toothpaste,activity_gradual,0.8,skipprob,0.00023730099201202393,459,ok
BPIC2020_rfp,toothpaste,activity_gradual,0.8,traces,5.104148199781776,1,ok
BPIC2020_rfp,toothpaste,activity_gradual,0.8,voidmass_deficit_lower,0.0007591051980853081,459,ok
BPIC2020_rfp,toothpaste,activity_gradual,0.8,voidmass_deficit_upper,0.00025030411779880524,459,ok
BPIC2020_rfp,toothpaste,activity_gradual,0.8,voidmass_movecount,0.0002505979500710964,459,ok
BPIC2020_rfp,toothpaste,activity_gradual,0.8,voidmass_movecount_bound,0.00025200238451361656,459,ok
BPIC2020_rfp,toothpaste,activity_gradual,0.8,voidmass_process_lower,0.0002340022474527359,459,ok
BPIC2020_rfp,toothpaste,activity_gradual,0.8,voidmass_process_upper,0.0002171010710299015,459,ok
BPIC2020_rfp,toothpaste,activity_gradual,0.8,voidsalign3,0.011087899561971173,459,ok
BPIC2020_rfp,toothpaste,activity_gradual,0.8,voidsat2,5.783525798469761,459,ok
BPIC2020_rfp,toothpaste,activity_gradual,0.8,weight_voidage,0.004015397746115756,459,ok
BPIC2020_rfp,toothpaste,activity_gradual,0.9,aligned_duration_cache,4.649101700168103,1,ok
BPIC2020_rfp,toothpaste,activity_gradual,0.9,alignment_coverage_pn2_lower,0.006624702364206233,459,ok
BPIC2020_rfp,toothpaste,activity_gradual,0.9,alignment_coverage_pn2_upper,0.002486203797161579,459,ok
BPIC2020_rfp,toothpaste,activity_gradual,0.9,classical,1.675656800158322,1,ok
BPIC2020_rfp,toothpaste,activity_gradual,0.9,dv,6.546961500309408,1,ok
BPIC2020_rfp,toothpaste,activity_gradual,0.9,executions_cache,0.0001320000737905,1,ok
BPIC2020_rfp,toothpaste,activity_gradual,0.9,matchprob,0.00017730193212628365,459,ok
BPIC2020_rfp,toothpaste,activity_gradual,0.9,mean_leaf_skipprob,7.309997454285622e-05,1,ok
BPIC2020_rfp,toothpaste,activity_gradual,0.9,salign_coverage,0.008241707459092083,459,ok
BPIC2020_rfp,toothpaste,activity_gradual,0.9,skipprob,0.0001888028346002102,459,ok
BPIC2020_rfp,toothpaste,activity_gradual,0.9,traces,4.648839599918574,1,ok
BPIC2020_rfp,toothpaste,activity_gradual,0.9,voidmass_deficit_lower,0.0005873008631169796,459,ok
BPIC2020_rfp,toothpaste,activity_gradual,0.9,voidmass_deficit_upper,0.00021299859508872032,459,ok
BPIC2020_rfp,toothpaste,activity_gradual,0.9,voidmass_movecount,0.00021279603242874146,459,ok
BPIC2020_rfp,toothpaste,activity_gradual,0.9,voidmass_movecount_bound,0.0002199942246079445,459,ok
BPIC2020_rfp,toothpaste,activity_gradual,0.9,voidmass_process_lower,0.0002015954814851284,459,ok
BPIC2020_rfp,toothpaste,activity_gradual,0.9,voidmass_process_upper,0.00017939088866114616,459,ok
BPIC2020_rfp,toothpaste,activity_gradual,0.9,voidsalign3,0.0031380909495055676,459,ok
BPIC2020_rfp,toothpaste,activity_gradual,0.9,voidsat2,2.5657324008643396,459,ok
BPIC2020_rfp,toothpaste,activity_gradual,0.9,weight_voidage,0.003167904447764037,459,ok
BPIC2020_rfp,toothpaste,trace,0.1,aligned_duration_cache,5.24963829992339,1,ok
BPIC2020_rfp,toothpaste,trace,0.1,alignment_coverage_pn2_lower,0.1151999989524264,459,ok
BPIC2020_rfp,toothpaste,trace,0.1,alignment_coverage_pn2_upper,0.042413703631606334,459,ok
BPIC2020_rfp,toothpaste,trace,0.1,classical,7.047418900299817,1,ok
BPIC2020_rfp,toothpaste,trace,0.1,dv,13.237919000443071,1,ok
BPIC2020_rfp,toothpaste,trace,0.1,executions_cache,0.0001081000082194,1,ok
BPIC2020_rfp,toothpaste,trace,0.1,matchprob,0.00026980461552739143,459,ok
BPIC2020_rfp,toothpaste,trace,0.1,mean_leaf_skipprob,6.689969450235367e-05,1,ok
BPIC2020_rfp,toothpaste,trace,0.1,salign_coverage,0.1076999930664665,459,ok
BPIC2020_rfp,toothpaste,trace,0.1,skipprob,0.00030540721490979195,459,ok
BPIC2020_rfp,toothpaste,trace,0.1,traces,5.249396700412035,1,ok
BPIC2020_rfp,toothpaste,trace,0.1,voidmass_deficit_lower,0.0009635933674871922,459,ok
BPIC2020_rfp,toothpaste,trace,0.1,voidmass_deficit_upper,0.0003214939497411251,459,ok
BPIC2020_rfp,toothpaste,trace,0.1,voidmass_movecount,0.0003211973235011101,459,ok
BPIC2020_rfp,toothpaste,trace,0.1,voidmass_movecount_bound,0.0003002970479428768,459,ok
BPIC2020_rfp,toothpaste,trace,0.1,voidmass_process_lower,0.00034140003845095634,459,ok
BPIC2020_rfp,toothpaste,trace,0.1,voidmass_process_upper,0.00024520838633179665,459,ok
BPIC2020_rfp,toothpaste,trace,0.1,voidsalign3,0.04291730839758678,459,ok
BPIC2020_rfp,toothpaste,trace,0.1,voidsat2,6.952051803469636,459,ok
BPIC2020_rfp,toothpaste,trace,0.1,weight_voidage,0.004401103593408913,459,ok
BPIC2020_rfp,toothpaste,trace,0.2,aligned_duration_cache,5.0831949999555945,1,ok
BPIC2020_rfp,toothpaste,trace,0.2,alignment_coverage_pn2_lower,0.0952070001512542,459,ok
BPIC2020_rfp,toothpaste,trace,0.2,alignment_coverage_pn2_upper,0.04048329964279848,459,ok
BPIC2020_rfp,toothpaste,trace,0.2,classical,6.6380014000460505,1,ok
BPIC2020_rfp,toothpaste,trace,0.2,dv,12.807604299858212,1,ok
BPIC2020_rfp,toothpaste,trace,0.2,executions_cache,0.0001395000144839,1,ok
BPIC2020_rfp,toothpaste,trace,0.2,matchprob,0.00023239245638251305,459,ok
BPIC2020_rfp,toothpaste,trace,0.2,mean_leaf_skipprob,8.039968088269234e-05,1,ok
BPIC2020_rfp,toothpaste,trace,0.2,salign_coverage,0.0961190005764131,459,ok
BPIC2020_rfp,toothpaste,trace,0.2,skipprob,0.0002650003880262375,459,ok
BPIC2020_rfp,toothpaste,trace,0.2,traces,5.082926000002772,1,ok
BPIC2020_rfp,toothpaste,trace,0.2,voidmass_deficit_lower,0.0007912982255220413,459,ok
BPIC2020_rfp,toothpaste,trace,0.2,voidmass_deficit_upper,0.0002743024379014969,459,ok
BPIC2020_rfp,toothpaste,trace,0.2,voidmass_movecount,0.00029449211433529854,459,ok
BPIC2020_rfp,toothpaste,trace,0.2,voidmass_movecount_bound,0.00025120005011558533,459,ok
BPIC2020_rfp,toothpaste,trace,0.2,voidmass_process_lower,0.00024599628522992134,459,ok
BPIC2020_rfp,toothpaste,trace,0.2,voidmass_process_upper,0.00021990248933434486,459,ok
BPIC2020_rfp,toothpaste,trace,0.2,voidsalign3,0.03959879837929911,459,ok
BPIC2020_rfp,toothpaste,trace,0.2,voidsat2,5.554190400056518,459,ok
BPIC2020_rfp,toothpaste,trace,0.2,weight_voidage,0.004422400146722549,459,ok
BPIC2020_rfp,toothpaste,trace,0.3,aligned_duration_cache,4.239691799972206,1,ok
BPIC2020_rfp,toothpaste,trace,0.3,alignment_coverage_pn2_lower,0.0807809992693137,459,ok
BPIC2020_rfp,toothpaste,trace,0.3,alignment_coverage_pn2_upper,0.034246500581501166,459,ok
BPIC2020_rfp,toothpaste,trace,0.3,classical,6.020603199955076,1,ok
BPIC2020_rfp,toothpaste,trace,0.3,dv,12.119202100206168,1,ok
BPIC2020_rfp,toothpaste,trace,0.3,executions_cache,0.0001121000386774,1,ok
BPIC2020_rfp,toothpaste,trace,0.3,matchprob,0.00022189831361174583,459,ok
BPIC2020_rfp,toothpaste,trace,0.3,mean_leaf_skipprob,7.609976455569267e-05,1,ok
BPIC2020_rfp,toothpaste,trace,0.3,salign_coverage,0.0815871008671588,459,ok
BPIC2020_rfp,toothpaste,trace,0.3,skipprob,0.00023750634863972664,459,ok
BPIC2020_rfp,toothpaste,trace,0.3,traces,4.239447999745607,1,ok
BPIC2020_rfp,toothpaste,trace,0.3,voidmass_deficit_lower,0.0006960975006222725,459,ok
BPIC2020_rfp,toothpaste,trace,0.3,voidmass_deficit_upper,0.0002455003559589386,459,ok
BPIC2020_rfp,toothpaste,trace,0.3,voidmass_movecount,0.00026350561529397964,459,ok
BPIC2020_rfp,toothpaste,trace,0.3,voidmass_movecount_bound,0.000249695498496294,459,ok
BPIC2020_rfp,toothpaste,trace,0.3,voidmass_process_lower,0.00024610012769699097,459,ok
BPIC2020_rfp,toothpaste,trace,0.3,voidmass_process_upper,0.00021660374477505684,459,ok
BPIC2020_rfp,toothpaste,trace,0.3,voidsalign3,0.03398880222812138,459,ok
BPIC2020_rfp,toothpaste,trace,0.3,voidsat2,4.359937900211639,459,ok
BPIC2020_rfp,toothpaste,trace,0.3,weight_voidage,0.003858301322907096,459,ok
BPIC2020_rfp,toothpaste,trace,0.4,aligned_duration_cache,3.543388999998569,1,ok
BPIC2020_rfp,toothpaste,trace,0.4,alignment_coverage_pn2_lower,0.07341279136014614,459,ok
BPIC2020_rfp,toothpaste,trace,0.4,alignment_coverage_pn2_upper,0.03270420012995409,459,ok
BPIC2020_rfp,toothpaste,trace,0.4,classical,5.66413509985432,1,ok
BPIC2020_rfp,toothpaste,trace,0.4,dv,12.25979520007968,1,ok
BPIC2020_rfp,toothpaste,trace,0.4,executions_cache,0.0001307004131376,1,ok
BPIC2020_rfp,toothpaste,trace,0.4,matchprob,0.00019870372489094734,459,ok
BPIC2020_rfp,toothpaste,trace,0.4,mean_leaf_skipprob,8.329981938004494e-05,1,ok
BPIC2020_rfp,toothpaste,trace,0.4,salign_coverage,0.0751785016618437,459,ok
BPIC2020_rfp,toothpaste,trace,0.4,skipprob,0.00023140991106629372,459,ok
BPIC2020_rfp,toothpaste,trace,0.4,traces,3.54314160021022,1,ok
BPIC2020_rfp,toothpaste,trace,0.4,voidmass_deficit_lower,0.000613002572208643,459,ok
BPIC2020_rfp,toothpaste,trace,0.4,voidmass_deficit_upper,0.00023409631103277206,459,ok
BPIC2020_rfp,toothpaste,trace,0.4,voidmass_movecount,0.0002451026812195778,459,ok
BPIC2020_rfp,toothpaste,trace,0.4,voidmass_movecount_bound,0.00022710300981998444,459,ok
BPIC2020_rfp,toothpaste,trace,0.4,voidmass_process_lower,0.00024239951744675636,459,ok
BPIC2020_rfp,toothpaste,trace,0.4,voidmass_process_upper,0.00019049784168601036,459,ok
BPIC2020_rfp,toothpaste,trace,0.4,voidsalign3,0.032084905542432346,459,ok
BPIC2020_rfp,toothpaste,trace,0.4,voidsat2,3.591972806956597,459,ok
BPIC2020_rfp,toothpaste,trace,0.4,weight_voidage,0.003794300369918138,459,ok
BPIC2020_rfp,toothpaste,trace,0.5,aligned_duration_cache,2.891469500027597,1,ok
BPIC2020_rfp,toothpaste,trace,0.5,alignment_coverage_pn2_lower,0.061914097517716024,459,ok
BPIC2020_rfp,toothpaste,trace,0.5,alignment_coverage_pn2_upper,0.02814369555562597,459,ok
BPIC2020_rfp,toothpaste,trace,0.5,classical,4.995769500266761,1,ok
BPIC2020_rfp,toothpaste,trace,0.5,dv,11.57548480015248,1,ok
BPIC2020_rfp,toothpaste,trace,0.5,executions_cache,0.000129799824208,1,ok
BPIC2020_rfp,toothpaste,trace,0.5,matchprob,0.00018809828907251358,459,ok
BPIC2020_rfp,toothpaste,trace,0.5,mean_leaf_skipprob,6.7099928855896e-05,1,ok
BPIC2020_rfp,toothpaste,trace,0.5,salign_coverage,0.06497520068658087,459,ok
BPIC2020_rfp,toothpaste,trace,0.5,skipprob,0.00020670052617788315,459,ok
BPIC2020_rfp,toothpaste,trace,0.5,traces,2.8912095995619893,1,ok
BPIC2020_rfp,toothpaste,trace,0.5,voidmass_deficit_lower,0.0005781007930636406,459,ok
BPIC2020_rfp,toothpaste,trace,0.5,voidmass_deficit_upper,0.00022530462592840195,459,ok
BPIC2020_rfp,toothpaste,trace,0.5,voidmass_movecount,0.00021950295194983482,459,ok
BPIC2020_rfp,toothpaste,trace,0.5,voidmass_movecount_bound,0.00022300425916910172,459,ok
BPIC2020_rfp,toothpaste,trace,0.5,voidmass_process_lower,0.00021509872749447823,459,ok
BPIC2020_rfp,toothpaste,trace,0.5,voidmass_process_upper,0.00019000330939888954,459,ok
BPIC2020_rfp,toothpaste,trace,0.5,voidsalign3,0.028048203326761008,459,ok
BPIC2020_rfp,toothpaste,trace,0.5,voidsat2,2.808991301339098,459,ok
BPIC2020_rfp,toothpaste,trace,0.5,weight_voidage,0.0034299977123735436,459,ok
BPIC2020_rfp,toothpaste,trace,0.6,aligned_duration_cache,2.4374485998414457,1,ok
BPIC2020_rfp,toothpaste,trace,0.6,alignment_coverage_pn2_lower,0.06992119783534652,459,ok
BPIC2020_rfp,toothpaste,trace,0.6,alignment_coverage_pn2_upper,0.02416689926758291,459,ok
BPIC2020_rfp,toothpaste,trace,0.6,classical,4.16688789986074,1,ok
BPIC2020_rfp,toothpaste,trace,0.6,dv,10.69664099998772,1,ok
BPIC2020_rfp,toothpaste,trace,0.6,executions_cache,0.0001417999155819,1,ok
BPIC2020_rfp,toothpaste,trace,0.6,matchprob,0.0001948028802871704,459,ok
BPIC2020_rfp,toothpaste,trace,0.6,mean_leaf_skipprob,7.560010999441147e-05,1,ok
BPIC2020_rfp,toothpaste,trace,0.6,salign_coverage,0.07531500188632409,459,ok
BPIC2020_rfp,toothpaste,trace,0.6,skipprob,0.00022529717534780502,459,ok
BPIC2020_rfp,toothpaste,trace,0.6,traces,2.4372887001372874,1,ok
BPIC2020_rfp,toothpaste,trace,0.6,voidmass_deficit_lower,0.0006757969968020916,459,ok
BPIC2020_rfp,toothpaste,trace,0.6,voidmass_deficit_upper,0.00022349879145622253,459,ok
BPIC2020_rfp,toothpaste,trace,0.6,voidmass_movecount,0.00023220572620630264,459,ok
BPIC2020_rfp,toothpaste,trace,0.6,voidmass_movecount_bound,0.00022490648552775383,459,ok
BPIC2020_rfp,toothpaste,trace,0.6,voidmass_process_lower,0.00022150250151753426,459,ok
BPIC2020_rfp,toothpaste,trace,0.6,voidmass_process_upper,0.00019530393183231354,459,ok
BPIC2020_rfp,toothpaste,trace,0.6,voidsalign3,0.024203300476073556,459,ok
BPIC2020_rfp,toothpaste,trace,0.6,voidsat2,2.4154650969430578,459,ok
BPIC2020_rfp,toothpaste,trace,0.6,weight_voidage,0.003778703045099754,459,ok
BPIC2020_rfp,toothpaste,trace,0.7,aligned_duration_cache,1.850472800433636,1,ok
BPIC2020_rfp,toothpaste,trace,0.7,alignment_coverage_pn2_lower,0.04481099592521496,459,ok
BPIC2020_rfp,toothpaste,trace,0.7,alignment_coverage_pn2_upper,0.021993800997733078,459,ok
BPIC2020_rfp,toothpaste,trace,0.7,classical,3.818267500028014,1,ok
BPIC2020_rfp,toothpaste,trace,0.7,dv,11.1435714000836,1,ok
BPIC2020_rfp,toothpaste,trace,0.7,executions_cache,0.0001286002807319,1,ok
BPIC2020_rfp,toothpaste,trace,0.7,matchprob,0.0001818002201616764,459,ok
BPIC2020_rfp,toothpaste,trace,0.7,mean_leaf_skipprob,6.680004298686981e-05,1,ok
BPIC2020_rfp,toothpaste,trace,0.7,salign_coverage,0.1221278058364947,459,ok
BPIC2020_rfp,toothpaste,trace,0.7,skipprob,0.0001929975114762783,459,ok
BPIC2020_rfp,toothpaste,trace,0.7,traces,1.8502055001445117,1,ok
BPIC2020_rfp,toothpaste,trace,0.7,voidmass_deficit_lower,0.0005494994111359119,459,ok
BPIC2020_rfp,toothpaste,trace,0.7,voidmass_deficit_upper,0.00020950613543391228,459,ok
BPIC2020_rfp,toothpaste,trace,0.7,voidmass_movecount,0.00021879514679312706,459,ok
BPIC2020_rfp,toothpaste,trace,0.7,voidmass_movecount_bound,0.000204404816031456,459,ok
BPIC2020_rfp,toothpaste,trace,0.7,voidmass_process_lower,0.0001908978447318077,459,ok
BPIC2020_rfp,toothpaste,trace,0.7,voidmass_process_upper,0.00017650099471211433,459,ok
BPIC2020_rfp,toothpaste,trace,0.7,voidsalign3,0.021437597461044268,459,ok
BPIC2020_rfp,toothpaste,trace,0.7,voidsat2,1.6032890002242994,459,ok
BPIC2020_rfp,toothpaste,trace,0.7,weight_voidage,0.003399407025426429,459,ok
BPIC2020_rfp,toothpaste,trace,0.8,aligned_duration_cache,1.194098399952054,1,ok
BPIC2020_rfp,toothpaste,trace,0.8,alignment_coverage_pn2_lower,0.06208769464864005,459,ok
BPIC2020_rfp,toothpaste,trace,0.8,alignment_coverage_pn2_upper,0.020120703149586132,459,ok
BPIC2020_rfp,toothpaste,trace,0.8,classical,3.613095600157976,1,ok
BPIC2020_rfp,toothpaste,trace,0.8,dv,10.758925499860196,1,ok
BPIC2020_rfp,toothpaste,trace,0.8,executions_cache,0.0001296000555157,1,ok
BPIC2020_rfp,toothpaste,trace,0.8,matchprob,0.00025290437042713165,459,ok
BPIC2020_rfp,toothpaste,trace,0.8,mean_leaf_skipprob,9.34000127017498e-05,1,ok
BPIC2020_rfp,toothpaste,trace,0.8,salign_coverage,0.06136719975619012,459,ok
BPIC2020_rfp,toothpaste,trace,0.8,skipprob,0.00026419712230563164,459,ok
BPIC2020_rfp,toothpaste,trace,0.8,traces,1.1938319001346829,1,ok
BPIC2020_rfp,toothpaste,trace,0.8,voidmass_deficit_lower,0.0009651086293160915,459,ok
BPIC2020_rfp,toothpaste,trace,0.8,voidmass_deficit_upper,0.0002798018977046013,459,ok
BPIC2020_rfp,toothpaste,trace,0.8,voidmass_movecount,0.00031519820913672447,459,ok
BPIC2020_rfp,toothpaste,trace,0.8,voidmass_movecount_bound,0.0002965889871120453,459,ok
BPIC2020_rfp,toothpaste,trace,0.8,voidmass_process_lower,0.00028720544651150703,459,ok
BPIC2020_rfp,toothpaste,trace,0.8,voidmass_process_upper,0.00025510089471936226,459,ok
BPIC2020_rfp,toothpaste,trace,0.8,voidsalign3,0.020459801889955293,459,ok
BPIC2020_rfp,toothpaste,trace,0.8,voidsat2,1.5617478922940564,459,ok
BPIC2020_rfp,toothpaste,trace,0.8,weight_voidage,0.0045905974693594125,459,ok
BPIC2020_rfp,toothpaste,trace,0.9,aligned_duration_cache,0.631022300105542,1,ok
BPIC2020_rfp,toothpaste,trace,0.9,alignment_coverage_pn2_lower,0.02240400202572296,459,ok
BPIC2020_rfp,toothpaste,trace,0.9,alignment_coverage_pn2_upper,0.01158940512686916,459,ok
BPIC2020_rfp,toothpaste,trace,0.9,classical,1.6905416999943554,1,ok
BPIC2020_rfp,toothpaste,trace,0.9,dv,9.793130099773409,1,ok
BPIC2020_rfp,toothpaste,trace,0.9,executions_cache,0.0001353002153337,1,ok
BPIC2020_rfp,toothpaste,trace,0.9,matchprob,0.00014960160478949547,459,ok
BPIC2020_rfp,toothpaste,trace,0.9,mean_leaf_skipprob,6.92000612616539e-05,1,ok
BPIC2020_rfp,toothpaste,trace,0.9,salign_coverage,0.3150739986449477,459,ok
BPIC2020_rfp,toothpaste,trace,0.9,skipprob,0.0001649037003517151,459,ok
BPIC2020_rfp,toothpaste,trace,0.9,traces,0.6307481001131237,1,ok
BPIC2020_rfp,toothpaste,trace,0.9,voidmass_deficit_lower,0.00044229859486222267,459,ok
BPIC2020_rfp,toothpaste,trace,0.9,voidmass_deficit_upper,0.00019010109826922417,459,ok
BPIC2020_rfp,toothpaste,trace,0.9,voidmass_movecount,0.0001817033626139164,459,ok
BPIC2020_rfp,toothpaste,trace,0.9,voidmass_movecount_bound,0.0001919977366924286,459,ok
BPIC2020_rfp,toothpaste,trace,0.9,voidmass_process_lower,0.00017189234495162964,459,ok
BPIC2020_rfp,toothpaste,trace,0.9,voidmass_process_upper,0.00016371114179491997,459,ok
BPIC2020_rfp,toothpaste,trace,0.9,voidsalign3,0.011647500563412816,459,ok
BPIC2020_rfp,toothpaste,trace,0.9,voidsat2,0.5074528986587897,459,ok
BPIC2020_rfp,toothpaste,trace,0.9,weight_voidage,0.0027027996256945488,459,ok
BPIC2020_rfp,toothpaste,,0.0,aligned_duration_cache,5.653795599937439,1,ok
BPIC2020_rfp,toothpaste,,0.0,alignment_coverage_pn2_lower,0.35107610467819084,459,ok
BPIC2020_rfp,toothpaste,,0.0,alignment_coverage_pn2_upper,0.0427142945118224,459,ok
BPIC2020_rfp,toothpaste,,0.0,classical,7.298804800026119,1,ok
BPIC2020_rfp,toothpaste,,0.0,dv,13.287629500031471,1,ok
BPIC2020_rfp,toothpaste,,0.0,executions_cache,0.000157100148499,1,ok
BPIC2020_rfp,toothpaste,,0.0,matchprob,0.0002202056348323822,459,ok
BPIC2020_rfp,toothpaste,,0.0,mean_leaf_skipprob,8.299993351101875e-05,1,ok
BPIC2020_rfp,toothpaste,,0.0,salign_coverage,0.10034690098834739,459,ok
BPIC2020_rfp,toothpaste,,0.0,skipprob,0.00024300161749124527,459,ok
BPIC2020_rfp,toothpaste,,0.0,traces,5.653491899836808,1,ok
BPIC2020_rfp,toothpaste,,0.0,voidmass_deficit_lower,0.0008702026680111885,459,ok
BPIC2020_rfp,toothpaste,,0.0,voidmass_deficit_upper,0.00026520341634750366,459,ok
BPIC2020_rfp,toothpaste,,0.0,voidmass_movecount,0.0002803024835884571,459,ok
BPIC2020_rfp,toothpaste,,0.0,voidmass_movecount_bound,0.0002622990868985653,459,ok
BPIC2020_rfp,toothpaste,,0.0,voidmass_process_lower,0.00026310840621590614,459,ok
BPIC2020_rfp,toothpaste,,0.0,voidmass_process_upper,0.00021931063383817673,459,ok
BPIC2020_rfp,toothpaste,,0.0,voidsalign3,0.041856304742393026,459,ok
BPIC2020_rfp,toothpaste,,0.0,voidsat2,6.3430099003016736,459,ok
BPIC2020_rfp,toothpaste,,0.0,weight_voidage,0.004155293572693896,459,ok
BPIC2020_rfp,toothpaste_noise10,activity_frequency_gradual,0.1,aligned_duration_cache,5.704905200283974,1,ok
BPIC2020_rfp,toothpaste_noise10,activity_frequency_gradual,0.1,alignment_coverage_pn2_lower,0.0102603998966493,44,ok
BPIC2020_rfp,toothpaste_noise10,activity_frequency_gradual,0.1,alignment_coverage_pn2_upper,0.004067800473420819,44,ok
BPIC2020_rfp,toothpaste_noise10,activity_frequency_gradual,0.1,classical,2.5059137996286154,1,ok
BPIC2020_rfp,toothpaste_noise10,activity_frequency_gradual,0.1,dv,8.371613000053912,1,ok
BPIC2020_rfp,toothpaste_noise10,activity_frequency_gradual,0.1,executions_cache,1.530023291707039e-05,1,ok
BPIC2020_rfp,toothpaste_noise10,activity_frequency_gradual,0.1,matchprob,2.799835056066513e-05,44,ok
BPIC2020_rfp,toothpaste_noise10,activity_frequency_gradual,0.1,mean_leaf_skipprob,1.3499986380338669e-05,1,ok
BPIC2020_rfp,toothpaste_noise10,activity_frequency_gradual,0.1,salign_coverage,0.0563559005968253,44,ok
BPIC2020_rfp,toothpaste_noise10,activity_frequency_gradual,0.1,skipprob,2.5703106075525284e-05,44,ok
BPIC2020_rfp,toothpaste_noise10,activity_frequency_gradual,0.1,traces,5.704852799884975,1,ok
BPIC2020_rfp,toothpaste_noise10,activity_frequency_gradual,0.1,voidmass_deficit_lower,7.610069587826729e-05,44,ok
BPIC2020_rfp,toothpaste_noise10,activity_frequency_gradual,0.1,voidmass_deficit_upper,3.079976886510849e-05,44,ok
BPIC2020_rfp,toothpaste_noise10,activity_frequency_gradual,0.1,voidmass_movecount,3.090081736445427e-05,44,ok
BPIC2020_rfp,toothpaste_noise10,activity_frequency_gradual,0.1,voidmass_movecount_bound,2.9398128390312195e-05,44,ok
BPIC2020_rfp,toothpaste_noise10,activity_frequency_gradual,0.1,voidmass_process_lower,3.2600946724414825e-05,44,ok
BPIC2020_rfp,toothpaste_noise10,activity_frequency_gradual,0.1,voidmass_process_upper,2.450123429298401e-05,44,ok
BPIC2020_rfp,toothpaste_noise10,activity_frequency_gradual,0.1,voidsalign3,0.007188400719314313,44,ok
BPIC2020_rfp,toothpaste_noise10,activity_frequency_gradual,0.1,voidsat2,1.1386810010299067,44,ok
BPIC2020_rfp,toothpaste_noise10,activity_frequency_gradual,0.1,weight_voidage,0.00035639945417642593,44,ok
BPIC2020_rfp,toothpaste_noise10,activity_frequency_gradual,0.2,aligned_duration_cache,5.765037199947983,1,ok
BPIC2020_rfp,toothpaste_noise10,activity_frequency_gradual,0.2,alignment_coverage_pn2_lower,0.00879219919442937,44,ok
BPIC2020_rfp,toothpaste_noise10,activity_frequency_gradual,0.2,alignment_coverage_pn2_upper,0.0034083998762064935,44,ok
BPIC2020_rfp,toothpaste_noise10,activity_frequency_gradual,0.2,classical,2.3706786995753646,1,ok
BPIC2020_rfp,toothpaste_noise10,activity_frequency_gradual,0.2,dv,8.027826100122184,1,ok
BPIC2020_rfp,toothpaste_noise10,activity_frequency_gradual,0.2,executions_cache,1.6700010746717453e-05,1,ok
BPIC2020_rfp,toothpaste_noise10,activity_frequency_gradual,0.2,matchprob,2.8800684958696365e-05,44,ok
BPIC2020_rfp,toothpaste_noise10,activity_frequency_gradual,0.2,mean_leaf_skipprob,1.4500226825475693e-05,1,ok
BPIC2020_rfp,toothpaste_noise10,activity_frequency_gradual,0.2,salign_coverage,0.0124723995104409,44,ok
BPIC2020_rfp,toothpaste_noise10,activity_frequency_gradual,0.2,skipprob,2.8197187930345535e-05,44,ok
BPIC2020_rfp,toothpaste_noise10,activity_frequency_gradual,0.2,traces,5.764990400057286,1,ok
BPIC2020_rfp,toothpaste_noise10,activity_frequency_gradual,0.2,voidmass_deficit_lower,8.479971438646317e-05,44,ok
BPIC2020_rfp,toothpaste_noise10,activity_frequency_gradual,0.2,voidmass_deficit_upper,3.169756382703781e-05,44,ok
BPIC2020_rfp,toothpaste_noise10,activity_frequency_gradual,0.2,voidmass_movecount,3.260234370827675e-05,44,ok
BPIC2020_rfp,toothpaste_noise10,activity_frequency_gradual,0.2,voidmass_movecount_bound,3.060000017285347e-05,44,ok
BPIC2020_rfp,toothpaste_noise10,activity_frequency_gradual,0.2,voidmass_process_lower,3.1902920454740524e-05,44,ok
BPIC2020_rfp,toothpaste_noise10,activity_frequency_gradual,0.2,voidmass_process_upper,2.620415762066841e-05,44,ok
BPIC2020_rfp,toothpaste_noise10,activity_frequency_gradual,0.2,voidsalign3,0.004933201242237777,44,ok
BPIC2020_rfp,toothpaste_noise10,activity_frequency_gradual,0.2,voidsat2,1.056711200624702,44,ok
BPIC2020_rfp,toothpaste_noise10,activity_frequency_gradual,0.2,weight_voidage,0.00035419780761003494,44,ok
BPIC2020_rfp,toothpaste_noise10,activity_frequency_gradual,0.3,aligned_duration_cache,6.380090299993753,1,ok
BPIC2020_rfp,toothpaste_noise10,activity_frequency_gradual,0.3,alignment_coverage_pn2_lower,0.005061301868407999,44,ok
BPIC2020_rfp,toothpaste_noise10,activity_frequency_gradual,0.3,alignment_coverage_pn2_upper,0.0019111000001428727,44,ok
BPIC2020_rfp,toothpaste_noise10,activity_frequency_gradual,0.3,classical,2.491589799989015,1,ok
BPIC2020_rfp,toothpaste_noise10,activity_frequency_gradual,0.3,dv,7.977825399953872,1,ok
BPIC2020_rfp,toothpaste_noise10,activity_frequency_gradual,0.3,executions_cache,1.5400350093841553e-05,1,ok
BPIC2020_rfp,toothpaste_noise10,activity_frequency_gradual,0.3,matchprob,2.4601351469755173e-05,44,ok
BPIC2020_rfp,toothpaste_noise10,activity_frequency_gradual,0.3,mean_leaf_skipprob,1.439964398741722e-05,1,ok
BPIC2020_rfp,toothpaste_noise10,activity_frequency_gradual,0.3,salign_coverage,0.007659098599105159,44,ok
BPIC2020_rfp,toothpaste_noise10,activity_frequency_gradual,0.3,skipprob,2.5399960577487946e-05,44,ok
BPIC2020_rfp,toothpaste_noise10,activity_frequency_gradual,0.3,traces,6.380044300109148,1,ok
BPIC2020_rfp,toothpaste_noise10,activity_frequency_gradual,0.3,voidmass_deficit_lower,6.96992501616478e-05,44,ok
BPIC2020_rfp,toothpaste_noise10,activity_frequency_gradual,0.3,voidmass_deficit_upper,2.800067886710167e-05,44,ok
BPIC2020_rfp,toothpaste_noise10,activity_frequency_gradual,0.3,voidmass_movecount,2.940138801932335e-05,44,ok
BPIC2020_rfp,toothpaste_noise10,activity_frequency_gradual,0.3,voidmass_movecount_bound,2.619996666908264e-05,44,ok
BPIC2020_rfp,toothpaste_noise10,activity_frequency_gradual,0.3,voidmass_process_lower,2.8199050575494766e-05,44,ok
BPIC2020_rfp,toothpaste_noise10,activity_frequency_gradual,0.3,voidmass_process_upper,2.2500287741422653e-05,44,ok
BPIC2020_rfp,toothpaste_noise10,activity_frequency_gradual,0.3,voidsalign3,0.003078499808907168,44,ok
BPIC2020_rfp,toothpaste_noise10,activity_frequency_gradual,0.3,voidsat2,0.9392387005500474,44,ok
BPIC2020_rfp,toothpaste_noise10,activity_frequency_gradual,0.3,weight_voidage,0.00032170070335268974,44,ok
BPIC2020_rfp,toothpaste_noise10,activity_frequency_gradual,0.4,aligned_duration_cache,5.704536200035363,1,ok
BPIC2020_rfp,toothpaste_noise10,activity_frequency_gradual,0.4,alignment_coverage_pn2_lower,0.0041777002625160865,44,ok
BPIC2020_rfp,toothpaste_noise10,activity_frequency_gradual,0.4,alignment_coverage_pn2_upper,0.001822199672460505,44,ok
BPIC2020_rfp,toothpaste_noise10,activity_frequency_gradual,0.4,classical,2.4729805001989007,1,ok
BPIC2020_rfp,toothpaste_noise10,activity_frequency_gradual,0.4,dv,7.931075300090015,1,ok
BPIC2020_rfp,toothpaste_noise10,activity_frequency_gradual,0.4,executions_cache,1.6099773347377777e-05,1,ok
BPIC2020_rfp,toothpaste_noise10,activity_frequency_gradual,0.4,matchprob,2.1000392735004425e-05,44,ok
BPIC2020_rfp,toothpaste_noise10,activity_frequency_gradual,0.4,mean_leaf_skipprob,1.3499986380338669e-05,1,ok
BPIC2020_rfp,toothpaste_noise10,activity_frequency_gradual,0.4,salign_coverage,0.0065692006610327935,44,ok
BPIC2020_rfp,toothpaste_noise10,activity_frequency_gradual,0.4,skipprob,1.96993350982666e-05,44,ok
BPIC2020_rfp,toothpaste_noise10,activity_frequency_gradual,0.4,traces,5.704489700030536,1,ok
BPIC2020_rfp,toothpaste_noise10,activity_frequency_gradual,0.4,voidmass_deficit_lower,6.069894880056381e-05,44,ok
BPIC2020_rfp,toothpaste_noise10,activity_frequency_gradual,0.4,voidmass_deficit_upper,2.1100975573062897e-05,44,ok
BPIC2020_rfp,toothpaste_noise10,activity_frequency_gradual,0.4,voidmass_movecount,2.4800188839435577e-05,44,ok
BPIC2020_rfp,toothpaste_noise10,activity_frequency_gradual,0.4,voidmass_movecount_bound,2.220040187239647e-05,44,ok
BPIC2020_rfp,toothpaste_noise10,activity_frequency_gradual,0.4,voidmass_process_lower,2.450123429298401e-05,44,ok
BPIC2020_rfp,toothpaste_noise10,activity_frequency_gradual,0.4,voidmass_process_upper,1.83996744453907e-05,44,ok
BPIC2020_rfp,toothpaste_noise10,activity_frequency_gradual,0.4,voidsalign3,0.0028340001590545266,44,ok
BPIC2020_rfp,toothpaste_noise10,activity_frequency_gradual,0.4,voidsat2,0.8022833010181762,44,ok
BPIC2020_rfp,toothpaste_noise10,activity_frequency_gradual,0.4,weight_voidage,0.0002648979425430298,44,ok
BPIC2020_rfp,toothpaste_noise10,activity_frequency_gradual,0.5,aligned_duration_cache,5.609700500033796,1,ok
BPIC2020_rfp,toothpaste_noise10,activity_frequency_gradual,0.5,alignment_coverage_pn2_lower,0.003477299120276829,44,ok
BPIC2020_rfp,toothpaste_noise10,activity_frequency_gradual,0.5,alignment_coverage_pn2_upper,0.0014992016367612916,44,ok
BPIC2020_rfp,toothpaste_noise10,activity_frequency_gradual,0.5,classical,2.717138299718499,1,ok
BPIC2020_rfp,toothpaste_noise10,activity_frequency_gradual,0.5,dv,8.122248400002718,1,ok
BPIC2020_rfp,toothpaste_noise10,activity_frequency_gradual,0.5,executions_cache,1.4599878340959547e-05,1,ok
BPIC2020_rfp,toothpaste_noise10,activity_frequency_gradual,0.5,matchprob,2.2297725081443787e-05,44,ok
BPIC2020_rfp,toothpaste_noise10,activity_frequency_gradual,0.5,mean_leaf_skipprob,1.2800097465515137e-05,1,ok
BPIC2020_rfp,toothpaste_noise10,activity_frequency_gradual,0.5,salign_coverage,0.00579539779573625,44,ok
BPIC2020_rfp,toothpaste_noise10,activity_frequency_gradual,0.5,skipprob,2.139899879693985e-05,44,ok
BPIC2020_rfp,toothpaste_noise10,activity_frequency_gradual,0.5,traces,5.609654999803752,1,ok
BPIC2020_rfp,toothpaste_noise10,activity_frequency_gradual,0.5,voidmass_deficit_lower,5.519716069102287e-05,44,ok
BPIC2020_rfp,toothpaste_noise10,activity_frequency_gradual,0.5,voidmass_deficit_upper,2.400064840912819e-05,44,ok
BPIC2020_rfp,toothpaste_noise10,activity_frequency_gradual,0.5,voidmass_movecount,2.3399479687213898e-05,44,ok
BPIC2020_rfp,toothpaste_noise10,activity_frequency_gradual,0.5,voidmass_movecount_bound,2.450123429298401e-05,44,ok
BPIC2020_rfp,toothpaste_noise10,activity_frequency_gradual,0.5,voidmass_process_lower,3.0499417334794998e-05,44,ok
BPIC2020_rfp,toothpaste_noise10,activity_frequency_gradual,0.5,voidmass_process_upper,1.74008309841156e-05,44,ok
BPIC2020_rfp,toothpaste_noise10,activity_frequency_gradual,0.5,voidsalign3,0.0024162032641468338,44,ok
BPIC2020_rfp,toothpaste_noise10,activity_frequency_gradual,0.5,voidsat2,0.772458600345997,44,ok
BPIC2020_rfp,toothpaste_noise10,activity_frequency_gradual,0.5,weight_voidage,0.0002832007594406605,44,ok
BPIC2020_rfp,toothpaste_noise10,activity_frequency_gradual,0.6,aligned_duration_cache,5.476067699957639,1,ok
BPIC2020_rfp,toothpaste_noise10,activity_frequency_gradual,0.6,alignment_coverage_pn2_lower,0.004325599875300629,44,ok
BPIC2020_rfp,toothpaste_noise10,activity_frequency_gradual,0.6,alignment_coverage_pn2_upper,0.0016824007034300687,44,ok
BPIC2020_rfp,toothpaste_noise10,activity_frequency_gradual,0.6,classical,2.870286399964243,1,ok
BPIC2020_rfp,toothpaste_noise10,activity_frequency_gradual,0.6,dv,7.951542900409549,1,ok
BPIC2020_rfp,toothpaste_noise10,activity_frequency_gradual,0.6,executions_cache,1.9799917936325077e-05,1,ok
BPIC2020_rfp,toothpaste_noise10,activity_frequency_gradual,0.6,matchprob,2.1900516003370285e-05,44,ok
BPIC2020_rfp,toothpaste_noise10,activity_frequency_gradual,0.6,mean_leaf_skipprob,1.3599637895822523e-05,1,ok
BPIC2020_rfp,toothpaste_noise10,activity_frequency_gradual,0.6,salign_coverage,0.007173798512666479,44,ok
BPIC2020_rfp,toothpaste_noise10,activity_frequency_gradual,0.6,skipprob,2.230098471045494e-05,44,ok
BPIC2020_rfp,toothpaste_noise10,activity_frequency_gradual,0.6,traces,5.476007599849254,1,ok
BPIC2020_rfp,toothpaste_noise10,activity_frequency_gradual,0.6,voidmass_deficit_lower,6.669992581009865e-05,44,ok
BPIC2020_rfp,toothpaste_noise10,activity_frequency_gradual,0.6,voidmass_deficit_upper,2.3398548364639282e-05,44,ok
BPIC2020_rfp,toothpaste_noise10,activity_frequency_gradual,0.6,voidmass_movecount,2.7101952582597733e-05,44,ok
BPIC2020_rfp,toothpaste_noise10,activity_frequency_gradual,0.6,voidmass_movecount_bound,2.509821206331253e-05,44,ok
BPIC2020_rfp,toothpaste_noise10,activity_frequency_gradual,0.6,voidmass_process_lower,2.469867467880249e-05,44,ok
BPIC2020_rfp,toothpaste_noise10,activity_frequency_gradual,0.6,voidmass_process_upper,2.110050991177559e-05,44,ok
BPIC2020_rfp,toothpaste_noise10,activity_frequency_gradual,0.6,voidsalign3,0.002845500130205916,44,ok
BPIC2020_rfp,toothpaste_noise10,activity_frequency_gradual,0.6,voidsat2,0.7982570985332111,44,ok
BPIC2020_rfp,toothpaste_noise10,activity_frequency_gradual,0.6,weight_voidage,0.0003138999454677105,44,ok
BPIC2020_rfp,toothpaste_noise10,activity_frequency_gradual,0.7,aligned_duration_cache,5.478510099928826,1,ok
BPIC2020_rfp,toothpaste_noise10,activity_frequency_gradual,0.7,alignment_coverage_pn2_lower,0.00544859981164287,44,ok
BPIC2020_rfp,toothpaste_noise10,activity_frequency_gradual,0.7,alignment_coverage_pn2_upper,0.0014066989533602257,44,ok
BPIC2020_rfp,toothpaste_noise10,activity_frequency_gradual,0.7,classical,2.507988499943167,1,ok
BPIC2020_rfp,toothpaste_noise10,activity_frequency_gradual,0.7,dv,7.733314000070095,1,ok
BPIC2020_rfp,toothpaste_noise10,activity_frequency_gradual,0.7,executions_cache,1.5599653124809265e-05,1,ok
BPIC2020_rfp,toothpaste_noise10,activity_frequency_gradual,0.7,matchprob,2.260180190205574e-05,44,ok
BPIC2020_rfp,toothpaste_noise10,activity_frequency_gradual,0.7,mean_leaf_skipprob,1.2200325727462769e-05,1,ok
BPIC2020_rfp,toothpaste_noise10,activity_frequency_gradual,0.7,salign_coverage,0.005945800803600906,44,ok
BPIC2020_rfp,toothpaste_noise10,activity_frequency_gradual,0.7,skipprob,2.1801795810461044e-05,44,ok
BPIC2020_rfp,toothpaste_noise10,activity_frequency_gradual,0.7,traces,5.4784622001461685,1,ok
BPIC2020_rfp,toothpaste_noise10,activity_frequency_gradual,0.7,voidmass_deficit_lower,6.299884989857674e-05,44,ok
BPIC2020_rfp,toothpaste_noise10,activity_frequency_gradual,0.7,voidmass_deficit_upper,2.3600179702043533e-05,44,ok
BPIC2020_rfp,toothpaste_noise10,activity_frequency_gradual,0.7,voidmass_movecount,2.500182017683983e-05,44,ok
BPIC2020_rfp,toothpaste_noise10,activity_frequency_gradual,0.7,voidmass_movecount_bound,2.6800669729709625e-05,44,ok
BPIC2020_rfp,toothpaste_noise10,activity_frequency_gradual,0.7,voidmass_process_lower,2.4400651454925537e-05,44,ok
BPIC2020_rfp,toothpaste_noise10,activity_frequency_gradual,0.7,voidmass_process_upper,2.12998129427433e-05,44,ok
BPIC2020_rfp,toothpaste_noise10,activity_frequency_gradual,0.7,voidsalign3,0.0021106000058350436,44,ok
BPIC2020_rfp,toothpaste_noise10,activity_frequency_gradual,0.7,voidsat2,0.5960071980953195,44,ok
BPIC2020_rfp,toothpaste_noise10,activity_frequency_gradual,0.7,weight_voidage,0.0003121010959148407,44,ok
BPIC2020_rfp,toothpaste_noise10,activity_frequency_gradual,0.8,aligned_duration_cache,5.249135300051421,1,ok
BPIC2020_rfp,toothpaste_noise10,activity_frequency_gradual,0.8,alignment_coverage_pn2_lower,0.0009654993191360552,44,ok
BPIC2020_rfp,toothpaste_noise10,activity_frequency_gradual,0.8,alignment_coverage_pn2_upper,0.0003977986052632332,44,ok
BPIC2020_rfp,toothpaste_noise10,activity_frequency_gradual,0.8,classical,1.8333046003244815,1,ok
BPIC2020_rfp,toothpaste_noise10,activity_frequency_gradual,0.8,dv,6.219508700072765,1,ok
BPIC2020_rfp,toothpaste_noise10,activity_frequency_gradual,0.8,executions_cache,1.659989356994629e-05,1,ok
BPIC2020_rfp,toothpaste_noise10,activity_frequency_gradual,0.8,matchprob,2.0098406821489334e-05,44,ok
BPIC2020_rfp,toothpaste_noise10,activity_frequency_gradual,0.8,mean_leaf_skipprob,1.2800097465515137e-05,1,ok
BPIC2020_rfp,toothpaste_noise10,activity_frequency_gradual,0.8,salign_coverage,0.0015063993632793414,44,ok
BPIC2020_rfp,toothpaste_noise10,activity_frequency_gradual,0.8,skipprob,1.9700266420841217e-05,44,ok
BPIC2020_rfp,toothpaste_noise10,activity_frequency_gradual,0.8,traces,5.249086200259626,1,ok
BPIC2020_rfp,toothpaste_noise10,activity_frequency_gradual,0.8,voidmass_deficit_lower,5.470123142004013e-05,44,ok
BPIC2020_rfp,toothpaste_noise10,activity_frequency_gradual,0.8,voidmass_deficit_upper,2.350006252527237e-05,44,ok
BPIC2020_rfp,toothpaste_noise10,activity_frequency_gradual,0.8,voidmass_movecount,2.349819988012314e-05,44,ok
BPIC2020_rfp,toothpaste_noise10,activity_frequency_gradual,0.8,voidmass_movecount_bound,2.2300519049167633e-05,44,ok
BPIC2020_rfp,toothpaste_noise10,activity_frequency_gradual,0.8,voidmass_process_lower,2.2199004888534546e-05,44,ok
BPIC2020_rfp,toothpaste_noise10,activity_frequency_gradual,0.8,voidmass_process_upper,2.039968967437744e-05,44,ok
BPIC2020_rfp,toothpaste_noise10,activity_frequency_gradual,0.8,voidsalign3,0.000584400724619627,44,ok
BPIC2020_rfp,toothpaste_noise10,activity_frequency_gradual,0.8,voidsat2,0.3363022007979428,44,ok
BPIC2020_rfp,toothpaste_noise10,activity_frequency_gradual,0.8,weight_voidage,0.00025930115953087807,44,ok
BPIC2020_rfp,toothpaste_noise10,activity_frequency_gradual,0.9,aligned_duration_cache,2.716613699682057,1,ok
BPIC2020_rfp,toothpaste_noise10,activity_frequency_gradual,0.9,alignment_coverage_pn2_lower,0.0005374001339076966,44,ok
BPIC2020_rfp,toothpaste_noise10,activity_frequency_gradual,0.9,alignment_coverage_pn2_upper,0.00027930084615945816,44,ok
BPIC2020_rfp,toothpaste_noise10,activity_frequency_gradual,0.9,classical,0.9203046998009086,1,ok
BPIC2020_rfp,toothpaste_noise10,activity_frequency_gradual,0.9,dv,6.058123200200498,1,ok
BPIC2020_rfp,toothpaste_noise10,activity_frequency_gradual,0.9,executions_cache,1.509999856352806e-05,1,ok
BPIC2020_rfp,toothpaste_noise10,activity_frequency_gradual,0.9,matchprob,1.789955422282219e-05,44,ok
BPIC2020_rfp,toothpaste_noise10,activity_frequency_gradual,0.9,mean_leaf_skipprob,7.299706339836121e-06,1,ok
BPIC2020_rfp,toothpaste_noise10,activity_frequency_gradual,0.9,salign_coverage,0.0007917988114058491,44,ok
BPIC2020_rfp,toothpaste_noise10,activity_frequency_gradual,0.9,skipprob,1.9898172467947006e-05,44,ok
BPIC2020_rfp,toothpaste_noise10,activity_frequency_gradual,0.9,traces,2.7165648001246154,1,ok
BPIC2020_rfp,toothpaste_noise10,activity_frequency_gradual,0.9,voidmass_deficit_lower,3.910018131136894e-05,44,ok
BPIC2020_rfp,toothpaste_noise10,activity_frequency_gradual,0.9,voidmass_deficit_upper,1.950003206729889e-05,44,ok
BPIC2020_rfp,toothpaste_noise10,activity_frequency_gradual,0.9,voidmass_movecount,1.9200146198272705e-05,44,ok
BPIC2020_rfp,toothpaste_noise10,activity_frequency_gradual,0.9,voidmass_movecount_bound,1.7300713807344437e-05,44,ok
BPIC2020_rfp,toothpaste_noise10,activity_frequency_gradual,0.9,voidmass_process_lower,1.6601290553808212e-05,44,ok
BPIC2020_rfp,toothpaste_noise10,activity_frequency_gradual,0.9,voidmass_process_upper,1.5901867300271988e-05,44,ok
BPIC2020_rfp,toothpaste_noise10,activity_frequency_gradual,0.9,voidsalign3,0.00035629933699965477,44,ok
BPIC2020_rfp,toothpaste_noise10,activity_frequency_gradual,0.9,voidsat2,0.1564464000985002,44,ok
BPIC2020_rfp,toothpaste_noise10,activity_frequency_gradual,0.9,weight_voidage,0.00020230095833539963,44,ok
BPIC2020_rfp,toothpaste_noise10,activity_gradual,0.1,aligned_duration_cache,5.953364400193095,1,ok
BPIC2020_rfp,toothpaste_noise10,activity_gradual,0.1,alignment_coverage_pn2_lower,0.0204281006008363,44,ok
BPIC2020_rfp,toothpaste_noise10,activity_gradual,0.1,alignment_coverage_pn2_upper,0.00911590037867298,44,ok
BPIC2020_rfp,toothpaste_noise10,activity_gradual,0.1,classical,17.671556900255382,1,ok
BPIC2020_rfp,toothpaste_noise10,activity_gradual,0.1,dv,9.446200700011104,1,ok
BPIC2020_rfp,toothpaste_noise10,activity_gradual,0.1,executions_cache,1.5200115740299223e-05,1,ok
BPIC2020_rfp,toothpaste_noise10,activity_gradual,0.1,matchprob,2.830103039741516e-05,44,ok
BPIC2020_rfp,toothpaste_noise10,activity_gradual,0.1,mean_leaf_skipprob,1.400010660290718e-05,1,ok
BPIC2020_rfp,toothpaste_noise10,activity_gradual,0.1,salign_coverage,0.0540446997620145,44,ok
BPIC2020_rfp,toothpaste_noise10,activity_gradual,0.1,skipprob,3.060232847929001e-05,44,ok
BPIC2020_rfp,toothpaste_noise10,activity_gradual,0.1,traces,5.95331020001322,1,ok
BPIC2020_rfp,toothpaste_noise10,activity_gradual,0.1,voidmass_deficit_lower,9.809853509068489e-05,44,ok
BPIC2020_rfp,toothpaste_noise10,activity_gradual,0.1,voidmass_deficit_upper,3.620097413659096e-05,44,ok
BPIC2020_rfp,toothpaste_noise10,activity_gradual,0.1,voidmass_movecount,3.640027716755867e-05,44,ok
BPIC2020_rfp,toothpaste_noise10,activity_gradual,0.1,voidmass_movecount_bound,3.03010456264019e-05,44,ok
BPIC2020_rfp,toothpaste_noise10,activity_gradual,0.1,voidmass_process_lower,3.829877823591232e-05,44,ok
BPIC2020_rfp,toothpaste_noise10,activity_gradual,0.1,voidmass_process_upper,2.7599278837442398e-05,44,ok
BPIC2020_rfp,toothpaste_noise10,activity_gradual,0.1,voidsalign3,0.0287142009474315,44,ok
BPIC2020_rfp,toothpaste_noise10,activity_gradual,0.1,voidsat2,1.3106518983840922,44,ok
BPIC2020_rfp,toothpaste_noise10,activity_gradual,0.1,weight_voidage,0.00036510080099105835,44,ok
BPIC2020_rfp,toothpaste_noise10,activity_gradual,0.2,aligned_duration_cache,6.237593800295144,1,ok
BPIC2020_rfp,toothpaste_noise10,activity_gradual,0.2,alignment_coverage_pn2_lower,0.0187641968950609,44,ok
BPIC2020_rfp,toothpaste_noise10,activity_gradual,0.2,alignment_coverage_pn2_upper,0.008647102396934172,44,ok
BPIC2020_rfp,toothpaste_noise10,activity_gradual,0.2,classical,17.095854800194502,1,ok
BPIC2020_rfp,toothpaste_noise10,activity_gradual,0.2,dv,9.251158900093287,1,ok
BPIC2020_rfp,toothpaste_noise10,activity_gradual,0.2,executions_cache,1.4500226825475693e-05,1,ok
BPIC2020_rfp,toothpaste_noise10,activity_gradual,0.2,matchprob,2.4597160518169403e-05,44,ok
BPIC2020_rfp,toothpaste_noise10,activity_gradual,0.2,mean_leaf_skipprob,1.4299992471933363e-05,1,ok
BPIC2020_rfp,toothpaste_noise10,activity_gradual,0.2,salign_coverage,0.1188952992670213,44,ok
BPIC2020_rfp,toothpaste_noise10,activity_gradual,0.2,skipprob,2.8300564736127853e-05,44,ok
BPIC2020_rfp,toothpaste_noise10,activity_gradual,0.2,traces,6.237542200367898,1,ok
BPIC2020_rfp,toothpaste_noise10,activity_gradual,0.2,voidmass_deficit_lower,8.510053157806396e-05,44,ok
BPIC2020_rfp,toothpaste_noise10,activity_gradual,0.2,voidmass_deficit_upper,3.4300610423088074e-05,44,ok
BPIC2020_rfp,toothpaste_noise10,activity_gradual,0.2,voidmass_movecount,3.6500394344329834e-05,44,ok
BPIC2020_rfp,toothpaste_noise10,activity_gradual,0.2,voidmass_movecount_bound,2.879975363612175e-05,44,ok
BPIC2020_rfp,toothpaste_noise10,activity_gradual,0.2,voidmass_process_lower,3.490224480628967e-05,44,ok
BPIC2020_rfp,toothpaste_noise10,activity_gradual,0.2,voidmass_process_upper,2.6300549507141113e-05,44,ok
BPIC2020_rfp,toothpaste_noise10,activity_gradual,0.2,voidsalign3,0.025633402168748598,44,ok
BPIC2020_rfp,toothpaste_noise10,activity_gradual,0.2,voidsat2,1.259644698817281,44,ok
BPIC2020_rfp,toothpaste_noise10,activity_gradual,0.2,weight_voidage,0.0003379988484084606,44,ok
BPIC2020_rfp,toothpaste_noise10,activity_gradual,0.3,aligned_duration_cache,5.922106800135225,1,ok
BPIC2020_rfp,toothpaste_noise10,activity_gradual,0.3,alignment_coverage_pn2_lower,0.0207518995739499,44,ok
BPIC2020_rfp,toothpaste_noise10,activity_gradual,0.3,alignment_coverage_pn2_upper,0.009624700993298213,44,ok
BPIC2020_rfp,toothpaste_noise10,activity_gradual,0.3,classical,15.46862250007689,1,ok
BPIC2020_rfp,toothpaste_noise10,activity_gradual,0.3,dv,9.344695399980992,1,ok
BPIC2020_rfp,toothpaste_noise10,activity_gradual,0.3,executions_cache,1.619989052414894e-05,1,ok
BPIC2020_rfp,toothpaste_noise10,activity_gradual,0.3,matchprob,2.5802291929721832e-05,44,ok
BPIC2020_rfp,toothpaste_noise10,activity_gradual,0.3,mean_leaf_skipprob,1.5999656170606613e-05,1,ok
BPIC2020_rfp,toothpaste_noise10,activity_gradual,0.3,salign_coverage,0.0483907014131524,44,ok
BPIC2020_rfp,toothpaste_noise10,activity_gradual,0.3,skipprob,2.759881317615509e-05,44,ok
BPIC2020_rfp,toothpaste_noise10,activity_gradual,0.3,traces,5.922057299874723,1,ok
BPIC2020_rfp,toothpaste_noise10,activity_gradual,0.3,voidmass_deficit_lower,9.329989552497864e-05,44,ok
BPIC2020_rfp,toothpaste_noise10,activity_gradual,0.3,voidmass_deficit_upper,3.279978409409523e-05,44,ok
BPIC2020_rfp,toothpaste_noise10,activity_gradual,0.3,voidmass_movecount,3.499910235404968e-05,44,ok
BPIC2020_rfp,toothpaste_noise10,activity_gradual,0.3,voidmass_movecount_bound,2.9602553695440292e-05,44,ok
BPIC2020_rfp,toothpaste_noise10,activity_gradual,0.3,voidmass_process_lower,3.1600240617990494e-05,44,ok
BPIC2020_rfp,toothpaste_noise10,activity_gradual,0.3,voidmass_process_upper,2.5899149477481842e-05,44,ok
BPIC2020_rfp,toothpaste_noise10,activity_gradual,0.3,voidsalign3,0.0269127991050458,44,ok
BPIC2020_rfp,toothpaste_noise10,activity_gradual,0.3,voidsat2,1.2496816972270586,44,ok
BPIC2020_rfp,toothpaste_noise10,activity_gradual,0.3,weight_voidage,0.0003214995376765728,44,ok
BPIC2020_rfp,toothpaste_noise10,activity_gradual,0.4,aligned_duration_cache,5.843958800192922,1,ok
BPIC2020_rfp,toothpaste_noise10,activity_gradual,0.4,alignment_coverage_pn2_lower,0.0180084998719371,44,ok
BPIC2020_rfp,toothpaste_noise10,activity_gradual,0.4,alignment_coverage_pn2_upper,0.00585850048810138,44,ok
BPIC2020_rfp,toothpaste_noise10,activity_gradual,0.4,classical,4.69406979996711,1,ok
BPIC2020_rfp,toothpaste_noise10,activity_gradual,0.4,dv,8.795585199724883,1,ok
BPIC2020_rfp,toothpaste_noise10,activity_gradual,0.4,executions_cache,1.5199650079011915e-05,1,ok
BPIC2020_rfp,toothpaste_noise10,activity_gradual,0.4,matchprob,2.260180190205574e-05,44,ok
BPIC2020_rfp,toothpaste_noise10,activity_gradual,0.4,mean_leaf_skipprob,1.3499986380338669e-05,1,ok
BPIC2020_rfp,toothpaste_noise10,activity_gradual,0.4,salign_coverage,0.023709701374171,44,ok
BPIC2020_rfp,toothpaste_noise10,activity_gradual,0.4,skipprob,2.790195867419243e-05,44,ok
BPIC2020_rfp,toothpaste_noise10,activity_gradual,0.4,traces,5.843906799796969,1,ok
BPIC2020_rfp,toothpaste_noise10,activity_gradual,0.4,voidmass_deficit_lower,7.480103522539139e-05,44,ok
BPIC2020_rfp,toothpaste_noise10,activity_gradual,0.4,voidmass_deficit_upper,3.0802562832832336e-05,44,ok
BPIC2020_rfp,toothpaste_noise10,activity_gradual,0.4,voidmass_movecount,3.0098948627710342e-05,44,ok
BPIC2020_rfp,toothpaste_noise10,activity_gradual,0.4,voidmass_movecount_bound,2.470053732395172e-05,44,ok
BPIC2020_rfp,toothpaste_noise10,activity_gradual,0.4,voidmass_process_lower,2.7597416192293167e-05,44,ok
BPIC2020_rfp,toothpaste_noise10,activity_gradual,0.4,voidmass_process_upper,2.0601786673069e-05,44,ok
BPIC2020_rfp,toothpaste_noise10,activity_gradual,0.4,voidsalign3,0.011913599446413915,44,ok
BPIC2020_rfp,toothpaste_noise10,activity_gradual,0.4,voidsat2,0.9616890000179389,44,ok
BPIC2020_rfp,toothpaste_noise10,activity_gradual,0.4,weight_voidage,0.00031590135768055916,44,ok
BPIC2020_rfp,toothpaste_noise10,activity_gradual,0.5,aligned_duration_cache,5.743209000211209,1,ok
BPIC2020_rfp,toothpaste_noise10,activity_gradual,0.5,alignment_coverage_pn2_lower,0.0112079004757085,44,ok
BPIC2020_rfp,toothpaste_noise10,activity_gradual,0.5,alignment_coverage_pn2_upper,0.003827301319688045,44,ok
BPIC2020_rfp,toothpaste_noise10,activity_gradual,0.5,classical,2.3664383003488183,1,ok
BPIC2020_rfp,toothpaste_noise10,activity_gradual,0.5,dv,8.26328600011766,1,ok
BPIC2020_rfp,toothpaste_noise10,activity_gradual,0.5,executions_cache,1.550000160932541e-05,1,ok
BPIC2020_rfp,toothpaste_noise10,activity_gradual,0.5,matchprob,2.8199516236782074e-05,44,ok
BPIC2020_rfp,toothpaste_noise10,activity_gradual,0.5,mean_leaf_skipprob,1.529976725578308e-05,1,ok
BPIC2020_rfp,toothpaste_noise10,activity_gradual,0.5,salign_coverage,0.0134617015719391,44,ok
BPIC2020_rfp,toothpaste_noise10,activity_gradual,0.5,skipprob,2.8699170798063278e-05,44,ok
BPIC2020_rfp,toothpaste_noise10,activity_gradual,0.5,traces,5.74316109996289,1,ok
BPIC2020_rfp,toothpaste_noise10,activity_gradual,0.5,voidmass_deficit_lower,9.719841182231903e-05,44,ok
BPIC2020_rfp,toothpaste_noise10,activity_gradual,0.5,voidmass_deficit_upper,3.460049629211426e-05,44,ok
BPIC2020_rfp,toothpaste_noise10,activity_gradual,0.5,voidmass_movecount,3.319978713989258e-05,44,ok
BPIC2020_rfp,toothpaste_noise10,activity_gradual,0.5,voidmass_movecount_bound,3.190012648701668e-05,44,ok
BPIC2020_rfp,toothpaste_noise10,activity_gradual,0.5,voidmass_process_lower,3.32975760102272e-05,44,ok
BPIC2020_rfp,toothpaste_noise10,activity_gradual,0.5,voidmass_process_upper,2.619810402393341e-05,44,ok
BPIC2020_rfp,toothpaste_noise10,activity_gradual,0.5,voidsalign3,0.0053086988627902825,44,ok
BPIC2020_rfp,toothpaste_noise10,activity_gradual,0.5,voidsat2,1.003610601648686,44,ok
BPIC2020_rfp,toothpaste_noise10,activity_gradual,0.5,weight_voidage,0.000368600245565176,44,ok
BPIC2020_rfp,toothpaste_noise10,activity_gradual,0.6,aligned_duration_cache,5.527390500064939,1,ok
BPIC2020_rfp,toothpaste_noise10,activity_gradual,0.6,alignment_coverage_pn2_lower,0.008548600599168331,44,ok
BPIC2020_rfp,toothpaste_noise10,activity_gradual,0.6,alignment_coverage_pn2_upper,0.0030256002210075094,44,ok
BPIC2020_rfp,toothpaste_noise10,activity_gradual,0.6,classical,2.0300305001437664,1,ok
BPIC2020_rfp,toothpaste_noise10,activity_gradual,0.6,dv,7.981596100144088,1,ok
BPIC2020_rfp,toothpaste_noise10,activity_gradual,0.6,executions_cache,1.5200115740299223e-05,1,ok
BPIC2020_rfp,toothpaste_noise10,activity_gradual,0.6,matchprob,2.7599744498729706e-05,44,ok
BPIC2020_rfp,toothpaste_noise10,activity_gradual,0.6,mean_leaf_skipprob,1.4299992471933363e-05,1,ok
BPIC2020_rfp,toothpaste_noise10,activity_gradual,0.6,salign_coverage,0.009461099747566756,44,ok
BPIC2020_rfp,toothpaste_noise10,activity_gradual,0.6,skipprob,2.4799257516860962e-05,44,ok
BPIC2020_rfp,toothpaste_noise10,activity_gradual,0.6,traces,5.527342900168151,1,ok
BPIC2020_rfp,toothpaste_noise10,activity_gradual,0.6,voidmass_deficit_lower,8.600018918514252e-05,44,ok
BPIC2020_rfp,toothpaste_noise10,activity_gradual,0.6,voidmass_deficit_upper,2.8500333428382874e-05,44,ok
BPIC2020_rfp,toothpaste_noise10,activity_gradual,0.6,voidmass_movecount,2.7000438421964645e-05,44,ok
BPIC2020_rfp,toothpaste_noise10,activity_gradual,0.6,voidmass_movecount_bound,2.5200657546520233e-05,44,ok
BPIC2020_rfp,toothpaste_noise10,activity_gradual,0.6,voidmass_process_lower,2.8899870812892914e-05,44,ok
BPIC2020_rfp,toothpaste_noise10,activity_gradual,0.6,voidmass_process_upper,2.200016751885414e-05,44,ok
BPIC2020_rfp,toothpaste_noise10,activity_gradual,0.6,voidsalign3,0.0037765987217420185,44,ok
BPIC2020_rfp,toothpaste_noise10,activity_gradual,0.6,voidsat2,0.8325187023729065,44,ok
BPIC2020_rfp,toothpaste_noise10,activity_gradual,0.6,weight_voidage,0.0003253999166190624,44,ok
BPIC2020_rfp,toothpaste_noise10,activity_gradual,0.7,aligned_duration_cache,5.2264543999917805,1,ok
BPIC2020_rfp,toothpaste_noise10,activity_gradual,0.7,alignment_coverage_pn2_lower,0.004383698105811344,44,ok
BPIC2020_rfp,toothpaste_noise10,activity_gradual,0.7,alignment_coverage_pn2_upper,0.0016144015826283057,44,ok
BPIC2020_rfp,toothpaste_noise10,activity_gradual,0.7,classical,1.7941932999528944,1,ok
BPIC2020_rfp,toothpaste_noise10,activity_gradual,0.7,dv,7.684711199719459,1,ok
BPIC2020_rfp,toothpaste_noise10,activity_gradual,0.7,executions_cache,1.619989052414894e-05,1,ok
BPIC2020_rfp,toothpaste_noise10,activity_gradual,0.7,matchprob,2.2300519049167633e-05,44,ok
BPIC2020_rfp,toothpaste_noise10,activity_gradual,0.7,mean_leaf_skipprob,1.4999881386756895e-05,1,ok
BPIC2020_rfp,toothpaste_noise10,activity_gradual,0.7,salign_coverage,0.004745798185467179,44,ok
BPIC2020_rfp,toothpaste_noise10,activity_gradual,0.7,skipprob,2.3298896849155426e-05,44,ok
BPIC2020_rfp,toothpaste_noise10,activity_gradual,0.7,traces,5.226406399626285,1,ok
BPIC2020_rfp,toothpaste_noise10,activity_gradual,0.7,voidmass_deficit_lower,6.290199235081673e-05,44,ok
BPIC2020_rfp,toothpaste_noise10,activity_gradual,0.7,voidmass_deficit_upper,2.6898924261331558e-05,44,ok
BPIC2020_rfp,toothpaste_noise10,activity_gradual,0.7,voidmass_movecount,2.5102868676185608e-05,44,ok
BPIC2020_rfp,toothpaste_noise10,activity_gradual,0.7,voidmass_movecount_bound,2.3399479687213898e-05,44,ok
BPIC2020_rfp,toothpaste_noise10,activity_gradual,0.7,voidmass_process_lower,2.430099993944168e-05,44,ok
BPIC2020_rfp,toothpaste_noise10,activity_gradual,0.7,voidmass_process_upper,1.9599217921495438e-05,44,ok
BPIC2020_rfp,toothpaste_noise10,activity_gradual,0.7,voidsalign3,0.0019112005829809986,44,ok
BPIC2020_rfp,toothpaste_noise10,activity_gradual,0.7,voidsat2,0.6863225982524432,44,ok
BPIC2020_rfp,toothpaste_noise10,activity_gradual,0.7,weight_voidage,0.000306800939142704,44,ok
BPIC2020_rfp,toothpaste_noise10,activity_gradual,0.8,aligned_duration_cache,5.074241599999368,1,ok
BPIC2020_rfp,toothpaste_noise10,activity_gradual,0.8,alignment_coverage_pn2_lower,0.0023400997743009424,44,ok
BPIC2020_rfp,toothpaste_noise10,activity_gradual,0.8,alignment_coverage_pn2_upper,0.0009455014951527119,44,ok
BPIC2020_rfp,toothpaste_noise10,activity_gradual,0.8,classical,1.7031058999709785,1,ok
BPIC2020_rfp,toothpaste_noise10,activity_gradual,0.8,dv,7.359542699996382,1,ok
BPIC2020_rfp,toothpaste_noise10,activity_gradual,0.8,executions_cache,1.529976725578308e-05,1,ok
BPIC2020_rfp,toothpaste_noise10,activity_gradual,0.8,matchprob,1.7799437046051025e-05,44,ok
BPIC2020_rfp,toothpaste_noise10,activity_gradual,0.8,mean_leaf_skipprob,1.2999866157770155e-05,1,ok
BPIC2020_rfp,toothpaste_noise10,activity_gradual,0.8,salign_coverage,0.0025861994363365753,44,ok
BPIC2020_rfp,toothpaste_noise10,activity_gradual,0.8,skipprob,1.9099563360214233e-05,44,ok
BPIC2020_rfp,toothpaste_noise10,activity_gradual,0.8,traces,5.074196300003678,1,ok
BPIC2020_rfp,toothpaste_noise10,activity_gradual,0.8,voidmass_deficit_lower,4.649953916668892e-05,44,ok
BPIC2020_rfp,toothpaste_noise10,activity_gradual,0.8,voidmass_deficit_upper,2.1101906895637512e-05,44,ok
BPIC2020_rfp,toothpaste_noise10,activity_gradual,0.8,voidmass_movecount,2.160109579563141e-05,44,ok
BPIC2020_rfp,toothpaste_noise10,activity_gradual,0.8,voidmass_movecount_bound,2.050120383501053e-05,44,ok
BPIC2020_rfp,toothpaste_noise10,activity_gradual,0.8,voidmass_process_lower,1.929793506860733e-05,44,ok
BPIC2020_rfp,toothpaste_noise10,activity_gradual,0.8,voidmass_process_upper,2.0899809896945953e-05,44,ok
BPIC2020_rfp,toothpaste_noise10,activity_gradual,0.8,voidsalign3,0.0011004004627464415,44,ok
BPIC2020_rfp,toothpaste_noise10,activity_gradual,0.8,voidsat2,0.510702898725865,44,ok
BPIC2020_rfp,toothpaste_noise10,activity_gradual,0.8,weight_voidage,0.00023669982329010963,44,ok
BPIC2020_rfp,toothpaste_noise10,activity_gradual,0.9,aligned_duration_cache,4.419647999573499,1,ok
BPIC2020_rfp,toothpaste_noise10,activity_gradual,0.9,alignment_coverage_pn2_lower,0.0007524997927248383,44,ok
BPIC2020_rfp,toothpaste_noise10,activity_gradual,0.9,alignment_coverage_pn2_upper,0.00029899924993515015,44,ok
BPIC2020_rfp,toothpaste_noise10,activity_gradual,0.9,classical,1.3994205999188123,1,ok
BPIC2020_rfp,toothpaste_noise10,activity_gradual,0.9,dv,6.5686821998097,1,ok
BPIC2020_rfp,toothpaste_noise10,activity_gradual,0.9,executions_cache,1.550000160932541e-05,1,ok
BPIC2020_rfp,toothpaste_noise10,activity_gradual,0.9,matchprob,1.8499791622161865e-05,44,ok
BPIC2020_rfp,toothpaste_noise10,activity_gradual,0.9,mean_leaf_skipprob,1.3200100511312485e-05,1,ok
BPIC2020_rfp,toothpaste_noise10,activity_gradual,0.9,salign_coverage,0.0007431982085107996,44,ok
BPIC2020_rfp,toothpaste_noise10,activity_gradual,0.9,skipprob,1.8600374460220337e-05,44,ok
BPIC2020_rfp,toothpaste_noise10,activity_gradual,0.9,traces,4.419598300009966,1,ok
BPIC2020_rfp,toothpaste_noise10,activity_gradual,0.9,voidmass_deficit_lower,4.690047353506088e-05,44,ok
BPIC2020_rfp,toothpaste_noise10,activity_gradual,0.9,voidmass_deficit_upper,1.9200611859560013e-05,44,ok
BPIC2020_rfp,toothpaste_noise10,activity_gradual,0.9,voidmass_movecount,2.0499341189861298e-05,44,ok
BPIC2020_rfp,toothpaste_noise10,activity_gradual,0.9,voidmass_movecount_bound,1.8299557268619537e-05,44,ok
BPIC2020_rfp,toothpaste_noise10,activity_gradual,0.9,voidmass_process_lower,2.0800158381462097e-05,44,ok
BPIC2020_rfp,toothpaste_noise10,activity_gradual,0.9,voidmass_process_upper,1.7000362277030945e-05,44,ok
BPIC2020_rfp,toothpaste_noise10,activity_gradual,0.9,voidsalign3,0.000334699172526598,44,ok
BPIC2020_rfp,toothpaste_noise10,activity_gradual,0.9,voidsat2,0.4133853018283823,44,ok
BPIC2020_rfp,toothpaste_noise10,activity_gradual,0.9,weight_voidage,0.00024650152772665024,44,ok
BPIC2020_rfp,toothpaste_noise10,trace,0.1,aligned_duration_cache,5.240063000004739,1,ok
BPIC2020_rfp,toothpaste_noise10,trace,0.1,alignment_coverage_pn2_lower,0.0195425008423604,44,ok
BPIC2020_rfp,toothpaste_noise10,trace,0.1,alignment_coverage_pn2_upper,0.00892850011587031,44,ok
BPIC2020_rfp,toothpaste_noise10,trace,0.1,classical,20.27664009993896,1,ok
BPIC2020_rfp,toothpaste_noise10,trace,0.1,dv,9.172085099853575,1,ok
BPIC2020_rfp,toothpaste_noise10,trace,0.1,executions_cache,1.6800127923488617e-05,1,ok
BPIC2020_rfp,toothpaste_noise10,trace,0.1,matchprob,2.6401598006486893e-05,44,ok
BPIC2020_rfp,toothpaste_noise10,trace,0.1,mean_leaf_skipprob,1.4400109648704529e-05,1,ok
BPIC2020_rfp,toothpaste_noise10,trace,0.1,salign_coverage,0.12967690220102449,44,ok
BPIC2020_rfp,toothpaste_noise10,trace,0.1,skipprob,3.070058301091194e-05,44,ok
BPIC2020_rfp,toothpaste_noise10,trace,0.1,traces,5.24001540010795,1,ok
BPIC2020_rfp,toothpaste_noise10,trace,0.1,voidmass_deficit_lower,9.579863399267197e-05,44,ok
BPIC2020_rfp,toothpaste_noise10,trace,0.1,voidmass_deficit_upper,3.5800039768218994e-05,44,ok
BPIC2020_rfp,toothpaste_noise10,trace,0.1,voidmass_movecount,3.809994086623192e-05,44,ok
BPIC2020_rfp,toothpaste_noise10,trace,0.1,voidmass_movecount_bound,3.310013562440872e-05,44,ok
BPIC2020_rfp,toothpaste_noise10,trace,0.1,voidmass_process_lower,3.780052065849304e-05,44,ok
BPIC2020_rfp,toothpaste_noise10,trace,0.1,voidmass_process_upper,2.9200688004493713e-05,44,ok
BPIC2020_rfp,toothpaste_noise10,trace,0.1,voidsalign3,0.0282696019858102,44,ok
BPIC2020_rfp,toothpaste_noise10,trace,0.1,voidsat2,1.2096485984511656,44,ok
BPIC2020_rfp,toothpaste_noise10,trace,0.1,weight_voidage,0.0003643021918833256,44,ok
BPIC2020_rfp,toothpaste_noise10,trace,0.2,aligned_duration_cache,4.750246500130743,1,ok
BPIC2020_rfp,toothpaste_noise10,trace,0.2,alignment_coverage_pn2_lower,0.0175554002635162,44,ok
BPIC2020_rfp,toothpaste_noise10,trace,0.2,alignment_coverage_pn2_upper,0.008116600569336647,44,ok
BPIC2020_rfp,toothpaste_noise10,trace,0.2,classical,19.612497999798503,1,ok
BPIC2020_rfp,toothpaste_noise10,trace,0.2,dv,9.290154800284654,1,ok
BPIC2020_rfp,toothpaste_noise10,trace,0.2,executions_cache,1.58003531396389e-05,1,ok
BPIC2020_rfp,toothpaste_noise10,trace,0.2,matchprob,2.2200867533683777e-05,44,ok
BPIC2020_rfp,toothpaste_noise10,trace,0.2,mean_leaf_skipprob,1.3799872249364851e-05,1,ok
BPIC2020_rfp,toothpaste_noise10,trace,0.2,salign_coverage,0.0445376024581472,44,ok
BPIC2020_rfp,toothpaste_noise10,trace,0.2,skipprob,2.659764140844345e-05,44,ok
BPIC2020_rfp,toothpaste_noise10,trace,0.2,traces,4.7501991000026464,1,ok
BPIC2020_rfp,toothpaste_noise10,trace,0.2,voidmass_deficit_lower,9.330175817012787e-05,44,ok
BPIC2020_rfp,toothpaste_noise10,trace,0.2,voidmass_deficit_upper,3.1200703233480453e-05,44,ok
BPIC2020_rfp,toothpaste_noise10,trace,0.2,voidmass_movecount,3.709876909852028e-05,44,ok
BPIC2020_rfp,toothpaste_noise10,trace,0.2,voidmass_movecount_bound,2.850079908967018e-05,44,ok
BPIC2020_rfp,toothpaste_noise10,trace,0.2,voidmass_process_lower,2.9400456696748734e-05,44,ok
BPIC2020_rfp,toothpaste_noise10,trace,0.2,voidmass_process_upper,2.5301240384578705e-05,44,ok
BPIC2020_rfp,toothpaste_noise10,trace,0.2,voidsalign3,0.0248868018388724,44,ok
BPIC2020_rfp,toothpaste_noise10,trace,0.2,voidsat2,0.9951771995983998,44,ok
BPIC2020_rfp,toothpaste_noise10,trace,0.2,weight_voidage,0.00032540084794163704,44,ok
BPIC2020_rfp,toothpaste_noise10,trace,0.3,aligned_duration_cache,4.084466700442135,1,ok
BPIC2020_rfp,toothpaste_noise10,trace,0.3,alignment_coverage_pn2_lower,0.0235970001667717,44,ok
BPIC2020_rfp,toothpaste_noise10,trace,0.3,alignment_coverage_pn2_upper,0.007849599700419853,44,ok
BPIC2020_rfp,toothpaste_noise10,trace,0.3,classical,19.513293399941176,1,ok
BPIC2020_rfp,toothpaste_noise10,trace,0.3,dv,9.23192959977314,1,ok
BPIC2020_rfp,toothpaste_noise10,trace,0.3,executions_cache,1.4999881386756895e-05,1,ok
BPIC2020_rfp,toothpaste_noise10,trace,0.3,matchprob,4.1997525840997696e-05,44,ok
BPIC2020_rfp,toothpaste_noise10,trace,0.3,mean_leaf_skipprob,2.169981598854065e-05,1,ok
BPIC2020_rfp,toothpaste_noise10,trace,0.3,salign_coverage,0.2010050998069322,44,ok
BPIC2020_rfp,toothpaste_noise10,trace,0.3,skipprob,3.610178828239441e-05,44,ok
BPIC2020_rfp,toothpaste_noise10,trace,0.3,traces,4.084419600199908,1,ok
BPIC2020_rfp,toothpaste_noise10,trace,0.3,voidmass_deficit_lower,0.00015400024130940437,44,ok
BPIC2020_rfp,toothpaste_noise10,trace,0.3,voidmass_deficit_upper,5.14984130859375e-05,44,ok
BPIC2020_rfp,toothpaste_noise10,trace,0.3,voidmass_movecount,6.370153278112411e-05,44,ok
BPIC2020_rfp,toothpaste_noise10,trace,0.3,voidmass_movecount_bound,4.32012602686882e-05,44,ok
BPIC2020_rfp,toothpaste_noise10,trace,0.3,voidmass_process_lower,5.7901255786418915e-05,44,ok
BPIC2020_rfp,toothpaste_noise10,trace,0.3,voidmass_process_upper,4.09991480410099e-05,44,ok
BPIC2020_rfp,toothpaste_noise10,trace,0.3,voidsalign3,0.027497600298372598,44,ok
BPIC2020_rfp,toothpaste_noise10,trace,0.3,voidsat2,1.2160225994884946,44,ok
BPIC2020_rfp,toothpaste_noise10,trace,0.3,weight_voidage,0.0005146022886037827,44,ok
BPIC2020_rfp,toothpaste_noise10,trace,0.4,aligned_duration_cache,4.302804999984801,1,ok
BPIC2020_rfp,toothpaste_noise10,trace,0.4,alignment_coverage_pn2_lower,0.1182243013754467,44,ok
BPIC2020_rfp,toothpaste_noise10,trace,0.4,alignment_coverage_pn2_upper,0.0066558015532780625,44,ok
BPIC2020_rfp,toothpaste_noise10,trace,0.4,classical,18.744331399910152,1,ok
BPIC2020_rfp,toothpaste_noise10,trace,0.4,dv,12.445223799906673,1,ok
BPIC2020_rfp,toothpaste_noise10,trace,0.4,executions_cache,2.00001522898674e-05,1,ok
BPIC2020_rfp,toothpaste_noise10,trace,0.4,matchprob,2.569984644651413e-05,44,ok
BPIC2020_rfp,toothpaste_noise10,trace,0.4,mean_leaf_skipprob,1.2899748980998991e-05,1,ok
BPIC2020_rfp,toothpaste_noise10,trace,0.4,salign_coverage,0.0643692007288314,44,ok
BPIC2020_rfp,toothpaste_noise10,trace,0.4,skipprob,2.8897542506456375e-05,44,ok
BPIC2020_rfp,toothpaste_noise10,trace,0.4,traces,4.302730599883944,1,ok
BPIC2020_rfp,toothpaste_noise10,trace,0.4,voidmass_deficit_lower,9.56985168159008e-05,44,ok
BPIC2020_rfp,toothpaste_noise10,trace,0.4,voidmass_deficit_upper,3.7400517612695694e-05,44,ok
BPIC2020_rfp,toothpaste_noise10,trace,0.4,voidmass_movecount,3.85981984436512e-05,44,ok
BPIC2020_rfp,toothpaste_noise10,trace,0.4,voidmass_movecount_bound,3.0401162803173065e-05,44,ok
BPIC2020_rfp,toothpaste_noise10,trace,0.4,voidmass_process_lower,3.449711948633194e-05,44,ok
BPIC2020_rfp,toothpaste_noise10,trace,0.4,voidmass_process_upper,2.6897061616182327e-05,44,ok
BPIC2020_rfp,toothpaste_noise10,trace,0.4,voidsalign3,0.0232804999686755,44,ok
BPIC2020_rfp,toothpaste_noise10,trace,0.4,voidsat2,0.7808693009428662,44,ok
BPIC2020_rfp,toothpaste_noise10,trace,0.4,weight_voidage,0.00041530001908540726,44,ok
BPIC2020_rfp,toothpaste_noise10,trace,0.5,aligned_duration_cache,2.853595199994743,1,ok
BPIC2020_rfp,toothpaste_noise10,trace,0.5,alignment_coverage_pn2_lower,0.0840590992011107,44,ok
BPIC2020_rfp,toothpaste_noise10,trace,0.5,alignment_coverage_pn2_upper,0.006835800129919281,44,ok
BPIC2020_rfp,toothpaste_noise10,trace,0.5,classical,18.58981509972364,1,ok
BPIC2020_rfp,toothpaste_noise10,trace,0.5,dv,9.815166000276804,1,ok
BPIC2020_rfp,toothpaste_noise10,trace,0.5,executions_cache,1.530023291707039e-05,1,ok
BPIC2020_rfp,toothpaste_noise10,trace,0.5,matchprob,3.059953451156616e-05,44,ok
BPIC2020_rfp,toothpaste_noise10,trace,0.5,mean_leaf_skipprob,1.890026032924652e-05,1,ok
BPIC2020_rfp,toothpaste_noise10,trace,0.5,salign_coverage,0.0521971988491692,44,ok
BPIC2020_rfp,toothpaste_noise10,trace,0.5,skipprob,3.3499207347631454e-05,44,ok
BPIC2020_rfp,toothpaste_noise10,trace,0.5,traces,2.853547099977732,1,ok
BPIC2020_rfp,toothpaste_noise10,trace,0.5,voidmass_deficit_lower,0.00011079991236329079,44,ok
BPIC2020_rfp,toothpaste_noise10,trace,0.5,voidmass_deficit_upper,3.8899015635252e-05,44,ok
BPIC2020_rfp,toothpaste_noise10,trace,0.5,voidmass_movecount,4.429742693901062e-05,44,ok
BPIC2020_rfp,toothpaste_noise10,trace,0.5,voidmass_movecount_bound,3.449944779276848e-05,44,ok
BPIC2020_rfp,toothpaste_noise10,trace,0.5,voidmass_process_lower,3.7200283259153366e-05,44,ok
BPIC2020_rfp,toothpaste_noise10,trace,0.5,voidmass_process_upper,2.960115671157837e-05,44,ok
BPIC2020_rfp,toothpaste_noise10,trace,0.5,voidsalign3,0.0241683023050404,44,ok
BPIC2020_rfp,toothpaste_noise10,trace,0.5,voidsat2,0.7332878992892782,44,ok
BPIC2020_rfp,toothpaste_noise10,trace,0.5,weight_voidage,0.00042800139635801315,44,ok
BPIC2020_rfp,toothpaste_noise10,trace,0.6,aligned_duration_cache,2.7464895001612604,1,ok
BPIC2020_rfp,toothpaste_noise10,trace,0.6,alignment_coverage_pn2_lower,0.009808798786251481,44,ok
BPIC2020_rfp,toothpaste_noise10,trace,0.6,alignment_coverage_pn2_upper,0.004954602103679324,44,ok
BPIC2020_rfp,toothpaste_noise10,trace,0.6,classical,16.52539149997756,1,ok
BPIC2020_rfp,toothpaste_noise10,trace,0.6,dv,8.817026500124484,1,ok
BPIC2020_rfp,toothpaste_noise10,trace,0.6,executions_cache,1.5900004655122757e-05,1,ok
BPIC2020_rfp,toothpaste_noise10,trace,0.6,matchprob,2.0102597773075104e-05,44,ok
BPIC2020_rfp,toothpaste_noise10,trace,0.6,mean_leaf_skipprob,1.1799857020378113e-05,1,ok
BPIC2020_rfp,toothpaste_noise10,trace,0.6,salign_coverage,0.0327880033291853,44,ok
BPIC2020_rfp,toothpaste_noise10,trace,0.6,skipprob,2.1900981664657593e-05,44,ok
BPIC2020_rfp,toothpaste_noise10,trace,0.6,traces,2.7464355998672545,1,ok
BPIC2020_rfp,toothpaste_noise10,trace,0.6,voidmass_deficit_lower,5.919951945543289e-05,44,ok
BPIC2020_rfp,toothpaste_noise10,trace,0.6,voidmass_deficit_upper,2.4499371647834778e-05,44,ok
BPIC2020_rfp,toothpaste_noise10,trace,0.6,voidmass_movecount,2.810172736644745e-05,44,ok
BPIC2020_rfp,toothpaste_noise10,trace,0.6,voidmass_movecount_bound,2.5000888854265213e-05,44,ok
BPIC2020_rfp,toothpaste_noise10,trace,0.6,voidmass_process_lower,2.4299602955579758e-05,44,ok
BPIC2020_rfp,toothpaste_noise10,trace,0.6,voidmass_process_upper,1.9698869436979294e-05,44,ok
BPIC2020_rfp,toothpaste_noise10,trace,0.6,voidsalign3,0.019053599331525593,44,ok
BPIC2020_rfp,toothpaste_noise10,trace,0.6,voidsat2,0.44278430147096287,44,ok
BPIC2020_rfp,toothpaste_noise10,trace,0.6,weight_voidage,0.0002750018611550331,44,ok
BPIC2020_rfp,toothpaste_noise10,trace,0.7,aligned_duration_cache,1.7390720997937024,1,ok
BPIC2020_rfp,toothpaste_noise10,trace,0.7,alignment_coverage_pn2_lower,0.008711298462002418,44,ok
BPIC2020_rfp,toothpaste_noise10,trace,0.7,alignment_coverage_pn2_upper,0.0043177003972225715,44,ok
BPIC2020_rfp,toothpaste_noise10,trace,0.7,classical,16.779984099790454,1,ok
BPIC2020_rfp,toothpaste_noise10,trace,0.7,dv,8.858069200068712,1,ok
BPIC2020_rfp,toothpaste_noise10,trace,0.7,executions_cache,1.5700235962867737e-05,1,ok
BPIC2020_rfp,toothpaste_noise10,trace,0.7,matchprob,1.979665830731392e-05,44,ok
BPIC2020_rfp,toothpaste_noise10,trace,0.7,mean_leaf_skipprob,1.1499971151351929e-05,1,ok
BPIC2020_rfp,toothpaste_noise10,trace,0.7,salign_coverage,0.1054233997128881,44,ok
BPIC2020_rfp,toothpaste_noise10,trace,0.7,skipprob,2.139899879693985e-05,44,ok
BPIC2020_rfp,toothpaste_noise10,trace,0.7,traces,1.739025100134313,1,ok
BPIC2020_rfp,toothpaste_noise10,trace,0.7,voidmass_deficit_lower,5.619879812002182e-05,44,ok
BPIC2020_rfp,toothpaste_noise10,trace,0.7,voidmass_deficit_upper,2.4100765585899353e-05,44,ok
BPIC2020_rfp,toothpaste_noise10,trace,0.7,voidmass_movecount,2.5500543415546417e-05,44,ok
BPIC2020_rfp,toothpaste_noise10,trace,0.7,voidmass_movecount_bound,2.3198779672384262e-05,44,ok
BPIC2020_rfp,toothpaste_noise10,trace,0.7,voidmass_process_lower,2.4599488824605942e-05,44,ok
BPIC2020_rfp,toothpaste_noise10,trace,0.7,voidmass_process_upper,2.0201783627271652e-05,44,ok
BPIC2020_rfp,toothpaste_noise10,trace,0.7,voidsalign3,0.018175102304665573,44,ok
BPIC2020_rfp,toothpaste_noise10,trace,0.7,voidsat2,0.3401141986250857,44,ok
BPIC2020_rfp,toothpaste_noise10,trace,0.7,weight_voidage,0.00027469778433442116,44,ok
BPIC2020_rfp,toothpaste_noise10,trace,0.8,aligned_duration_cache,1.2026630998589098,1,ok
BPIC2020_rfp,toothpaste_noise10,trace,0.8,alignment_coverage_pn2_lower,0.007830000482498257,44,ok
BPIC2020_rfp,toothpaste_noise10,trace,0.8,alignment_coverage_pn2_upper,0.004108997993170832,44,ok
BPIC2020_rfp,toothpaste_noise10,trace,0.8,classical,16.163657000288367,1,ok
BPIC2020_rfp,toothpaste_noise10,trace,0.8,dv,8.495821100194007,1,ok
BPIC2020_rfp,toothpaste_noise10,trace,0.8,executions_cache,1.5999656170606613e-05,1,ok
BPIC2020_rfp,toothpaste_noise10,trace,0.8,matchprob,1.820037141442299e-05,44,ok
BPIC2020_rfp,toothpaste_noise10,trace,0.8,mean_leaf_skipprob,1.019984483718872e-05,1,ok
BPIC2020_rfp,toothpaste_noise10,trace,0.8,salign_coverage,0.0302702016197122,44,ok
BPIC2020_rfp,toothpaste_noise10,trace,0.8,skipprob,1.8802471458911896e-05,44,ok
BPIC2020_rfp,toothpaste_noise10,trace,0.8,traces,1.2026128000579774,1,ok
BPIC2020_rfp,toothpaste_noise10,trace,0.8,voidmass_deficit_lower,5.859881639480591e-05,44,ok
BPIC2020_rfp,toothpaste_noise10,trace,0.8,voidmass_deficit_upper,2.300133928656578e-05,44,ok
BPIC2020_rfp,toothpaste_noise10,trace,0.8,voidmass_movecount,2.529984340071678e-05,44,ok
BPIC2020_rfp,toothpaste_noise10,trace,0.8,voidmass_movecount_bound,2.1799467504024506e-05,44,ok
BPIC2020_rfp,toothpaste_noise10,trace,0.8,voidmass_process_lower,2.1000392735004425e-05,44,ok
BPIC2020_rfp,toothpaste_noise10,trace,0.8,voidmass_process_upper,1.9399449229240417e-05,44,ok
BPIC2020_rfp,toothpaste_noise10,trace,0.8,voidsalign3,0.01801649993285382,44,ok
BPIC2020_rfp,toothpaste_noise10,trace,0.8,voidsat2,0.2340705976821459,44,ok
BPIC2020_rfp,toothpaste_noise10,trace,0.8,weight_voidage,0.0002477015368640423,44,ok
BPIC2020_rfp,toothpaste_noise10,trace,0.9,aligned_duration_cache,0.5809920998290181,1,ok
BPIC2020_rfp,toothpaste_noise10,trace,0.9,alignment_coverage_pn2_lower,0.004266901873051553,44,ok
BPIC2020_rfp,toothpaste_noise10,trace,0.9,alignment_coverage_pn2_upper,0.0023233983665701475,44,ok
BPIC2020_rfp,toothpaste_noise10,trace,0.9,classical,15.461687500122936,1,ok
BPIC2020_rfp,toothpaste_noise10,trace,0.9,dv,8.268779700156301,1,ok
BPIC2020_rfp,toothpaste_noise10,trace,0.9,executions_cache,1.620035618543625e-05,1,ok
BPIC2020_rfp,toothpaste_noise10,trace,0.9,matchprob,1.649884507060051e-05,44,ok
BPIC2020_rfp,toothpaste_noise10,trace,0.9,mean_leaf_skipprob,9.29972156882286e-06,1,ok
BPIC2020_rfp,toothpaste_noise10,trace,0.9,salign_coverage,0.023186000995335798,44,ok
BPIC2020_rfp,toothpaste_noise10,trace,0.9,skipprob,1.840200275182724e-05,44,ok
BPIC2020_rfp,toothpaste_noise10,trace,0.9,traces,0.5809456999413669,1,ok
BPIC2020_rfp,toothpaste_noise10,trace,0.9,voidmass_deficit_lower,4.829932004213333e-05,44,ok
BPIC2020_rfp,toothpaste_noise10,trace,0.9,voidmass_deficit_upper,1.799827441573143e-05,44,ok
BPIC2020_rfp,toothpaste_noise10,trace,0.9,voidmass_movecount,2.03009694814682e-05,44,ok
BPIC2020_rfp,toothpaste_noise10,trace,0.9,voidmass_movecount_bound,1.930026337504387e-05,44,ok
BPIC2020_rfp,toothpaste_noise10,trace,0.9,voidmass_process_lower,1.929979771375656e-05,44,ok
BPIC2020_rfp,toothpaste_noise10,trace,0.9,voidmass_process_upper,1.6999896615743637e-05,44,ok
BPIC2020_rfp,toothpaste_noise10,trace,0.9,voidsalign3,0.013623800128697317,44,ok
BPIC2020_rfp,toothpaste_noise10,trace,0.9,voidsat2,0.1299193990416801,44,ok
BPIC2020_rfp,toothpaste_noise10,trace,0.9,weight_voidage,0.00020930171012878418,44,ok
BPIC2020_rfp,toothpaste_noise10,,0.0,aligned_duration_cache,5.883252500090748,1,ok
BPIC2020_rfp,toothpaste_noise10,,0.0,alignment_coverage_pn2_lower,0.0189726995304203,44,ok
BPIC2020_rfp,toothpaste_noise10,,0.0,alignment_coverage_pn2_upper,0.008817298803477263,44,ok
BPIC2020_rfp,toothpaste_noise10,,0.0,classical,19.702470700256526,1,ok
BPIC2020_rfp,toothpaste_noise10,,0.0,dv,9.421476099640133,1,ok
BPIC2020_rfp,toothpaste_noise10,,0.0,executions_cache,1.7599668353796005e-05,1,ok
BPIC2020_rfp,toothpaste_noise10,,0.0,matchprob,2.6499852538108826e-05,44,ok
BPIC2020_rfp,toothpaste_noise10,,0.0,mean_leaf_skipprob,1.4100223779678345e-05,1,ok
BPIC2020_rfp,toothpaste_noise10,,0.0,salign_coverage,0.045688998419789,44,ok
BPIC2020_rfp,toothpaste_noise10,,0.0,skipprob,2.7399975806474686e-05,44,ok
BPIC2020_rfp,toothpaste_noise10,,0.0,traces,5.88319979980588,1,ok
BPIC2020_rfp,toothpaste_noise10,,0.0,voidmass_deficit_lower,8.890079334378242e-05,44,ok
BPIC2020_rfp,toothpaste_noise10,,0.0,voidmass_deficit_upper,3.3298972994089127e-05,44,ok
BPIC2020_rfp,toothpaste_noise10,,0.0,voidmass_movecount,3.479979932308197e-05,44,ok
BPIC2020_rfp,toothpaste_noise10,,0.0,voidmass_movecount_bound,2.8898008167743683e-05,44,ok
BPIC2020_rfp,toothpaste_noise10,,0.0,voidmass_process_lower,3.2499898225069046e-05,44,ok
BPIC2020_rfp,toothpaste_noise10,,0.0,voidmass_process_upper,2.4598557502031326e-05,44,ok
BPIC2020_rfp,toothpaste_noise10,,0.0,voidsalign3,0.025753700174389,44,ok
BPIC2020_rfp,toothpaste_noise10,,0.0,voidsat2,1.2304542008787371,44,ok
BPIC2020_rfp,toothpaste_noise10,,0.0,weight_voidage,0.0003184978850185871,44,ok
