log,combo,degradation_dim,degradation_level,metric_or_stage,seconds,rows,status
payment_partial,inductive_noise20,activity_frequency_gradual,0.1,aligned_duration_cache,0.0049489997327327,1,ok
payment_partial,inductive_noise20,activity_frequency_gradual,0.1,alignment_coverage_pn2_lower,0.00019689975306391716,13,ok
payment_partial,inductive_noise20,activity_frequency_gradual,0.1,alignment_coverage_pn2_upper,0.00012570014223456383,13,ok
payment_partial,inductive_noise20,activity_frequency_gradual,0.1,classical,0.0160767002962529,1,ok
payment_partial,inductive_noise20,activity_frequency_gradual,0.1,dv,6.090509300120175,1,ok
payment_partial,inductive_noise20,activity_frequency_gradual,0.1,executions_cache,7.799826562404633e-06,1,ok
payment_partial,inductive_noise20,activity_frequency_gradual,0.1,matchprob,4.100147634744644e-06,13,ok
payment_partial,inductive_noise20,activity_frequency_gradual,0.1,mean_leaf_skipprob,3.000255674123764e-06,1,ok
payment_partial,inductive_noise20,activity_frequency_gradual,0.1,salign_coverage,0.00024949898943305016,13,ok
payment_partial,inductive_noise20,activity_frequency_gradual,0.1,skipprob,3.5995617508888245e-06,13,ok
payment_partial,inductive_noise20,activity_frequency_gradual,0.1,traces,0.0049347998574376,1,ok
payment_partial,inductive_noise20,activity_frequency_gradual,0.1,voidmass_deficit_lower,5.000736564397812e-06,13,ok
payment_partial,inductive_noise20,activity_frequency_gradual,0.1,voidmass_deficit_upper,3.4989789128303528e-06,13,ok
payment_partial,inductive_noise20,activity_frequency_gradual,0.1,voidmass_movecount,3.40072438120842e-06,13,ok
payment_partial,inductive_noise20,activity_frequency_gradual,0.1,voidmass_movecount_bound,3.40072438120842e-06,13,ok
payment_partial,inductive_noise20,activity_frequency_gradual,0.1,voidmass_process_lower,3.900844603776932e-06,13,ok
payment_partial,inductive_noise20,activity_frequency_gradual,0.1,voidmass_process_upper,3.300141543149948e-06,13,ok
payment_partial,inductive_noise20,activity_frequency_gradual,0.1,voidsalign3,0.00014009932056069374,13,ok
payment_partial,inductive_noise20,activity_frequency_gradual,0.1,voidsat2,0.0005857003852724674,13,ok
payment_partial,inductive_noise20,activity_frequency_gradual,0.1,weight_voidage,3.019999712705612e-05,13,ok
payment_partial,inductive_noise20,activity_frequency_gradual,0.2,aligned_duration_cache,0.0043476000428199,1,ok
payment_partial,inductive_noise20,activity_frequency_gradual,0.2,alignment_coverage_pn2_lower,0.00011800043284893036,13,ok
payment_partial,inductive_noise20,activity_frequency_gradual,0.2,alignment_coverage_pn2_upper,7.970025762915611e-05,13,ok
payment_partial,inductive_noise20,activity_frequency_gradual,0.2,classical,0.0104018999263644,1,ok
payment_partial,inductive_noise20,activity_frequency_gradual,0.2,dv,6.4069630997255445,1,ok
payment_partial,inductive_noise20,activity_frequency_gradual,0.2,executions_cache,6.9998204708099365e-06,1,ok
payment_partial,inductive_noise20,activity_frequency_gradual,0.2,matchprob,4.00003045797348e-06,13,ok
payment_partial,inductive_noise20,activity_frequency_gradual,0.2,mean_leaf_skipprob,2.9997900128364563e-06,1,ok
payment_partial,inductive_noise20,activity_frequency_gradual,0.2,salign_coverage,0.0001450004056096077,13,ok
payment_partial,inductive_noise20,activity_frequency_gradual,0.2,skipprob,3.80026176571846e-06,13,ok
payment_partial,inductive_noise20,activity_frequency_gradual,0.2,traces,0.0043354998342692,1,ok
payment_partial,inductive_noise20,activity_frequency_gradual,0.2,voidmass_deficit_lower,4.501082003116608e-06,13,ok
payment_partial,inductive_noise20,activity_frequency_gradual,0.2,voidmass_deficit_upper,3.3997930586338043e-06,13,ok
payment_partial,inductive_noise20,activity_frequency_gradual,0.2,voidmass_movecount,8.098781108856201e-06,13,ok
payment_partial,inductive_noise20,activity_frequency_gradual,0.2,voidmass_movecount_bound,2.8996728360652924e-06,13,ok
payment_partial,inductive_noise20,activity_frequency_gradual,0.2,voidmass_process_lower,3.6996789276599884e-06,13,ok
payment_partial,inductive_noise20,activity_frequency_gradual,0.2,voidmass_process_upper,3.4989789128303528e-06,13,ok
payment_partial,inductive_noise20,activity_frequency_gradual,0.2,voidsalign3,9.17995348572731e-05,13,ok
payment_partial,inductive_noise20,activity_frequency_gradual,0.2,voidsat2,0.00042169960215680976,13,ok
payment_partial,inductive_noise20,activity_frequency_gradual,0.2,weight_voidage,3.3900607377290726e-05,13,ok
payment_partial,inductive_noise20,activity_frequency_gradual,0.3,aligned_duration_cache,0.0045366999693214,1,ok
payment_partial,inductive_noise20,activity_frequency_gradual,0.3,alignment_coverage_pn2_lower,7.779989391565323e-05,13,ok
payment_partial,inductive_noise20,activity_frequency_gradual,0.3,alignment_coverage_pn2_upper,4.920037463307381e-05,13,ok
payment_partial,inductive_noise20,activity_frequency_gradual,0.3,classical,0.0078608999028801,1,ok
payment_partial,inductive_noise20,activity_frequency_gradual,0.3,dv,5.574499299749732,1,ok
payment_partial,inductive_noise20,activity_frequency_gradual,0.3,executions_cache,8.600298315286636e-06,1,ok
payment_partial,inductive_noise20,activity_frequency_gradual,0.3,matchprob,3.798864781856537e-06,13,ok
payment_partial,inductive_noise20,activity_frequency_gradual,0.3,mean_leaf_skipprob,3.200024366378784e-06,1,ok
payment_partial,inductive_noise20,activity_frequency_gradual,0.3,salign_coverage,0.00010959897190332413,13,ok
payment_partial,inductive_noise20,activity_frequency_gradual,0.3,skipprob,3.60049307346344e-06,13,ok
payment_partial,inductive_noise20,activity_frequency_gradual,0.3,traces,0.0045205000787973,1,ok
payment_partial,inductive_noise20,activity_frequency_gradual,0.3,voidmass_deficit_lower,4.1997991502285e-06,13,ok
payment_partial,inductive_noise20,activity_frequency_gradual,0.3,voidmass_deficit_upper,3.500375896692276e-06,13,ok
payment_partial,inductive_noise20,activity_frequency_gradual,0.3,voidmass_movecount,3.500375896692276e-06,13,ok
payment_partial,inductive_noise20,activity_frequency_gradual,0.3,voidmass_movecount_bound,3.2996758818626404e-06,13,ok
payment_partial,inductive_noise20,activity_frequency_gradual,0.3,voidmass_process_lower,3.7993304431438446e-06,13,ok
payment_partial,inductive_noise20,activity_frequency_gradual,0.3,voidmass_process_upper,3.4994445741176605e-06,13,ok
payment_partial,inductive_noise20,activity_frequency_gradual,0.3,voidsalign3,6.67991116642952e-05,13,ok
payment_partial,inductive_noise20,activity_frequency_gradual,0.3,voidsat2,0.0003287992440163931,13,ok
payment_partial,inductive_noise20,activity_frequency_gradual,0.3,weight_voidage,3.110012039542198e-05,13,ok
payment_partial,inductive_noise20,activity_frequency_gradual,0.4,aligned_duration_cache,0.0043083000928163,1,ok
payment_partial,inductive_noise20,activity_frequency_gradual,0.4,alignment_coverage_pn2_lower,7.529882714152336e-05,13,ok
payment_partial,inductive_noise20,activity_frequency_gradual,0.4,alignment_coverage_pn2_upper,4.939921200275421e-05,13,ok
payment_partial,inductive_noise20,activity_frequency_gradual,0.4,classical,0.0076514999382197,1,ok
payment_partial,inductive_noise20,activity_frequency_gradual,0.4,dv,5.655210299883038,1,ok
payment_partial,inductive_noise20,activity_frequency_gradual,0.4,executions_cache,7.799826562404633e-06,1,ok
payment_partial,inductive_noise20,activity_frequency_gradual,0.4,matchprob,3.700610250234604e-06,13,ok
payment_partial,inductive_noise20,activity_frequency_gradual,0.4,mean_leaf_skipprob,3.09990718960762e-06,1,ok
payment_partial,inductive_noise20,activity_frequency_gradual,0.4,salign_coverage,9.95011068880558e-05,13,ok
payment_partial,inductive_noise20,activity_frequency_gradual,0.4,skipprob,4.000496119260788e-06,13,ok
payment_partial,inductive_noise20,activity_frequency_gradual,0.4,traces,0.0042961002327501,1,ok
payment_partial,inductive_noise20,activity_frequency_gradual,0.4,voidmass_deficit_lower,4.200264811515808e-06,13,ok
payment_partial,inductive_noise20,activity_frequency_gradual,0.4,voidmass_deficit_upper,3.7997961044311523e-06,13,ok
payment_partial,inductive_noise20,activity_frequency_gradual,0.4,voidmass_movecount,3.3997930586338043e-06,13,ok
payment_partial,inductive_noise20,activity_frequency_gradual,0.4,voidmass_movecount_bound,3.300141543149948e-06,13,ok
payment_partial,inductive_noise20,activity_frequency_gradual,0.4,voidmass_process_lower,3.4999102354049683e-06,13,ok
payment_partial,inductive_noise20,activity_frequency_gradual,0.4,voidmass_process_upper,3.2009556889533997e-06,13,ok
payment_partial,inductive_noise20,activity_frequency_gradual,0.4,voidsalign3,6.279908120632172e-05,13,ok
payment_partial,inductive_noise20,activity_frequency_gradual,0.4,voidsat2,0.00031050015240900524,13,ok
payment_partial,inductive_noise20,activity_frequency_gradual,0.4,weight_voidage,2.7399510145187378e-05,13,ok
payment_partial,inductive_noise20,activity_frequency_gradual,0.5,aligned_duration_cache,0.0042175003327429,1,ok
payment_partial,inductive_noise20,activity_frequency_gradual,0.5,alignment_coverage_pn2_lower,7.489975541830063e-05,13,ok
payment_partial,inductive_noise20,activity_frequency_gradual,0.5,alignment_coverage_pn2_upper,5.070120096206665e-05,13,ok
payment_partial,inductive_noise20,activity_frequency_gradual,0.5,classical,0.0076802000403404,1,ok
payment_partial,inductive_noise20,activity_frequency_gradual,0.5,dv,5.590891800355166,1,ok
payment_partial,inductive_noise20,activity_frequency_gradual,0.5,executions_cache,7.399823516607283e-06,1,ok
payment_partial,inductive_noise20,activity_frequency_gradual,0.5,matchprob,4.2994506657123566e-06,13,ok
payment_partial,inductive_noise20,activity_frequency_gradual,0.5,mean_leaf_skipprob,3.09990718960762e-06,1,ok
payment_partial,inductive_noise20,activity_frequency_gradual,0.5,salign_coverage,0.00010250043123960495,13,ok
payment_partial,inductive_noise20,activity_frequency_gradual,0.5,skipprob,4.300381988286972e-06,13,ok
payment_partial,inductive_noise20,activity_frequency_gradual,0.5,traces,0.004204099997878,1,ok
payment_partial,inductive_noise20,activity_frequency_gradual,0.5,voidmass_deficit_lower,4.400964826345444e-06,13,ok
payment_partial,inductive_noise20,activity_frequency_gradual,0.5,voidmass_deficit_upper,3.600027412176132e-06,13,ok
payment_partial,inductive_noise20,activity_frequency_gradual,0.5,voidmass_movecount,3.302004188299179e-06,13,ok
payment_partial,inductive_noise20,activity_frequency_gradual,0.5,voidmass_movecount_bound,3.40072438120842e-06,13,ok
payment_partial,inductive_noise20,activity_frequency_gradual,0.5,voidmass_process_lower,3.700144588947296e-06,13,ok
payment_partial,inductive_noise20,activity_frequency_gradual,0.5,voidmass_process_upper,3.1995587050914764e-06,13,ok
payment_partial,inductive_noise20,activity_frequency_gradual,0.5,voidsalign3,6.50002621114254e-05,13,ok
payment_partial,inductive_noise20,activity_frequency_gradual,0.5,voidsat2,0.0003203004598616668,13,ok
payment_partial,inductive_noise20,activity_frequency_gradual,0.5,weight_voidage,2.7700792998075485e-05,13,ok
payment_partial,inductive_noise20,activity_frequency_gradual,0.6,aligned_duration_cache,0.0043607000261545,1,ok
payment_partial,inductive_noise20,activity_frequency_gradual,0.6,alignment_coverage_pn2_lower,7.240008562803268e-05,13,ok
payment_partial,inductive_noise20,activity_frequency_gradual,0.6,alignment_coverage_pn2_upper,4.6700239181518555e-05,13,ok
payment_partial,inductive_noise20,activity_frequency_gradual,0.6,classical,0.0079163000918924,1,ok
payment_partial,inductive_noise20,activity_frequency_gradual,0.6,dv,5.631837900262326,1,ok
payment_partial,inductive_noise20,activity_frequency_gradual,0.6,executions_cache,7.700175046920776e-06,1,ok
payment_partial,inductive_noise20,activity_frequency_gradual,0.6,matchprob,3.900844603776932e-06,13,ok
payment_partial,inductive_noise20,activity_frequency_gradual,0.6,mean_leaf_skipprob,2.9001384973526e-06,1,ok
payment_partial,inductive_noise20,activity_frequency_gradual,0.6,salign_coverage,9.91998240351677e-05,13,ok
payment_partial,inductive_noise20,activity_frequency_gradual,0.6,skipprob,3.900378942489624e-06,13,ok
payment_partial,inductive_noise20,activity_frequency_gradual,0.6,traces,0.0043460000306367,1,ok
payment_partial,inductive_noise20,activity_frequency_gradual,0.6,voidmass_deficit_lower,4.2994506657123566e-06,13,ok
payment_partial,inductive_noise20,activity_frequency_gradual,0.6,voidmass_deficit_upper,3.7997961044311523e-06,13,ok
payment_partial,inductive_noise20,activity_frequency_gradual,0.6,voidmass_movecount,3.3997930586338043e-06,13,ok
payment_partial,inductive_noise20,activity_frequency_gradual,0.6,voidmass_movecount_bound,3.100372850894928e-06,13,ok
payment_partial,inductive_noise20,activity_frequency_gradual,0.6,voidmass_process_lower,3.800727427005768e-06,13,ok
payment_partial,inductive_noise20,activity_frequency_gradual,0.6,voidmass_process_upper,3.40072438120842e-06,13,ok
payment_partial,inductive_noise20,activity_frequency_gradual,0.6,voidsalign3,6.029987707734108e-05,13,ok
payment_partial,inductive_noise20,activity_frequency_gradual,0.6,voidsat2,0.0002633002586661835,13,ok
payment_partial,inductive_noise20,activity_frequency_gradual,0.6,weight_voidage,2.9300805181264877e-05,13,ok
payment_partial,inductive_noise20,activity_frequency_gradual,0.7,aligned_duration_cache,0.0041831997223198,1,ok
payment_partial,inductive_noise20,activity_frequency_gradual,0.7,alignment_coverage_pn2_lower,6.909947842359543e-05,13,ok
payment_partial,inductive_noise20,activity_frequency_gradual,0.7,alignment_coverage_pn2_upper,4.499964416027069e-05,13,ok
payment_partial,inductive_noise20,activity_frequency_gradual,0.7,classical,0.0075974999926984,1,ok
payment_partial,inductive_noise20,activity_frequency_gradual,0.7,dv,5.6487874002195895,1,ok
payment_partial,inductive_noise20,activity_frequency_gradual,0.7,executions_cache,8.599832653999329e-06,1,ok
payment_partial,inductive_noise20,activity_frequency_gradual,0.7,matchprob,4.10107895731926e-06,13,ok
payment_partial,inductive_noise20,activity_frequency_gradual,0.7,mean_leaf_skipprob,2.8996728360652924e-06,1,ok
payment_partial,inductive_noise20,activity_frequency_gradual,0.7,salign_coverage,0.00010149972513318062,13,ok
payment_partial,inductive_noise20,activity_frequency_gradual,0.7,skipprob,3.60049307346344e-06,13,ok
payment_partial,inductive_noise20,activity_frequency_gradual,0.7,traces,0.0041694999672472,1,ok
payment_partial,inductive_noise20,activity_frequency_gradual,0.7,voidmass_deficit_lower,4.698988050222397e-06,13,ok
payment_partial,inductive_noise20,activity_frequency_gradual,0.7,voidmass_deficit_upper,3.4994445741176605e-06,13,ok
payment_partial,inductive_noise20,activity_frequency_gradual,0.7,voidmass_movecount,3.3993273973464966e-06,13,ok
payment_partial,inductive_noise20,activity_frequency_gradual,0.7,voidmass_movecount_bound,3.1990930438041687e-06,13,ok
payment_partial,inductive_noise20,activity_frequency_gradual,0.7,voidmass_process_lower,4.1997991502285e-06,13,ok
payment_partial,inductive_noise20,activity_frequency_gradual,0.7,voidmass_process_upper,3.300607204437256e-06,13,ok
payment_partial,inductive_noise20,activity_frequency_gradual,0.7,voidsalign3,6.13001175224781e-05,13,ok
payment_partial,inductive_noise20,activity_frequency_gradual,0.7,voidsat2,0.00024089962244030458,13,ok
payment_partial,inductive_noise20,activity_frequency_gradual,0.7,weight_voidage,2.800067886710167e-05,13,ok
payment_partial,inductive_noise20,activity_frequency_gradual,0.8,aligned_duration_cache,0.0037119002081453,1,ok
payment_partial,inductive_noise20,activity_frequency_gradual,0.8,alignment_coverage_pn2_lower,5.239993333816528e-05,13,ok
payment_partial,inductive_noise20,activity_frequency_gradual,0.8,alignment_coverage_pn2_upper,2.6998575776815414e-05,13,ok
payment_partial,inductive_noise20,activity_frequency_gradual,0.8,classical,0.00466929981485,1,ok
payment_partial,inductive_noise20,activity_frequency_gradual,0.8,dv,5.430986299645156,1,ok
payment_partial,inductive_noise20,activity_frequency_gradual,0.8,executions_cache,7.399823516607283e-06,1,ok
payment_partial,inductive_noise20,activity_frequency_gradual,0.8,matchprob,3.899913281202316e-06,13,ok
payment_partial,inductive_noise20,activity_frequency_gradual,0.8,mean_leaf_skipprob,3.200024366378784e-06,1,ok
payment_partial,inductive_noise20,activity_frequency_gradual,0.8,salign_coverage,6.510037928819656e-05,13,ok
payment_partial,inductive_noise20,activity_frequency_gradual,0.8,skipprob,3.3997930586338043e-06,13,ok
payment_partial,inductive_noise20,activity_frequency_gradual,0.8,traces,0.0037007997743785,1,ok
payment_partial,inductive_noise20,activity_frequency_gradual,0.8,voidmass_deficit_lower,4.399102181196213e-06,13,ok
payment_partial,inductive_noise20,activity_frequency_gradual,0.8,voidmass_deficit_upper,3.4999102354049683e-06,13,ok
payment_partial,inductive_noise20,activity_frequency_gradual,0.8,voidmass_movecount,3.2996758818626404e-06,13,ok
payment_partial,inductive_noise20,activity_frequency_gradual,0.8,voidmass_movecount_bound,3.0994415283203125e-06,13,ok
payment_partial,inductive_noise20,activity_frequency_gradual,0.8,voidmass_process_lower,3.4980475902557373e-06,13,ok
payment_partial,inductive_noise20,activity_frequency_gradual,0.8,voidmass_process_upper,3.1990930438041687e-06,13,ok
payment_partial,inductive_noise20,activity_frequency_gradual,0.8,voidsalign3,4.069926217198372e-05,13,ok
payment_partial,inductive_noise20,activity_frequency_gradual,0.8,voidsat2,0.00014980044215917587,13,ok
payment_partial,inductive_noise20,activity_frequency_gradual,0.8,weight_voidage,2.780044451355934e-05,13,ok
payment_partial,inductive_noise20,activity_frequency_gradual,0.9,aligned_duration_cache,0.002420499920845,1,ok
payment_partial,inductive_noise20,activity_frequency_gradual,0.9,alignment_coverage_pn2_lower,4.400033503770828e-05,13,ok
payment_partial,inductive_noise20,activity_frequency_gradual,0.9,alignment_coverage_pn2_upper,2.7699396014213562e-05,13,ok
payment_partial,inductive_noise20,activity_frequency_gradual,0.9,classical,0.0040957001037895,1,ok
payment_partial,inductive_noise20,activity_frequency_gradual,0.9,dv,5.455998199991882,1,ok
payment_partial,inductive_noise20,activity_frequency_gradual,0.9,executions_cache,7.6000578701496124e-06,1,ok
payment_partial,inductive_noise20,activity_frequency_gradual,0.9,matchprob,3.8994476199150085e-06,13,ok
payment_partial,inductive_noise20,activity_frequency_gradual,0.9,mean_leaf_skipprob,3.000255674123764e-06,1,ok
payment_partial,inductive_noise20,activity_frequency_gradual,0.9,salign_coverage,6.369920447468758e-05,13,ok
payment_partial,inductive_noise20,activity_frequency_gradual,0.9,skipprob,3.8011930882930756e-06,13,ok
payment_partial,inductive_noise20,activity_frequency_gradual,0.9,traces,0.0024085002951323,1,ok
payment_partial,inductive_noise20,activity_frequency_gradual,0.9,voidmass_deficit_lower,4.70038503408432e-06,13,ok
payment_partial,inductive_noise20,activity_frequency_gradual,0.9,voidmass_deficit_upper,3.900844603776932e-06,13,ok
payment_partial,inductive_noise20,activity_frequency_gradual,0.9,voidmass_movecount,3.60049307346344e-06,13,ok
payment_partial,inductive_noise20,activity_frequency_gradual,0.9,voidmass_movecount_bound,3.1008385121822357e-06,13,ok
payment_partial,inductive_noise20,activity_frequency_gradual,0.9,voidmass_process_lower,3.4994445741176605e-06,13,ok
payment_partial,inductive_noise20,activity_frequency_gradual,0.9,voidmass_process_upper,3.100372850894928e-06,13,ok
payment_partial,inductive_noise20,activity_frequency_gradual,0.9,voidsalign3,3.990018740296364e-05,13,ok
payment_partial,inductive_noise20,activity_frequency_gradual,0.9,voidsat2,9.609945118427277e-05,13,ok
payment_partial,inductive_noise20,activity_frequency_gradual,0.9,weight_voidage,2.619996666908264e-05,13,ok
payment_partial,inductive_noise20,activity_gradual,0.1,aligned_duration_cache,0.0044451002031564,1,ok
payment_partial,inductive_noise20,activity_gradual,0.1,alignment_coverage_pn2_lower,0.00035159895196547125,13,ok
payment_partial,inductive_noise20,activity_gradual,0.1,alignment_coverage_pn2_upper,0.00023269886150956154,13,ok
payment_partial,inductive_noise20,activity_gradual,0.1,classical,0.0327037000097334,1,ok
payment_partial,inductive_noise20,activity_gradual,0.1,dv,6.794353799894452,1,ok
payment_partial,inductive_noise20,activity_gradual,0.1,executions_cache,8.699949830770493e-06,1,ok
payment_partial,inductive_noise20,activity_gradual,0.1,matchprob,4.099216312170029e-06,13,ok
payment_partial,inductive_noise20,activity_gradual,0.1,mean_leaf_skipprob,5.499925464391708e-06,1,ok
payment_partial,inductive_noise20,activity_gradual,0.1,salign_coverage,0.0003803004510700163,13,ok
payment_partial,inductive_noise20,activity_gradual,0.1,skipprob,4.099216312170029e-06,13,ok
payment_partial,inductive_noise20,activity_gradual,0.1,traces,0.0044297999702394,1,ok
payment_partial,inductive_noise20,activity_gradual,0.1,voidmass_deficit_lower,4.899222403764725e-06,13,ok
payment_partial,inductive_noise20,activity_gradual,0.1,voidmass_deficit_upper,3.899913281202316e-06,13,ok
payment_partial,inductive_noise20,activity_gradual,0.1,voidmass_movecount,3.7010759115219116e-06,13,ok
payment_partial,inductive_noise20,activity_gradual,0.1,voidmass_movecount_bound,3.1013041734695435e-06,13,ok
payment_partial,inductive_noise20,activity_gradual,0.1,voidmass_process_lower,4.098750650882721e-06,13,ok
payment_partial,inductive_noise20,activity_gradual,0.1,voidmass_process_upper,3.700610250234604e-06,13,ok
payment_partial,inductive_noise20,activity_gradual,0.1,voidsalign3,0.0002682008780539036,13,ok
payment_partial,inductive_noise20,activity_gradual,0.1,voidsat2,0.0005896999500690894,13,ok
payment_partial,inductive_noise20,activity_gradual,0.1,weight_voidage,3.0200928449630737e-05,13,ok
payment_partial,inductive_noise20,activity_gradual,0.2,aligned_duration_cache,0.0041800998151302,1,ok
payment_partial,inductive_noise20,activity_gradual,0.2,alignment_coverage_pn2_lower,0.00023040035739534584,13,ok
payment_partial,inductive_noise20,activity_gradual,0.2,alignment_coverage_pn2_upper,0.00014850031584501266,13,ok
payment_partial,inductive_noise20,activity_gradual,0.2,classical,0.0249201999977231,1,ok
payment_partial,inductive_noise20,activity_gradual,0.2,dv,6.480853900313377,1,ok
payment_partial,inductive_noise20,activity_gradual,0.2,executions_cache,7.400289177894592e-06,1,ok
payment_partial,inductive_noise20,activity_gradual,0.2,matchprob,3.8016587495803833e-06,13,ok
payment_partial,inductive_noise20,activity_gradual,0.2,mean_leaf_skipprob,3.300141543149948e-06,1,ok
payment_partial,inductive_noise20,activity_gradual,0.2,salign_coverage,0.00026939995586866734,13,ok
payment_partial,inductive_noise20,activity_gradual,0.2,skipprob,3.700610250234604e-06,13,ok
payment_partial,inductive_noise20,activity_gradual,0.2,traces,0.0041684000752866,1,ok
payment_partial,inductive_noise20,activity_gradual,0.2,voidmass_deficit_lower,4.601664841175079e-06,13,ok
payment_partial,inductive_noise20,activity_gradual,0.2,voidmass_deficit_upper,3.600027412176132e-06,13,ok
payment_partial,inductive_noise20,activity_gradual,0.2,voidmass_movecount,3.7010759115219116e-06,13,ok
payment_partial,inductive_noise20,activity_gradual,0.2,voidmass_movecount_bound,3.0989758670330048e-06,13,ok
payment_partial,inductive_noise20,activity_gradual,0.2,voidmass_process_lower,3.700144588947296e-06,13,ok
payment_partial,inductive_noise20,activity_gradual,0.2,voidmass_process_upper,3.3010728657245636e-06,13,ok
payment_partial,inductive_noise20,activity_gradual,0.2,voidsalign3,0.00017160037532448769,13,ok
payment_partial,inductive_noise20,activity_gradual,0.2,voidsat2,0.0005162009038030457,13,ok
payment_partial,inductive_noise20,activity_gradual,0.2,weight_voidage,2.8399284929037094e-05,13,ok
payment_partial,inductive_noise20,activity_gradual,0.3,aligned_duration_cache,0.0041423002257943,1,ok
payment_partial,inductive_noise20,activity_gradual,0.3,alignment_coverage_pn2_lower,0.00023319991305461386,13,ok
payment_partial,inductive_noise20,activity_gradual,0.3,alignment_coverage_pn2_upper,0.00014260085299611092,13,ok
payment_partial,inductive_noise20,activity_gradual,0.3,classical,0.0239347997121512,1,ok
payment_partial,inductive_noise20,activity_gradual,0.3,dv,6.479291799943894,1,ok
payment_partial,inductive_noise20,activity_gradual,0.3,executions_cache,8.19982960820198e-06,1,ok
payment_partial,inductive_noise20,activity_gradual,0.3,matchprob,3.798864781856537e-06,13,ok
payment_partial,inductive_noise20,activity_gradual,0.3,mean_leaf_skipprob,2.9997900128364563e-06,1,ok
payment_partial,inductive_noise20,activity_gradual,0.3,salign_coverage,0.00026470050215713644,13,ok
payment_partial,inductive_noise20,activity_gradual,0.3,skipprob,3.9995647966861725e-06,13,ok
payment_partial,inductive_noise20,activity_gradual,0.3,traces,0.0041282000020146,1,ok
payment_partial,inductive_noise20,activity_gradual,0.3,voidmass_deficit_lower,4.699453711509705e-06,13,ok
payment_partial,inductive_noise20,activity_gradual,0.3,voidmass_deficit_upper,3.60049307346344e-06,13,ok
payment_partial,inductive_noise20,activity_gradual,0.3,voidmass_movecount,3.300141543149948e-06,13,ok
payment_partial,inductive_noise20,activity_gradual,0.3,voidmass_movecount_bound,3.0999071896076202e-06,13,ok
payment_partial,inductive_noise20,activity_gradual,0.3,voidmass_process_lower,3.600027412176132e-06,13,ok
payment_partial,inductive_noise20,activity_gradual,0.3,voidmass_process_upper,3.5990960896015167e-06,13,ok
payment_partial,inductive_noise20,activity_gradual,0.3,voidsalign3,0.00016270065680146217,13,ok
payment_partial,inductive_noise20,activity_gradual,0.3,voidsat2,0.000485700089484359,13,ok
payment_partial,inductive_noise20,activity_gradual,0.3,weight_voidage,2.9000453650951385e-05,13,ok
payment_partial,inductive_noise20,activity_gradual,0.4,aligned_duration_cache,0.0041662002913653,1,ok
payment_partial,inductive_noise20,activity_gradual,0.4,alignment_coverage_pn2_lower,0.00018220115453004837,13,ok
payment_partial,inductive_noise20,activity_gradual,0.4,alignment_coverage_pn2_upper,0.00011570006608963013,13,ok
payment_partial,inductive_noise20,activity_gradual,0.4,classical,0.0192013001069426,1,ok
payment_partial,inductive_noise20,activity_gradual,0.4,dv,6.380650700069964,1,ok
payment_partial,inductive_noise20,activity_gradual,0.4,executions_cache,1.0200310498476028e-05,1,ok
payment_partial,inductive_noise20,activity_gradual,0.4,matchprob,4.0996819734573364e-06,13,ok
payment_partial,inductive_noise20,activity_gradual,0.4,mean_leaf_skipprob,3.200024366378784e-06,1,ok
payment_partial,inductive_noise20,activity_gradual,0.4,salign_coverage,0.0002208007499575615,13,ok
payment_partial,inductive_noise20,activity_gradual,0.4,skipprob,3.80026176571846e-06,13,ok
payment_partial,inductive_noise20,activity_gradual,0.4,traces,0.0041512004099786,1,ok
payment_partial,inductive_noise20,activity_gradual,0.4,voidmass_deficit_lower,4.500150680541992e-06,13,ok
payment_partial,inductive_noise20,activity_gradual,0.4,voidmass_deficit_upper,3.5995617508888245e-06,13,ok
payment_partial,inductive_noise20,activity_gradual,0.4,voidmass_movecount,3.6009587347507477e-06,13,ok
payment_partial,inductive_noise20,activity_gradual,0.4,voidmass_movecount_bound,3.500375896692276e-06,13,ok
payment_partial,inductive_noise20,activity_gradual,0.4,voidmass_process_lower,3.700610250234604e-06,13,ok
payment_partial,inductive_noise20,activity_gradual,0.4,voidmass_process_upper,3.700144588947296e-06,13,ok
payment_partial,inductive_noise20,activity_gradual,0.4,voidsalign3,0.00013489974662661552,13,ok
payment_partial,inductive_noise20,activity_gradual,0.4,voidsat2,0.0004742988385259689,13,ok
payment_partial,inductive_noise20,activity_gradual,0.4,weight_voidage,2.9400456696748734e-05,13,ok
payment_partial,inductive_noise20,activity_gradual,0.5,aligned_duration_cache,0.0041374000720679,1,ok
payment_partial,inductive_noise20,activity_gradual,0.5,alignment_coverage_pn2_lower,0.00022279983386390127,13,ok
payment_partial,inductive_noise20,activity_gradual,0.5,alignment_coverage_pn2_upper,0.00013579986989498138,13,ok
payment_partial,inductive_noise20,activity_gradual,0.5,classical,0.0228669000789523,1,ok
payment_partial,inductive_noise20,activity_gradual,0.5,dv,6.530250200070441,1,ok
payment_partial,inductive_noise20,activity_gradual,0.5,executions_cache,7.899943739175797e-06,1,ok
payment_partial,inductive_noise20,activity_gradual,0.5,matchprob,4.00003045797348e-06,13,ok
payment_partial,inductive_noise20,activity_gradual,0.5,mean_leaf_skipprob,2.9997900128364563e-06,1,ok
payment_partial,inductive_noise20,activity_gradual,0.5,salign_coverage,0.0002637989819049173,13,ok
payment_partial,inductive_noise20,activity_gradual,0.5,skipprob,4.00003045797348e-06,13,ok
payment_partial,inductive_noise20,activity_gradual,0.5,traces,0.0041212998330593,1,ok
payment_partial,inductive_noise20,activity_gradual,0.5,voidmass_deficit_lower,4.601664841175079e-06,13,ok
payment_partial,inductive_noise20,activity_gradual,0.5,voidmass_deficit_upper,3.5013072192668915e-06,13,ok
payment_partial,inductive_noise20,activity_gradual,0.5,voidmass_movecount,3.300607204437256e-06,13,ok
payment_partial,inductive_noise20,activity_gradual,0.5,voidmass_movecount_bound,3.4999102354049683e-06,13,ok
payment_partial,inductive_noise20,activity_gradual,0.5,voidmass_process_lower,4.499219357967377e-06,13,ok
payment_partial,inductive_noise20,activity_gradual,0.5,voidmass_process_upper,3.700144588947296e-06,13,ok
payment_partial,inductive_noise20,activity_gradual,0.5,voidsalign3,0.00015780003741383553,13,ok
payment_partial,inductive_noise20,activity_gradual,0.5,voidsat2,0.00043620029464359894,13,ok
payment_partial,inductive_noise20,activity_gradual,0.5,weight_voidage,2.9900111258029938e-05,13,ok
payment_partial,inductive_noise20,activity_gradual,0.6,aligned_duration_cache,0.0042320000939071,1,ok
payment_partial,inductive_noise20,activity_gradual,0.6,alignment_coverage_pn2_lower,0.00018010009080171585,13,ok
payment_partial,inductive_noise20,activity_gradual,0.6,alignment_coverage_pn2_upper,0.00012159859761595726,13,ok
payment_partial,inductive_noise20,activity_gradual,0.6,classical,0.0190236000344157,1,ok
payment_partial,inductive_noise20,activity_gradual,0.6,dv,6.448412700090557,1,ok
payment_partial,inductive_noise20,activity_gradual,0.6,executions_cache,8.800067007541656e-06,1,ok
payment_partial,inductive_noise20,activity_gradual,0.6,matchprob,4.201196134090424e-06,13,ok
payment_partial,inductive_noise20,activity_gradual,0.6,mean_leaf_skipprob,2.8996728360652924e-06,1,ok
payment_partial,inductive_noise20,activity_gradual,0.6,salign_coverage,0.00023559946566813385,13,ok
payment_partial,inductive_noise20,activity_gradual,0.6,skipprob,4.30084764957428e-06,13,ok
payment_partial,inductive_noise20,activity_gradual,0.6,traces,0.004216999746859,1,ok
payment_partial,inductive_noise20,activity_gradual,0.6,voidmass_deficit_lower,4.5006163418293e-06,13,ok
payment_partial,inductive_noise20,activity_gradual,0.6,voidmass_deficit_upper,3.9013102650642395e-06,13,ok
payment_partial,inductive_noise20,activity_gradual,0.6,voidmass_movecount,3.700144588947296e-06,13,ok
payment_partial,inductive_noise20,activity_gradual,0.6,voidmass_movecount_bound,3.800727427005768e-06,13,ok
payment_partial,inductive_noise20,activity_gradual,0.6,voidmass_process_lower,3.4016557037830353e-06,13,ok
payment_partial,inductive_noise20,activity_gradual,0.6,voidmass_process_upper,3.400258719921112e-06,13,ok
payment_partial,inductive_noise20,activity_gradual,0.6,voidsalign3,0.00013949954882264137,13,ok
payment_partial,inductive_noise20,activity_gradual,0.6,voidsat2,0.00041760038584463116,13,ok
payment_partial,inductive_noise20,activity_gradual,0.6,weight_voidage,3.0300579965114594e-05,13,ok
payment_partial,inductive_noise20,activity_gradual,0.7,aligned_duration_cache,0.003547899890691,1,ok
payment_partial,inductive_noise20,activity_gradual,0.7,alignment_coverage_pn2_lower,0.00017169956117868423,13,ok
payment_partial,inductive_noise20,activity_gradual,0.7,alignment_coverage_pn2_upper,9.070057421922684e-05,13,ok
payment_partial,inductive_noise20,activity_gradual,0.7,classical,0.0142661998979747,1,ok
payment_partial,inductive_noise20,activity_gradual,0.7,dv,6.035810999572277,1,ok
payment_partial,inductive_noise20,activity_gradual,0.7,executions_cache,8.800067007541656e-06,1,ok
payment_partial,inductive_noise20,activity_gradual,0.7,matchprob,4.399102181196213e-06,13,ok
payment_partial,inductive_noise20,activity_gradual,0.7,mean_leaf_skipprob,2.9001384973526e-06,1,ok
payment_partial,inductive_noise20,activity_gradual,0.7,salign_coverage,0.00019829953089356422,13,ok
payment_partial,inductive_noise20,activity_gradual,0.7,skipprob,4.600267857313156e-06,13,ok
payment_partial,inductive_noise20,activity_gradual,0.7,traces,0.0035337996669113,1,ok
payment_partial,inductive_noise20,activity_gradual,0.7,voidmass_deficit_lower,5.399342626333237e-06,13,ok
payment_partial,inductive_noise20,activity_gradual,0.7,voidmass_deficit_upper,4.3995678424835205e-06,13,ok
payment_partial,inductive_noise20,activity_gradual,0.7,voidmass_movecount,3.200490027666092e-06,13,ok
payment_partial,inductive_noise20,activity_gradual,0.7,voidmass_movecount_bound,3.4011900424957275e-06,13,ok
payment_partial,inductive_noise20,activity_gradual,0.7,voidmass_process_lower,3.700144588947296e-06,13,ok
payment_partial,inductive_noise20,activity_gradual,0.7,voidmass_process_upper,3.5008415579795837e-06,13,ok
payment_partial,inductive_noise20,activity_gradual,0.7,voidsalign3,0.00011919811367988586,13,ok
payment_partial,inductive_noise20,activity_gradual,0.7,voidsat2,0.0003850008361041029,13,ok
payment_partial,inductive_noise20,activity_gradual,0.7,weight_voidage,3.119930624961853e-05,13,ok
payment_partial,inductive_noise20,activity_gradual,0.8,aligned_duration_cache,0.0033582998439669,1,ok
payment_partial,inductive_noise20,activity_gradual,0.8,alignment_coverage_pn2_lower,0.00010870024561882019,13,ok
payment_partial,inductive_noise20,activity_gradual,0.8,alignment_coverage_pn2_upper,6.410013884305954e-05,13,ok
payment_partial,inductive_noise20,activity_gradual,0.8,classical,0.0099009997211396,1,ok
payment_partial,inductive_noise20,activity_gradual,0.8,dv,5.85806529968977,1,ok
payment_partial,inductive_noise20,activity_gradual,0.8,executions_cache,8.800067007541656e-06,1,ok
payment_partial,inductive_noise20,activity_gradual,0.8,matchprob,3.900844603776932e-06,13,ok
payment_partial,inductive_noise20,activity_gradual,0.8,mean_leaf_skipprob,2.8996728360652924e-06,1,ok
payment_partial,inductive_noise20,activity_gradual,0.8,salign_coverage,0.0001413002610206604,13,ok
payment_partial,inductive_noise20,activity_gradual,0.8,skipprob,4.100613296031952e-06,13,ok
payment_partial,inductive_noise20,activity_gradual,0.8,traces,0.0033446997404098,1,ok
payment_partial,inductive_noise20,activity_gradual,0.8,voidmass_deficit_lower,4.599336534738541e-06,13,ok
payment_partial,inductive_noise20,activity_gradual,0.8,voidmass_deficit_upper,3.498513251543045e-06,13,ok
payment_partial,inductive_noise20,activity_gradual,0.8,voidmass_movecount,3.398861736059189e-06,13,ok
payment_partial,inductive_noise20,activity_gradual,0.8,voidmass_movecount_bound,3.0980445444583893e-06,13,ok
payment_partial,inductive_noise20,activity_gradual,0.8,voidmass_process_lower,3.3997930586338043e-06,13,ok
payment_partial,inductive_noise20,activity_gradual,0.8,voidmass_process_upper,3.2009556889533997e-06,13,ok
payment_partial,inductive_noise20,activity_gradual,0.8,voidsalign3,8.58004204928875e-05,13,ok
payment_partial,inductive_noise20,activity_gradual,0.8,voidsat2,0.0002468000166118145,13,ok
payment_partial,inductive_noise20,activity_gradual,0.8,weight_voidage,2.9598828405141827e-05,13,ok
payment_partial,inductive_noise20,activity_gradual,0.9,aligned_duration_cache,0.0023173997178673,1,ok
payment_partial,inductive_noise20,activity_gradual,0.9,alignment_coverage_pn2_lower,5.3600408136844635e-05,13,ok
payment_partial,inductive_noise20,activity_gradual,0.9,alignment_coverage_pn2_upper,3.450177609920502e-05,13,ok
payment_partial,inductive_noise20,activity_gradual,0.9,classical,0.0060093998908996,1,ok
payment_partial,inductive_noise20,activity_gradual,0.9,dv,5.563575499691069,1,ok
payment_partial,inductive_noise20,activity_gradual,0.9,executions_cache,7.300172001123428e-06,1,ok
payment_partial,inductive_noise20,activity_gradual,0.9,matchprob,3.7997961044311523e-06,13,ok
payment_partial,inductive_noise20,activity_gradual,0.9,mean_leaf_skipprob,2.800021320581436e-06,1,ok
payment_partial,inductive_noise20,activity_gradual,0.9,salign_coverage,7.540127262473106e-05,13,ok
payment_partial,inductive_noise20,activity_gradual,0.9,skipprob,3.498513251543045e-06,13,ok
payment_partial,inductive_noise20,activity_gradual,0.9,traces,0.0023047998547554,1,ok
payment_partial,inductive_noise20,activity_gradual,0.9,voidmass_deficit_lower,4.4014304876327515e-06,13,ok
payment_partial,inductive_noise20,activity_gradual,0.9,voidmass_deficit_upper,3.3997930586338043e-06,13,ok
payment_partial,inductive_noise20,activity_gradual,0.9,voidmass_movecount,3.400258719921112e-06,13,ok
payment_partial,inductive_noise20,activity_gradual,0.9,voidmass_movecount_bound,2.998393028974533e-06,13,ok
payment_partial,inductive_noise20,activity_gradual,0.9,voidmass_process_lower,3.4994445741176605e-06,13,ok
payment_partial,inductive_noise20,activity_gradual,0.9,voidmass_process_upper,3.2996758818626404e-06,13,ok
payment_partial,inductive_noise20,activity_gradual,0.9,voidsalign3,4.940014332532883e-05,13,ok
payment_partial,inductive_noise20,activity_gradual,0.9,voidsat2,0.00010810093954205513,13,ok
payment_partial,inductive_noise20,activity_gradual,0.9,weight_voidage,2.6199501007795334e-05,13,ok
payment_partial,inductive_noise20,trace,0.1,aligned_duration_cache,0.004103900399059,1,ok
payment_partial,inductive_noise20,trace,0.1,alignment_coverage_pn2_lower,0.00024319952353834667,13,ok
payment_partial,inductive_noise20,trace,0.1,alignment_coverage_pn2_upper,0.00015960028395056725,13,ok
payment_partial,inductive_noise20,trace,0.1,classical,0.0194754004478454,1,ok
payment_partial,inductive_noise20,trace,0.1,dv,6.156856799963862,1,ok
payment_partial,inductive_noise20,trace,0.1,executions_cache,9.499955922365189e-06,1,ok
payment_partial,inductive_noise20,trace,0.1,matchprob,3.7997961044311523e-06,13,ok
payment_partial,inductive_noise20,trace,0.1,mean_leaf_skipprob,3.09990718960762e-06,1,ok
payment_partial,inductive_noise20,trace,0.1,salign_coverage,0.00028399983420961626,13,ok
payment_partial,inductive_noise20,trace,0.1,skipprob,3.9995647966861725e-06,13,ok
payment_partial,inductive_noise20,trace,0.1,traces,0.0040878998115658,1,ok
payment_partial,inductive_noise20,trace,0.1,voidmass_deficit_lower,4.500150680541992e-06,13,ok
payment_partial,inductive_noise20,trace,0.1,voidmass_deficit_upper,3.5017728805541992e-06,13,ok
payment_partial,inductive_noise20,trace,0.1,voidmass_movecount,3.6009587347507477e-06,13,ok
payment_partial,inductive_noise20,trace,0.1,voidmass_movecount_bound,3.0999071896076202e-06,13,ok
payment_partial,inductive_noise20,trace,0.1,voidmass_process_lower,3.6992132663726807e-06,13,ok
payment_partial,inductive_noise20,trace,0.1,voidmass_process_upper,3.2992102205753326e-06,13,ok
payment_partial,inductive_noise20,trace,0.1,voidsalign3,0.0001864987425506115,13,ok
payment_partial,inductive_noise20,trace,0.1,voidsat2,0.0005440004169940249,13,ok
payment_partial,inductive_noise20,trace,0.1,weight_voidage,2.9698945581912994e-05,13,ok
payment_partial,inductive_noise20,trace,0.2,aligned_duration_cache,0.0035043000243604,1,ok
payment_partial,inductive_noise20,trace,0.2,alignment_coverage_pn2_lower,0.0002457997761666775,13,ok
payment_partial,inductive_noise20,trace,0.2,alignment_coverage_pn2_upper,0.00015940004959702492,13,ok
payment_partial,inductive_noise20,trace,0.2,classical,0.0457998001947999,1,ok
payment_partial,inductive_noise20,trace,0.2,dv,6.22153119975701,1,ok
payment_partial,inductive_noise20,trace,0.2,executions_cache,8.699949830770493e-06,1,ok
payment_partial,inductive_noise20,trace,0.2,matchprob,3.500375896692276e-06,13,ok
payment_partial,inductive_noise20,trace,0.2,mean_leaf_skipprob,2.9001384973526e-06,1,ok
payment_partial,inductive_noise20,trace,0.2,salign_coverage,0.0002617011778056237,13,ok
payment_partial,inductive_noise20,trace,0.2,skipprob,3.500375896692276e-06,13,ok
payment_partial,inductive_noise20,trace,0.2,traces,0.0034909001551568,1,ok
payment_partial,inductive_noise20,trace,0.2,voidmass_deficit_lower,4.499219357967377e-06,13,ok
payment_partial,inductive_noise20,trace,0.2,voidmass_deficit_upper,3.300141543149948e-06,13,ok
payment_partial,inductive_noise20,trace,0.2,voidmass_movecount,3.0994415283203125e-06,13,ok
payment_partial,inductive_noise20,trace,0.2,voidmass_movecount_bound,3.1995587050914764e-06,13,ok
payment_partial,inductive_noise20,trace,0.2,voidmass_process_lower,3.5995617508888245e-06,13,ok
payment_partial,inductive_noise20,trace,0.2,voidmass_process_upper,3.4999102354049683e-06,13,ok
payment_partial,inductive_noise20,trace,0.2,voidsalign3,0.00017479946836829185,13,ok
payment_partial,inductive_noise20,trace,0.2,voidsat2,0.0004870006814598304,13,ok
payment_partial,inductive_noise20,trace,0.2,weight_voidage,2.8200913220643997e-05,13,ok
payment_partial,inductive_noise20,trace,0.3,aligned_duration_cache,0.0044617997482419,1,ok
payment_partial,inductive_noise20,trace,0.3,alignment_coverage_pn2_lower,0.0002627004869281415,13,ok
payment_partial,inductive_noise20,trace,0.3,alignment_coverage_pn2_upper,0.00017329910770058632,13,ok
payment_partial,inductive_noise20,trace,0.3,classical,0.0206132000312209,1,ok
payment_partial,inductive_noise20,trace,0.3,dv,6.323429500218481,1,ok
payment_partial,inductive_noise20,trace,0.3,executions_cache,9.09995287656784e-06,1,ok
payment_partial,inductive_noise20,trace,0.3,matchprob,3.8994476199150085e-06,13,ok
payment_partial,inductive_noise20,trace,0.3,mean_leaf_skipprob,3.300141543149948e-06,1,ok
payment_partial,inductive_noise20,trace,0.3,salign_coverage,0.0002823988907038977,13,ok
payment_partial,inductive_noise20,trace,0.3,skipprob,4.100147634744644e-06,13,ok
payment_partial,inductive_noise20,trace,0.3,traces,0.0044458997435867,1,ok
payment_partial,inductive_noise20,trace,0.3,voidmass_deficit_lower,4.598870873451233e-06,13,ok
payment_partial,inductive_noise20,trace,0.3,voidmass_deficit_upper,3.400258719921112e-06,13,ok
payment_partial,inductive_noise20,trace,0.3,voidmass_movecount,3.800727427005768e-06,13,ok
payment_partial,inductive_noise20,trace,0.3,voidmass_movecount_bound,3.600027412176132e-06,13,ok
payment_partial,inductive_noise20,trace,0.3,voidmass_process_lower,3.700610250234604e-06,13,ok
payment_partial,inductive_noise20,trace,0.3,voidmass_process_upper,3.999099135398865e-06,13,ok
payment_partial,inductive_noise20,trace,0.3,voidsalign3,0.00018270034343004227,13,ok
payment_partial,inductive_noise20,trace,0.3,voidsat2,0.0005259998142718884,13,ok
payment_partial,inductive_noise20,trace,0.3,weight_voidage,2.8899870812892914e-05,13,ok
payment_partial,inductive_noise20,trace,0.4,aligned_duration_cache,0.003165999893099,1,ok
payment_partial,inductive_noise20,trace,0.4,alignment_coverage_pn2_lower,0.0002490002661942448,13,ok
payment_partial,inductive_noise20,trace,0.4,alignment_coverage_pn2_upper,0.00017129909247159958,13,ok
payment_partial,inductive_noise20,trace,0.4,classical,0.0184738999232649,1,ok
payment_partial,inductive_noise20,trace,0.4,dv,6.163844800088555,1,ok
payment_partial,inductive_noise20,trace,0.4,executions_cache,8.00006091594696e-06,1,ok
payment_partial,inductive_noise20,trace,0.4,matchprob,3.600027412176132e-06,13,ok
payment_partial,inductive_noise20,trace,0.4,mean_leaf_skipprob,3.09990718960762e-06,1,ok
payment_partial,inductive_noise20,trace,0.4,salign_coverage,0.00027270056307315225,13,ok
payment_partial,inductive_noise20,trace,0.4,skipprob,3.700144588947296e-06,13,ok
payment_partial,inductive_noise20,trace,0.4,traces,0.0031524002552032,1,ok
payment_partial,inductive_noise20,trace,0.4,voidmass_deficit_lower,4.599802196025848e-06,13,ok
payment_partial,inductive_noise20,trace,0.4,voidmass_deficit_upper,3.601890057325363e-06,13,ok
payment_partial,inductive_noise20,trace,0.4,voidmass_movecount,3.5990960896015167e-06,13,ok
payment_partial,inductive_noise20,trace,0.4,voidmass_movecount_bound,3.6996789276599884e-06,13,ok
payment_partial,inductive_noise20,trace,0.4,voidmass_process_lower,3.899913281202316e-06,13,ok
payment_partial,inductive_noise20,trace,0.4,voidmass_process_upper,3.300141543149948e-06,13,ok
payment_partial,inductive_noise20,trace,0.4,voidsalign3,0.0001841997727751732,13,ok
payment_partial,inductive_noise20,trace,0.4,voidsat2,0.0004252996295689537,13,ok
payment_partial,inductive_noise20,trace,0.4,weight_voidage,2.8898473829030987e-05,13,ok
payment_partial,inductive_noise20,trace,0.5,aligned_duration_cache,0.0031183999963104,1,ok
payment_partial,inductive_noise20,trace,0.5,alignment_coverage_pn2_lower,0.00020980043336749077,13,ok
payment_partial,inductive_noise20,trace,0.5,alignment_coverage_pn2_upper,0.0001278999261558056,13,ok
payment_partial,inductive_noise20,trace,0.5,classical,0.0162034998647868,1,ok
payment_partial,inductive_noise20,trace,0.5,dv,6.23191550001502,1,ok
payment_partial,inductive_noise20,trace,0.5,executions_cache,9.799841791391373e-06,1,ok
payment_partial,inductive_noise20,trace,0.5,matchprob,3.899913281202316e-06,13,ok
payment_partial,inductive_noise20,trace,0.5,mean_leaf_skipprob,2.699904143810272e-06,1,ok
payment_partial,inductive_noise20,trace,0.5,salign_coverage,0.00023619970306744734,13,ok
payment_partial,inductive_noise20,trace,0.5,skipprob,4.10107895731926e-06,13,ok
payment_partial,inductive_noise20,trace,0.5,traces,0.003102300222963,1,ok
payment_partial,inductive_noise20,trace,0.5,voidmass_deficit_lower,4.599336534738541e-06,13,ok
payment_partial,inductive_noise20,trace,0.5,voidmass_deficit_upper,3.600027412176132e-06,13,ok
payment_partial,inductive_noise20,trace,0.5,voidmass_movecount,3.5995617508888245e-06,13,ok
payment_partial,inductive_noise20,trace,0.5,voidmass_movecount_bound,3.298744559288025e-06,13,ok
payment_partial,inductive_noise20,trace,0.5,voidmass_process_lower,3.5008415579795837e-06,13,ok
payment_partial,inductive_noise20,trace,0.5,voidmass_process_upper,3.500375896692276e-06,13,ok
payment_partial,inductive_noise20,trace,0.5,voidsalign3,0.00015269871801137924,13,ok
payment_partial,inductive_noise20,trace,0.5,voidsat2,0.0003580981865524842,13,ok
payment_partial,inductive_noise20,trace,0.5,weight_voidage,2.8800219297409058e-05,13,ok
payment_partial,inductive_noise20,trace,0.6,aligned_duration_cache,0.0025883000344038,1,ok
payment_partial,inductive_noise20,trace,0.6,alignment_coverage_pn2_lower,0.00016800034791231155,13,ok
payment_partial,inductive_noise20,trace,0.6,alignment_coverage_pn2_upper,0.00011150026693940163,13,ok
payment_partial,inductive_noise20,trace,0.6,classical,0.0133124999701976,1,ok
payment_partial,inductive_noise20,trace,0.6,dv,5.910125699825585,1,ok
payment_partial,inductive_noise20,trace,0.6,executions_cache,7.799826562404633e-06,1,ok
payment_partial,inductive_noise20,trace,0.6,matchprob,3.802124410867691e-06,13,ok
payment_partial,inductive_noise20,trace,0.6,mean_leaf_skipprob,3.000255674123764e-06,1,ok
payment_partial,inductive_noise20,trace,0.6,salign_coverage,0.00019950000569224358,13,ok
payment_partial,inductive_noise20,trace,0.6,skipprob,3.8994476199150085e-06,13,ok
payment_partial,inductive_noise20,trace,0.6,traces,0.0025720996782183,1,ok
payment_partial,inductive_noise20,trace,0.6,voidmass_deficit_lower,4.90015372633934e-06,13,ok
payment_partial,inductive_noise20,trace,0.6,voidmass_deficit_upper,3.900844603776932e-06,13,ok
payment_partial,inductive_noise20,trace,0.6,voidmass_movecount,3.500375896692276e-06,13,ok
payment_partial,inductive_noise20,trace,0.6,voidmass_movecount_bound,3.1008385121822357e-06,13,ok
payment_partial,inductive_noise20,trace,0.6,voidmass_process_lower,3.4989789128303528e-06,13,ok
payment_partial,inductive_noise20,trace,0.6,voidmass_process_upper,3.300607204437256e-06,13,ok
payment_partial,inductive_noise20,trace,0.6,voidsalign3,0.00013579893857240677,13,ok
payment_partial,inductive_noise20,trace,0.6,voidsat2,0.00031799962744116783,13,ok
payment_partial,inductive_noise20,trace,0.6,weight_voidage,2.8001144528388977e-05,13,ok
payment_partial,inductive_noise20,trace,0.7,aligned_duration_cache,0.0020428001880645,1,ok
payment_partial,inductive_noise20,trace,0.7,alignment_coverage_pn2_lower,0.00013029947876930237,13,ok
payment_partial,inductive_noise20,trace,0.7,alignment_coverage_pn2_upper,8.309958502650261e-05,13,ok
payment_partial,inductive_noise20,trace,0.7,classical,0.0088478000834584,1,ok
payment_partial,inductive_noise20,trace,0.7,dv,5.909582499880344,1,ok
payment_partial,inductive_noise20,trace,0.7,executions_cache,8.800067007541656e-06,1,ok
payment_partial,inductive_noise20,trace,0.7,matchprob,4.101544618606567e-06,13,ok
payment_partial,inductive_noise20,trace,0.7,mean_leaf_skipprob,3.09990718960762e-06,1,ok
payment_partial,inductive_noise20,trace,0.7,salign_coverage,0.00015010125935077667,13,ok
payment_partial,inductive_noise20,trace,0.7,skipprob,3.7997961044311523e-06,13,ok
payment_partial,inductive_noise20,trace,0.7,traces,0.0020294999703764,1,ok
payment_partial,inductive_noise20,trace,0.7,voidmass_deficit_lower,4.3013133108615875e-06,13,ok
payment_partial,inductive_noise20,trace,0.7,voidmass_deficit_upper,3.5990960896015167e-06,13,ok
payment_partial,inductive_noise20,trace,0.7,voidmass_movecount,3.4999102354049683e-06,13,ok
payment_partial,inductive_noise20,trace,0.7,voidmass_movecount_bound,3.6996789276599884e-06,13,ok
payment_partial,inductive_noise20,trace,0.7,voidmass_process_lower,3.5008415579795837e-06,13,ok
payment_partial,inductive_noise20,trace,0.7,voidmass_process_upper,3.300607204437256e-06,13,ok
payment_partial,inductive_noise20,trace,0.7,voidsalign3,9.750109165906906e-05,13,ok
payment_partial,inductive_noise20,trace,0.7,voidsat2,0.00025819940492510796,13,ok
payment_partial,inductive_noise20,trace,0.7,weight_voidage,2.7899164706468582e-05,13,ok
payment_partial,inductive_noise20,trace,0.8,aligned_duration_cache,0.0020679999142885,1,ok
payment_partial,inductive_noise20,trace,0.8,alignment_coverage_pn2_lower,0.0001279013231396675,13,ok
payment_partial,inductive_noise20,trace,0.8,alignment_coverage_pn2_upper,8.2401093095541e-05,13,ok
payment_partial,inductive_noise20,trace,0.8,classical,0.0089576002210378,1,ok
payment_partial,inductive_noise20,trace,0.8,dv,5.862630600109696,1,ok
payment_partial,inductive_noise20,trace,0.8,executions_cache,8.699949830770493e-06,1,ok
payment_partial,inductive_noise20,trace,0.8,matchprob,3.9995647966861725e-06,13,ok
payment_partial,inductive_noise20,trace,0.8,mean_leaf_skipprob,3.000255674123764e-06,1,ok
payment_partial,inductive_noise20,trace,0.8,salign_coverage,0.0001571006141602993,13,ok
payment_partial,inductive_noise20,trace,0.8,skipprob,4.00003045797348e-06,13,ok
payment_partial,inductive_noise20,trace,0.8,traces,0.0020528002642095,1,ok
payment_partial,inductive_noise20,trace,0.8,voidmass_deficit_lower,4.400033503770828e-06,13,ok
payment_partial,inductive_noise20,trace,0.8,voidmass_deficit_upper,3.8994476199150085e-06,13,ok
payment_partial,inductive_noise20,trace,0.8,voidmass_movecount,3.5008415579795837e-06,13,ok
payment_partial,inductive_noise20,trace,0.8,voidmass_movecount_bound,3.1013041734695435e-06,13,ok
payment_partial,inductive_noise20,trace,0.8,voidmass_process_lower,3.700144588947296e-06,13,ok
payment_partial,inductive_noise20,trace,0.8,voidmass_process_upper,3.200490027666092e-06,13,ok
payment_partial,inductive_noise20,trace,0.8,voidsalign3,9.999983012676239e-05,13,ok
payment_partial,inductive_noise20,trace,0.8,voidsat2,0.00025659892708063126,13,ok
payment_partial,inductive_noise20,trace,0.8,weight_voidage,3.299955278635025e-05,13,ok
payment_partial,inductive_noise20,trace,0.9,aligned_duration_cache,0.0016041998751461,1,ok
payment_partial,inductive_noise20,trace,0.9,alignment_coverage_pn2_lower,8.579902350902557e-05,13,ok
payment_partial,inductive_noise20,trace,0.9,alignment_coverage_pn2_upper,5.5600423365831375e-05,13,ok
payment_partial,inductive_noise20,trace,0.9,classical,0.0057311998680233,1,ok
payment_partial,inductive_noise20,trace,0.9,dv,5.38258760003373,1,ok
payment_partial,inductive_noise20,trace,0.9,executions_cache,8.299946784973145e-06,1,ok
payment_partial,inductive_noise20,trace,0.9,matchprob,4.102010279893875e-06,13,ok
payment_partial,inductive_noise20,trace,0.9,mean_leaf_skipprob,3.000255674123764e-06,1,ok
payment_partial,inductive_noise20,trace,0.9,salign_coverage,0.00011449912562966347,13,ok
payment_partial,inductive_noise20,trace,0.9,skipprob,4.300381988286972e-06,13,ok
payment_partial,inductive_noise20,trace,0.9,traces,0.0015898998826742,1,ok
payment_partial,inductive_noise20,trace,0.9,voidmass_deficit_lower,4.299916326999664e-06,13,ok
payment_partial,inductive_noise20,trace,0.9,voidmass_deficit_upper,4.000496119260788e-06,13,ok
payment_partial,inductive_noise20,trace,0.9,voidmass_movecount,3.698747605085373e-06,13,ok
payment_partial,inductive_noise20,trace,0.9,voidmass_movecount_bound,3.098510205745697e-06,13,ok
payment_partial,inductive_noise20,trace,0.9,voidmass_process_lower,3.9995647966861725e-06,13,ok
payment_partial,inductive_noise20,trace,0.9,voidmass_process_upper,3.2996758818626404e-06,13,ok
payment_partial,inductive_noise20,trace,0.9,voidsalign3,6.910040974617004e-05,13,ok
payment_partial,inductive_noise20,trace,0.9,voidsat2,0.00019849976524710655,13,ok
payment_partial,inductive_noise20,trace,0.9,weight_voidage,3.6199577152729034e-05,13,ok
payment_partial,inductive_noise20,,0.0,aligned_duration_cache,0.004626499954611,1,ok
payment_partial,inductive_noise20,,0.0,alignment_coverage_pn2_lower,0.0002521001733838624,13,ok
payment_partial,inductive_noise20,,0.0,alignment_coverage_pn2_upper,0.00015819910913705826,13,ok
payment_partial,inductive_noise20,,0.0,classical,0.0199853000231087,1,ok
payment_partial,inductive_noise20,,0.0,dv,6.3773147999309,1,ok
payment_partial,inductive_noise20,,0.0,executions_cache,9.899958968162537e-06,1,ok
payment_partial,inductive_noise20,,0.0,matchprob,4.599802196025848e-06,13,ok
payment_partial,inductive_noise20,,0.0,mean_leaf_skipprob,4.800036549568176e-06,1,ok
payment_partial,inductive_noise20,,0.0,salign_coverage,0.00029349979013204314,13,ok
payment_partial,inductive_noise20,,0.0,skipprob,4.7995708882808685e-06,13,ok
payment_partial,inductive_noise20,,0.0,traces,0.0046100001782178,1,ok
payment_partial,inductive_noise20,,0.0,voidmass_deficit_lower,4.300381988286972e-06,13,ok
payment_partial,inductive_noise20,,0.0,voidmass_deficit_upper,4.100147634744644e-06,13,ok
payment_partial,inductive_noise20,,0.0,voidmass_movecount,3.4999102354049683e-06,13,ok
payment_partial,inductive_noise20,,0.0,voidmass_movecount_bound,2.8992071747779846e-06,13,ok
payment_partial,inductive_noise20,,0.0,voidmass_process_lower,3.60049307346344e-06,13,ok
payment_partial,inductive_noise20,,0.0,voidmass_process_upper,3.4016557037830353e-06,13,ok
payment_partial,inductive_noise20,,0.0,voidsalign3,0.00018480001017451286,13,ok
payment_partial,inductive_noise20,,0.0,voidsat2,0.0006203996017574649,13,ok
payment_partial,inductive_noise20,,0.0,weight_voidage,3.699958324432373e-05,13,ok
payment_partial,toothpaste,activity_frequency_gradual,0.1,aligned_duration_cache,0.0042816000059247,1,ok
payment_partial,toothpaste,activity_frequency_gradual,0.1,alignment_coverage_pn2_lower,0.0003378004767000639,21,ok
payment_partial,toothpaste,activity_frequency_gradual,0.1,alignment_coverage_pn2_upper,0.00022109970450401306,21,ok
payment_partial,toothpaste,activity_frequency_gradual,0.1,classical,0.014481300022453,1,ok
payment_partial,toothpaste,activity_frequency_gradual,0.1,dv,6.30036889994517,1,ok
payment_partial,toothpaste,activity_frequency_gradual,0.1,executions_cache,1.5999656170606613e-05,1,ok
payment_partial,toothpaste,activity_frequency_gradual,0.1,matchprob,6.000977009534836e-06,21,ok
payment_partial,toothpaste,activity_frequency_gradual,0.1,mean_leaf_skipprob,3.200024366378784e-06,1,ok
payment_partial,toothpaste,activity_frequency_gradual,0.1,salign_coverage,0.00039509916678064517,21,ok
payment_partial,toothpaste,activity_frequency_gradual,0.1,skipprob,6.601214408874512e-06,21,ok
payment_partial,toothpaste,activity_frequency_gradual,0.1,traces,0.004265499766916,1,ok
payment_partial,toothpaste,activity_frequency_gradual,0.1,voidmass_deficit_lower,7.1981921792030334e-06,21,ok
payment_partial,toothpaste,activity_frequency_gradual,0.1,voidmass_deficit_upper,5.899462848901749e-06,21,ok
payment_partial,toothpaste,activity_frequency_gradual,0.1,voidmass_movecount,5.799345672130585e-06,21,ok
payment_partial,toothpaste,activity_frequency_gradual,0.1,voidmass_movecount_bound,5.398876965045929e-06,21,ok
payment_partial,toothpaste,activity_frequency_gradual,0.1,voidmass_process_lower,6.198417395353317e-06,21,ok
payment_partial,toothpaste,activity_frequency_gradual,0.1,voidmass_process_upper,5.398411303758621e-06,21,ok
payment_partial,toothpaste,activity_frequency_gradual,0.1,voidsalign3,0.0002661994658410549,21,ok
payment_partial,toothpaste,activity_frequency_gradual,0.1,voidsat2,0.0009065000340340998,21,ok
payment_partial,toothpaste,activity_frequency_gradual,0.1,weight_voidage,5.999952554702759e-05,21,ok
payment_partial,toothpaste,activity_frequency_gradual,0.2,aligned_duration_cache,0.0042532999068498,1,ok
payment_partial,toothpaste,activity_frequency_gradual,0.2,alignment_coverage_pn2_lower,0.00021080020815134048,21,ok
payment_partial,toothpaste,activity_frequency_gradual,0.2,alignment_coverage_pn2_upper,0.00013720011338591576,21,ok
payment_partial,toothpaste,activity_frequency_gradual,0.2,classical,0.0103190001100301,1,ok
payment_partial,toothpaste,activity_frequency_gradual,0.2,dv,6.123017999809235,1,ok
payment_partial,toothpaste,activity_frequency_gradual,0.2,executions_cache,9.80030745267868e-06,1,ok
payment_partial,toothpaste,activity_frequency_gradual,0.2,matchprob,6.300397217273712e-06,21,ok
payment_partial,toothpaste,activity_frequency_gradual,0.2,mean_leaf_skipprob,3.200024366378784e-06,1,ok
payment_partial,toothpaste,activity_frequency_gradual,0.2,salign_coverage,0.00023969868198037148,21,ok
payment_partial,toothpaste,activity_frequency_gradual,0.2,skipprob,6.30086287856102e-06,21,ok
payment_partial,toothpaste,activity_frequency_gradual,0.2,traces,0.0042376001365482,1,ok
payment_partial,toothpaste,activity_frequency_gradual,0.2,voidmass_deficit_lower,7.400289177894592e-06,21,ok
payment_partial,toothpaste,activity_frequency_gradual,0.2,voidmass_deficit_upper,5.20097091794014e-06,21,ok
payment_partial,toothpaste,activity_frequency_gradual,0.2,voidmass_movecount,5.602370947599411e-06,21,ok
payment_partial,toothpaste,activity_frequency_gradual,0.2,voidmass_movecount_bound,4.999339580535889e-06,21,ok
payment_partial,toothpaste,activity_frequency_gradual,0.2,voidmass_process_lower,5.899928510189056e-06,21,ok
payment_partial,toothpaste,activity_frequency_gradual,0.2,voidmass_process_upper,5.800742655992508e-06,21,ok
payment_partial,toothpaste,activity_frequency_gradual,0.2,voidsalign3,0.00015559932217001915,21,ok
payment_partial,toothpaste,activity_frequency_gradual,0.2,voidsat2,0.0006285994313656969,21,ok
payment_partial,toothpaste,activity_frequency_gradual,0.2,weight_voidage,5.750032141804695e-05,21,ok
payment_partial,toothpaste,activity_frequency_gradual,0.3,aligned_duration_cache,0.0041966000571846,1,ok
payment_partial,toothpaste,activity_frequency_gradual,0.3,alignment_coverage_pn2_lower,0.00015550153329968452,21,ok
payment_partial,toothpaste,activity_frequency_gradual,0.3,alignment_coverage_pn2_upper,9.460002183914185e-05,21,ok
payment_partial,toothpaste,activity_frequency_gradual,0.3,classical,0.0077147996053099,1,ok
payment_partial,toothpaste,activity_frequency_gradual,0.3,dv,6.0904060998000205,1,ok
payment_partial,toothpaste,activity_frequency_gradual,0.3,executions_cache,1.019984483718872e-05,1,ok
payment_partial,toothpaste,activity_frequency_gradual,0.3,matchprob,6.500165909528732e-06,21,ok
payment_partial,toothpaste,activity_frequency_gradual,0.3,mean_leaf_skipprob,3.300141543149948e-06,1,ok
payment_partial,toothpaste,activity_frequency_gradual,0.3,salign_coverage,0.00018579978495836258,21,ok
payment_partial,toothpaste,activity_frequency_gradual,0.3,skipprob,6.500165909528732e-06,21,ok
payment_partial,toothpaste,activity_frequency_gradual,0.3,traces,0.0041805999353528,1,ok
payment_partial,toothpaste,activity_frequency_gradual,0.3,voidmass_deficit_lower,7.299240678548813e-06,21,ok
payment_partial,toothpaste,activity_frequency_gradual,0.3,voidmass_deficit_upper,6.099231541156769e-06,21,ok
payment_partial,toothpaste,activity_frequency_gradual,0.3,voidmass_movecount,5.499925464391708e-06,21,ok
payment_partial,toothpaste,activity_frequency_gradual,0.3,voidmass_movecount_bound,5.599111318588257e-06,21,ok
payment_partial,toothpaste,activity_frequency_gradual,0.3,voidmass_process_lower,6.399117410182953e-06,21,ok
payment_partial,toothpaste,activity_frequency_gradual,0.3,voidmass_process_upper,6.000511348247528e-06,21,ok
payment_partial,toothpaste,activity_frequency_gradual,0.3,voidsalign3,0.00012280046939849854,21,ok
payment_partial,toothpaste,activity_frequency_gradual,0.3,voidsat2,0.000545400660485023,21,ok
payment_partial,toothpaste,activity_frequency_gradual,0.3,weight_voidage,6.089918315410614e-05,21,ok
payment_partial,toothpaste,activity_frequency_gradual,0.4,aligned_duration_cache,0.0041980999521911,1,ok
payment_partial,toothpaste,activity_frequency_gradual,0.4,alignment_coverage_pn2_lower,0.0008995993994176009,21,ok
payment_partial,toothpaste,activity_frequency_gradual,0.4,alignment_coverage_pn2_upper,9.449990466237068e-05,21,ok
payment_partial,toothpaste,activity_frequency_gradual,0.4,classical,0.0087756998836994,1,ok
payment_partial,toothpaste,activity_frequency_gradual,0.4,dv,5.842144299764186,1,ok
payment_partial,toothpaste,activity_frequency_gradual,0.4,executions_cache,9.499955922365189e-06,1,ok
payment_partial,toothpaste,activity_frequency_gradual,0.4,matchprob,5.799345672130585e-06,21,ok
payment_partial,toothpaste,activity_frequency_gradual,0.4,mean_leaf_skipprob,3.400258719921112e-06,1,ok
payment_partial,toothpaste,activity_frequency_gradual,0.4,salign_coverage,0.00018070079386234283,21,ok
payment_partial,toothpaste,activity_frequency_gradual,0.4,skipprob,6.000511348247528e-06,21,ok
payment_partial,toothpaste,activity_frequency_gradual,0.4,traces,0.0041836998425424,1,ok
payment_partial,toothpaste,activity_frequency_gradual,0.4,voidmass_deficit_lower,7.299706339836121e-06,21,ok
payment_partial,toothpaste,activity_frequency_gradual,0.4,voidmass_deficit_upper,5.698297172784805e-06,21,ok
payment_partial,toothpaste,activity_frequency_gradual,0.4,voidmass_movecount,5.3998082876205444e-06,21,ok
payment_partial,toothpaste,activity_frequency_gradual,0.4,voidmass_movecount_bound,4.701782017946243e-06,21,ok
payment_partial,toothpaste,activity_frequency_gradual,0.4,voidmass_process_lower,6.101094186306e-06,21,ok
payment_partial,toothpaste,activity_frequency_gradual,0.4,voidmass_process_upper,5.799345672130585e-06,21,ok
payment_partial,toothpaste,activity_frequency_gradual,0.4,voidsalign3,0.00011789985001087189,21,ok
payment_partial,toothpaste,activity_frequency_gradual,0.4,voidsat2,0.0006832997314631782,21,ok
payment_partial,toothpaste,activity_frequency_gradual,0.4,weight_voidage,5.9699174016714096e-05,21,ok
payment_partial,toothpaste,activity_frequency_gradual,0.5,aligned_duration_cache,0.0044382000342011,1,ok
payment_partial,toothpaste,activity_frequency_gradual,0.5,alignment_coverage_pn2_lower,0.00015569943934679031,21,ok
payment_partial,toothpaste,activity_frequency_gradual,0.5,alignment_coverage_pn2_upper,9.929900988936424e-05,21,ok
payment_partial,toothpaste,activity_frequency_gradual,0.5,classical,0.0076297000050544,1,ok
payment_partial,toothpaste,activity_frequency_gradual,0.5,dv,5.862296700011939,1,ok
payment_partial,toothpaste,activity_frequency_gradual,0.5,executions_cache,9.600073099136353e-06,1,ok
payment_partial,toothpaste,activity_frequency_gradual,0.5,matchprob,6.200745701789856e-06,21,ok
payment_partial,toothpaste,activity_frequency_gradual,0.5,mean_leaf_skipprob,3.300141543149948e-06,1,ok
payment_partial,toothpaste,activity_frequency_gradual,0.5,salign_coverage,0.00018360139802098274,21,ok
payment_partial,toothpaste,activity_frequency_gradual,0.5,skipprob,6.400048732757568e-06,21,ok
payment_partial,toothpaste,activity_frequency_gradual,0.5,traces,0.0044215000234544,1,ok
payment_partial,toothpaste,activity_frequency_gradual,0.5,voidmass_deficit_lower,7.800757884979248e-06,21,ok
payment_partial,toothpaste,activity_frequency_gradual,0.5,voidmass_deficit_upper,5.998648703098297e-06,21,ok
payment_partial,toothpaste,activity_frequency_gradual,0.5,voidmass_movecount,5.399342626333237e-06,21,ok
payment_partial,toothpaste,activity_frequency_gradual,0.5,voidmass_movecount_bound,5.600973963737488e-06,21,ok
payment_partial,toothpaste,activity_frequency_gradual,0.5,voidmass_process_lower,6.299465894699097e-06,21,ok
payment_partial,toothpaste,activity_frequency_gradual,0.5,voidmass_process_upper,6.00004568696022e-06,21,ok
payment_partial,toothpaste,activity_frequency_gradual,0.5,voidsalign3,0.0001334003172814846,21,ok
payment_partial,toothpaste,activity_frequency_gradual,0.5,voidsat2,0.000770000275224327,21,ok
payment_partial,toothpaste,activity_frequency_gradual,0.5,weight_voidage,5.939975380897522e-05,21,ok
payment_partial,toothpaste,activity_frequency_gradual,0.6,aligned_duration_cache,0.0041630999185144,1,ok
payment_partial,toothpaste,activity_frequency_gradual,0.6,alignment_coverage_pn2_lower,0.00017279991880059242,21,ok
payment_partial,toothpaste,activity_frequency_gradual,0.6,alignment_coverage_pn2_upper,0.00010559894144535065,21,ok
payment_partial,toothpaste,activity_frequency_gradual,0.6,classical,0.0076444000005722,1,ok
payment_partial,toothpaste,activity_frequency_gradual,0.6,dv,5.749907799996436,1,ok
payment_partial,toothpaste,activity_frequency_gradual,0.6,executions_cache,1.2599863111972809e-05,1,ok
payment_partial,toothpaste,activity_frequency_gradual,0.6,matchprob,6.098300218582153e-06,21,ok
payment_partial,toothpaste,activity_frequency_gradual,0.6,mean_leaf_skipprob,3.300141543149948e-06,1,ok
payment_partial,toothpaste,activity_frequency_gradual,0.6,salign_coverage,0.00020570075139403343,21,ok
payment_partial,toothpaste,activity_frequency_gradual,0.6,skipprob,6.000511348247528e-06,21,ok
payment_partial,toothpaste,activity_frequency_gradual,0.6,traces,0.0041462001390755,1,ok
payment_partial,toothpaste,activity_frequency_gradual,0.6,voidmass_deficit_lower,7.700175046920776e-06,21,ok
payment_partial,toothpaste,activity_frequency_gradual,0.6,voidmass_deficit_upper,5.399342626333237e-06,21,ok
payment_partial,toothpaste,activity_frequency_gradual,0.6,voidmass_movecount,5.40073961019516e-06,21,ok
payment_partial,toothpaste,activity_frequency_gradual,0.6,voidmass_movecount_bound,5.200505256652832e-06,21,ok
payment_partial,toothpaste,activity_frequency_gradual,0.6,voidmass_process_lower,5.699228495359421e-06,21,ok
payment_partial,toothpaste,activity_frequency_gradual,0.6,voidmass_process_upper,5.2978284657001495e-06,21,ok
payment_partial,toothpaste,activity_frequency_gradual,0.6,voidsalign3,0.0001343991607427597,21,ok
payment_partial,toothpaste,activity_frequency_gradual,0.6,voidsat2,0.0006684991531073774,21,ok
payment_partial,toothpaste,activity_frequency_gradual,0.6,weight_voidage,5.959905683994293e-05,21,ok
payment_partial,toothpaste,activity_frequency_gradual,0.7,aligned_duration_cache,0.0039794999174773,1,ok
payment_partial,toothpaste,activity_frequency_gradual,0.7,alignment_coverage_pn2_lower,0.00016450043767690659,21,ok
payment_partial,toothpaste,activity_frequency_gradual,0.7,alignment_coverage_pn2_upper,0.00010490091517567635,21,ok
payment_partial,toothpaste,activity_frequency_gradual,0.7,classical,0.0075270002707839,1,ok
payment_partial,toothpaste,activity_frequency_gradual,0.7,dv,5.766798600088805,1,ok
payment_partial,toothpaste,activity_frequency_gradual,0.7,executions_cache,9.09995287656784e-06,1,ok
payment_partial,toothpaste,activity_frequency_gradual,0.7,matchprob,6.598420441150665e-06,21,ok
payment_partial,toothpaste,activity_frequency_gradual,0.7,mean_leaf_skipprob,3.09990718960762e-06,1,ok
payment_partial,toothpaste,activity_frequency_gradual,0.7,salign_coverage,0.00019509997218847275,21,ok
payment_partial,toothpaste,activity_frequency_gradual,0.7,skipprob,6.4997002482414246e-06,21,ok
payment_partial,toothpaste,activity_frequency_gradual,0.7,traces,0.0039663999341428,1,ok
payment_partial,toothpaste,activity_frequency_gradual,0.7,voidmass_deficit_lower,7.000286132097244e-06,21,ok
payment_partial,toothpaste,activity_frequency_gradual,0.7,voidmass_deficit_upper,5.601905286312103e-06,21,ok
payment_partial,toothpaste,activity_frequency_gradual,0.7,voidmass_movecount,5.501788109540939e-06,21,ok
payment_partial,toothpaste,activity_frequency_gradual,0.7,voidmass_movecount_bound,5.2014365792274475e-06,21,ok
payment_partial,toothpaste,activity_frequency_gradual,0.7,voidmass_process_lower,5.499925464391708e-06,21,ok
payment_partial,toothpaste,activity_frequency_gradual,0.7,voidmass_process_upper,5.20097091794014e-06,21,ok
payment_partial,toothpaste,activity_frequency_gradual,0.7,voidsalign3,0.00013169972226023674,21,ok
payment_partial,toothpaste,activity_frequency_gradual,0.7,voidsat2,0.0005294992588460276,21,ok
payment_partial,toothpaste,activity_frequency_gradual,0.7,weight_voidage,5.469890311360359e-05,21,ok
payment_partial,toothpaste,activity_frequency_gradual,0.8,aligned_duration_cache,0.004375500138849,1,ok
payment_partial,toothpaste,activity_frequency_gradual,0.8,alignment_coverage_pn2_lower,0.00010209949687123299,21,ok
payment_partial,toothpaste,activity_frequency_gradual,0.8,alignment_coverage_pn2_upper,6.280047819018364e-05,21,ok
payment_partial,toothpaste,activity_frequency_gradual,0.8,classical,0.0049489000812172,1,ok
payment_partial,toothpaste,activity_frequency_gradual,0.8,dv,5.773256600368768,1,ok
payment_partial,toothpaste,activity_frequency_gradual,0.8,executions_cache,1.0299962013959885e-05,1,ok
payment_partial,toothpaste,activity_frequency_gradual,0.8,matchprob,6.401445716619492e-06,21,ok
payment_partial,toothpaste,activity_frequency_gradual,0.8,mean_leaf_skipprob,3.500375896692276e-06,1,ok
payment_partial,toothpaste,activity_frequency_gradual,0.8,salign_coverage,0.00013250019401311874,21,ok
payment_partial,toothpaste,activity_frequency_gradual,0.8,skipprob,6.0996972024440765e-06,21,ok
payment_partial,toothpaste,activity_frequency_gradual,0.8,traces,0.0043520997278392,1,ok
payment_partial,toothpaste,activity_frequency_gradual,0.8,voidmass_deficit_lower,6.800051778554916e-06,21,ok
payment_partial,toothpaste,activity_frequency_gradual,0.8,voidmass_deficit_upper,5.499925464391708e-06,21,ok
payment_partial,toothpaste,activity_frequency_gradual,0.8,voidmass_movecount,5.899462848901749e-06,21,ok
payment_partial,toothpaste,activity_frequency_gradual,0.8,voidmass_movecount_bound,5.20097091794014e-06,21,ok
payment_partial,toothpaste,activity_frequency_gradual,0.8,voidmass_process_lower,5.8980658650398254e-06,21,ok
payment_partial,toothpaste,activity_frequency_gradual,0.8,voidmass_process_upper,5.2996911108493805e-06,21,ok
payment_partial,toothpaste,activity_frequency_gradual,0.8,voidsalign3,8.419901132583618e-05,21,ok
payment_partial,toothpaste,activity_frequency_gradual,0.8,voidsat2,0.0003669997677206993,21,ok
payment_partial,toothpaste,activity_frequency_gradual,0.8,weight_voidage,5.739973857998848e-05,21,ok
payment_partial,toothpaste,activity_frequency_gradual,0.9,aligned_duration_cache,0.0025700000114738,1,ok
payment_partial,toothpaste,activity_frequency_gradual,0.9,alignment_coverage_pn2_lower,0.00011810148134827614,21,ok
payment_partial,toothpaste,activity_frequency_gradual,0.9,alignment_coverage_pn2_upper,6.589759141206741e-05,21,ok
payment_partial,toothpaste,activity_frequency_gradual,0.9,classical,0.0044382996857166,1,ok
payment_partial,toothpaste,activity_frequency_gradual,0.9,dv,5.800693599972874,1,ok
payment_partial,toothpaste,activity_frequency_gradual,0.9,executions_cache,1.0800082236528397e-05,1,ok
payment_partial,toothpaste,activity_frequency_gradual,0.9,matchprob,6.0996972024440765e-06,21,ok
payment_partial,toothpaste,activity_frequency_gradual,0.9,mean_leaf_skipprob,3.600027412176132e-06,1,ok
payment_partial,toothpaste,activity_frequency_gradual,0.9,salign_coverage,0.00014159921556711197,21,ok
payment_partial,toothpaste,activity_frequency_gradual,0.9,skipprob,6.400048732757568e-06,21,ok
payment_partial,toothpaste,activity_frequency_gradual,0.9,traces,0.0025490000844001,1,ok
payment_partial,toothpaste,activity_frequency_gradual,0.9,voidmass_deficit_lower,7.599126547574997e-06,21,ok
payment_partial,toothpaste,activity_frequency_gradual,0.9,voidmass_deficit_upper,6.302259862422943e-06,21,ok
payment_partial,toothpaste,activity_frequency_gradual,0.9,voidmass_movecount,6.2016770243644714e-06,21,ok
payment_partial,toothpaste,activity_frequency_gradual,0.9,voidmass_movecount_bound,5.997717380523682e-06,21,ok
payment_partial,toothpaste,activity_frequency_gradual,0.9,voidmass_process_lower,6.0996972024440765e-06,21,ok
payment_partial,toothpaste,activity_frequency_gradual,0.9,voidmass_process_upper,5.399342626333237e-06,21,ok
payment_partial,toothpaste,activity_frequency_gradual,0.9,voidsalign3,8.950009942054749e-05,21,ok
payment_partial,toothpaste,activity_frequency_gradual,0.9,voidsat2,0.0002080993726849556,21,ok
payment_partial,toothpaste,activity_frequency_gradual,0.9,weight_voidage,6.209965795278549e-05,21,ok
payment_partial,toothpaste,activity_gradual,0.1,aligned_duration_cache,0.0041987001895904,1,ok
payment_partial,toothpaste,activity_gradual,0.1,alignment_coverage_pn2_lower,0.0005042999982832939,21,ok
payment_partial,toothpaste,activity_gradual,0.1,alignment_coverage_pn2_upper,0.0003355005756020546,21,ok
payment_partial,toothpaste,activity_gradual,0.1,classical,0.0248732003383338,1,ok
payment_partial,toothpaste,activity_gradual,0.1,dv,6.440935600083321,1,ok
payment_partial,toothpaste,activity_gradual,0.1,executions_cache,1.0800082236528397e-05,1,ok
payment_partial,toothpaste,activity_gradual,0.1,matchprob,6.100162863731384e-06,21,ok
payment_partial,toothpaste,activity_gradual,0.1,mean_leaf_skipprob,3.09990718960762e-06,1,ok
payment_partial,toothpaste,activity_gradual,0.1,salign_coverage,0.0005243006162345178,21,ok
payment_partial,toothpaste,activity_gradual,0.1,skipprob,6.398651748895645e-06,21,ok
payment_partial,toothpaste,activity_gradual,0.1,traces,0.0041836001910269,1,ok
payment_partial,toothpaste,activity_gradual,0.1,voidmass_deficit_lower,7.599126547574997e-06,21,ok
payment_partial,toothpaste,activity_gradual,0.1,voidmass_deficit_upper,5.699228495359421e-06,21,ok
payment_partial,toothpaste,activity_gradual,0.1,voidmass_movecount,5.5995769798755646e-06,21,ok
payment_partial,toothpaste,activity_gradual,0.1,voidmass_movecount_bound,5.500856786966324e-06,21,ok
payment_partial,toothpaste,activity_gradual,0.1,voidmass_process_lower,5.90132549405098e-06,21,ok
payment_partial,toothpaste,activity_gradual,0.1,voidmass_process_upper,5.501322448253632e-06,21,ok
payment_partial,toothpaste,activity_gradual,0.1,voidsalign3,0.0003544013015925884,21,ok
payment_partial,toothpaste,activity_gradual,0.1,voidsat2,0.0007902998477219923,21,ok
payment_partial,toothpaste,activity_gradual,0.1,weight_voidage,5.660019814968109e-05,21,ok
payment_partial,toothpaste,activity_gradual,0.2,aligned_duration_cache,0.0041398997418582,1,ok
payment_partial,toothpaste,activity_gradual,0.2,alignment_coverage_pn2_lower,0.0003298013471066468,21,ok
payment_partial,toothpaste,activity_gradual,0.2,alignment_coverage_pn2_upper,0.00021989969536662102,21,ok
payment_partial,toothpaste,activity_gradual,0.2,classical,0.0158639997243881,1,ok
payment_partial,toothpaste,activity_gradual,0.2,dv,6.198809599969536,1,ok
payment_partial,toothpaste,activity_gradual,0.2,executions_cache,9.200070053339005e-06,1,ok
payment_partial,toothpaste,activity_gradual,0.2,matchprob,5.498528480529785e-06,21,ok
payment_partial,toothpaste,activity_gradual,0.2,mean_leaf_skipprob,3.09990718960762e-06,1,ok
payment_partial,toothpaste,activity_gradual,0.2,salign_coverage,0.0003558993339538198,21,ok
payment_partial,toothpaste,activity_gradual,0.2,skipprob,6.098300218582153e-06,21,ok
payment_partial,toothpaste,activity_gradual,0.2,traces,0.0041259001009166,1,ok
payment_partial,toothpaste,activity_gradual,0.2,voidmass_deficit_lower,7.099471986293793e-06,21,ok
payment_partial,toothpaste,activity_gradual,0.2,voidmass_deficit_upper,5.999580025672913e-06,21,ok
payment_partial,toothpaste,activity_gradual,0.2,voidmass_movecount,5.8002769947052e-06,21,ok
payment_partial,toothpaste,activity_gradual,0.2,voidmass_movecount_bound,5.199108272790909e-06,21,ok
payment_partial,toothpaste,activity_gradual,0.2,voidmass_process_lower,5.600973963737488e-06,21,ok
payment_partial,toothpaste,activity_gradual,0.2,voidmass_process_upper,5.1995739340782166e-06,21,ok
payment_partial,toothpaste,activity_gradual,0.2,voidsalign3,0.00023959949612617493,21,ok
payment_partial,toothpaste,activity_gradual,0.2,voidsat2,0.0006961007602512334,21,ok
payment_partial,toothpaste,activity_gradual,0.2,weight_voidage,5.7501718401908875e-05,21,ok
payment_partial,toothpaste,activity_gradual,0.3,aligned_duration_cache,0.0042122998274862,1,ok
payment_partial,toothpaste,activity_gradual,0.3,alignment_coverage_pn2_lower,0.00036860164254902644,21,ok
payment_partial,toothpaste,activity_gradual,0.3,alignment_coverage_pn2_upper,0.0002531008794903755,21,ok
payment_partial,toothpaste,activity_gradual,0.3,classical,0.0172802000306546,1,ok
payment_partial,toothpaste,activity_gradual,0.3,dv,6.22238350007683,1,ok
payment_partial,toothpaste,activity_gradual,0.3,executions_cache,1.00000761449337e-05,1,ok
payment_partial,toothpaste,activity_gradual,0.3,matchprob,6.198883056640625e-06,21,ok
payment_partial,toothpaste,activity_gradual,0.3,mean_leaf_skipprob,3.100372850894928e-06,1,ok
payment_partial,toothpaste,activity_gradual,0.3,salign_coverage,0.0004486008547245495,21,ok
payment_partial,toothpaste,activity_gradual,0.3,skipprob,5.900859832763672e-06,21,ok
payment_partial,toothpaste,activity_gradual,0.3,traces,0.0041968999430537,1,ok
payment_partial,toothpaste,activity_gradual,0.3,voidmass_deficit_lower,7.698778063058853e-06,21,ok
payment_partial,toothpaste,activity_gradual,0.3,voidmass_deficit_upper,6.200745701789856e-06,21,ok
payment_partial,toothpaste,activity_gradual,0.3,voidmass_movecount,4.800502210855484e-06,21,ok
payment_partial,toothpaste,activity_gradual,0.3,voidmass_movecount_bound,5.40073961019516e-06,21,ok
payment_partial,toothpaste,activity_gradual,0.3,voidmass_process_lower,5.700625479221344e-06,21,ok
payment_partial,toothpaste,activity_gradual,0.3,voidmass_process_upper,5.500391125679016e-06,21,ok
payment_partial,toothpaste,activity_gradual,0.3,voidsalign3,0.00030809827148914337,21,ok
payment_partial,toothpaste,activity_gradual,0.3,voidsat2,0.0007770997472107008,21,ok
payment_partial,toothpaste,activity_gradual,0.3,weight_voidage,6.109895184636116e-05,21,ok
payment_partial,toothpaste,activity_gradual,0.4,aligned_duration_cache,0.0043361000716686,1,ok
payment_partial,toothpaste,activity_gradual,0.4,alignment_coverage_pn2_lower,0.0003045997582376003,21,ok
payment_partial,toothpaste,activity_gradual,0.4,alignment_coverage_pn2_upper,0.00020720111206173897,21,ok
payment_partial,toothpaste,activity_gradual,0.4,classical,0.0282601998187601,1,ok
payment_partial,toothpaste,activity_gradual,0.4,dv,5.976455099880695,1,ok
payment_partial,toothpaste,activity_gradual,0.4,executions_cache,1.00000761449337e-05,1,ok
payment_partial,toothpaste,activity_gradual,0.4,matchprob,5.502719432115555e-06,21,ok
payment_partial,toothpaste,activity_gradual,0.4,mean_leaf_skipprob,3.300141543149948e-06,1,ok
payment_partial,toothpaste,activity_gradual,0.4,salign_coverage,0.00037029990926382313,21,ok
payment_partial,toothpaste,activity_gradual,0.4,skipprob,6.200745701789856e-06,21,ok
payment_partial,toothpaste,activity_gradual,0.4,traces,0.0043195001780986,1,ok
payment_partial,toothpaste,activity_gradual,0.4,voidmass_deficit_lower,7.199589163064957e-06,21,ok
payment_partial,toothpaste,activity_gradual,0.4,voidmass_deficit_upper,5.5995769798755646e-06,21,ok
payment_partial,toothpaste,activity_gradual,0.4,voidmass_movecount,6.198417395353317e-06,21,ok
payment_partial,toothpaste,activity_gradual,0.4,voidmass_movecount_bound,5.100388079881668e-06,21,ok
payment_partial,toothpaste,activity_gradual,0.4,voidmass_process_lower,5.499925464391708e-06,21,ok
payment_partial,toothpaste,activity_gradual,0.4,voidmass_process_upper,5.098525434732437e-06,21,ok
payment_partial,toothpaste,activity_gradual,0.4,voidsalign3,0.00026029907166957855,21,ok
payment_partial,toothpaste,activity_gradual,0.4,voidsat2,0.0007333005778490842,21,ok
payment_partial,toothpaste,activity_gradual,0.4,weight_voidage,5.779881030321121e-05,21,ok
payment_partial,toothpaste,activity_gradual,0.5,aligned_duration_cache,0.0042265001684427,1,ok
payment_partial,toothpaste,activity_gradual,0.5,alignment_coverage_pn2_lower,0.00038019893690939555,21,ok
payment_partial,toothpaste,activity_gradual,0.5,alignment_coverage_pn2_upper,0.0002405010163784027,21,ok
payment_partial,toothpaste,activity_gradual,0.5,classical,0.017135199625045,1,ok
payment_partial,toothpaste,activity_gradual,0.5,dv,6.13327409978956,1,ok
payment_partial,toothpaste,activity_gradual,0.5,executions_cache,1.0200310498476028e-05,1,ok
payment_partial,toothpaste,activity_gradual,0.5,matchprob,6.598886102437973e-06,21,ok
payment_partial,toothpaste,activity_gradual,0.5,mean_leaf_skipprob,3.3997930586338043e-06,1,ok
payment_partial,toothpaste,activity_gradual,0.5,salign_coverage,0.00045339995995156523,21,ok
payment_partial,toothpaste,activity_gradual,0.5,skipprob,6.50063157081604e-06,21,ok
payment_partial,toothpaste,activity_gradual,0.5,traces,0.0042102998122572,1,ok
payment_partial,toothpaste,activity_gradual,0.5,voidmass_deficit_lower,7.900409400463104e-06,21,ok
payment_partial,toothpaste,activity_gradual,0.5,voidmass_deficit_upper,6.000511348247528e-06,21,ok
payment_partial,toothpaste,activity_gradual,0.5,voidmass_movecount,5.799345672130585e-06,21,ok
payment_partial,toothpaste,activity_gradual,0.5,voidmass_movecount_bound,5.199108272790909e-06,21,ok
payment_partial,toothpaste,activity_gradual,0.5,voidmass_process_lower,6.0996972024440765e-06,21,ok
payment_partial,toothpaste,activity_gradual,0.5,voidmass_process_upper,6.100628525018692e-06,21,ok
payment_partial,toothpaste,activity_gradual,0.5,voidsalign3,0.0002935994416475296,21,ok
payment_partial,toothpaste,activity_gradual,0.5,voidsat2,0.000699498225003471,21,ok
payment_partial,toothpaste,activity_gradual,0.5,weight_voidage,5.969824269413948e-05,21,ok
payment_partial,toothpaste,activity_gradual,0.6,aligned_duration_cache,0.004206100013107,1,ok
payment_partial,toothpaste,activity_gradual,0.6,alignment_coverage_pn2_lower,0.0002963007427751108,21,ok
payment_partial,toothpaste,activity_gradual,0.6,alignment_coverage_pn2_upper,0.00018980028107762337,21,ok
payment_partial,toothpaste,activity_gradual,0.6,classical,0.0142594999633729,1,ok
payment_partial,toothpaste,activity_gradual,0.6,dv,5.954217599704862,1,ok
payment_partial,toothpaste,activity_gradual,0.6,executions_cache,1.00000761449337e-05,1,ok
payment_partial,toothpaste,activity_gradual,0.6,matchprob,5.900859832763672e-06,21,ok
payment_partial,toothpaste,activity_gradual,0.6,mean_leaf_skipprob,3.200024366378784e-06,1,ok
payment_partial,toothpaste,activity_gradual,0.6,salign_coverage,0.0003796988166868433,21,ok
payment_partial,toothpaste,activity_gradual,0.6,skipprob,5.900859832763672e-06,21,ok
payment_partial,toothpaste,activity_gradual,0.6,traces,0.0041900998912751,1,ok
payment_partial,toothpaste,activity_gradual,0.6,voidmass_deficit_lower,6.901100277900696e-06,21,ok
payment_partial,toothpaste,activity_gradual,0.6,voidmass_deficit_upper,5.498528480529785e-06,21,ok
payment_partial,toothpaste,activity_gradual,0.6,voidmass_movecount,5.501788109540939e-06,21,ok
payment_partial,toothpaste,activity_gradual,0.6,voidmass_movecount_bound,5.40073961019516e-06,21,ok
payment_partial,toothpaste,activity_gradual,0.6,voidmass_process_lower,5.900394171476364e-06,21,ok
payment_partial,toothpaste,activity_gradual,0.6,voidmass_process_upper,5.09992241859436e-06,21,ok
payment_partial,toothpaste,activity_gradual,0.6,voidsalign3,0.0002434002235531807,21,ok
payment_partial,toothpaste,activity_gradual,0.6,voidsat2,0.0006266995333134573,21,ok
payment_partial,toothpaste,activity_gradual,0.6,weight_voidage,5.690101534128189e-05,21,ok
payment_partial,toothpaste,activity_gradual,0.7,aligned_duration_cache,0.0035557001829147,1,ok
payment_partial,toothpaste,activity_gradual,0.7,alignment_coverage_pn2_lower,0.00019910186529159546,21,ok
payment_partial,toothpaste,activity_gradual,0.7,alignment_coverage_pn2_upper,0.00013170018792152405,21,ok
payment_partial,toothpaste,activity_gradual,0.7,classical,0.0111078000627458,1,ok
payment_partial,toothpaste,activity_gradual,0.7,dv,5.744292499963194,1,ok
payment_partial,toothpaste,activity_gradual,0.7,executions_cache,9.09995287656784e-06,1,ok
payment_partial,toothpaste,activity_gradual,0.7,matchprob,5.898531526327133e-06,21,ok
payment_partial,toothpaste,activity_gradual,0.7,mean_leaf_skipprob,3.09990718960762e-06,1,ok
payment_partial,toothpaste,activity_gradual,0.7,salign_coverage,0.00023570051416754723,21,ok
payment_partial,toothpaste,activity_gradual,0.7,skipprob,5.798880010843277e-06,21,ok
payment_partial,toothpaste,activity_gradual,0.7,traces,0.0035409000702202,1,ok
payment_partial,toothpaste,activity_gradual,0.7,voidmass_deficit_lower,7.000286132097244e-06,21,ok
payment_partial,toothpaste,activity_gradual,0.7,voidmass_deficit_upper,5.90132549405098e-06,21,ok
payment_partial,toothpaste,activity_gradual,0.7,voidmass_movecount,5.40073961019516e-06,21,ok
payment_partial,toothpaste,activity_gradual,0.7,voidmass_movecount_bound,4.7995708882808685e-06,21,ok
payment_partial,toothpaste,activity_gradual,0.7,voidmass_process_lower,5.898531526327133e-06,21,ok
payment_partial,toothpaste,activity_gradual,0.7,voidmass_process_upper,5.40073961019516e-06,21,ok
payment_partial,toothpaste,activity_gradual,0.7,voidsalign3,0.00014560064300894737,21,ok
payment_partial,toothpaste,activity_gradual,0.7,voidsat2,0.0003710011951625347,21,ok
payment_partial,toothpaste,activity_gradual,0.7,weight_voidage,5.840044468641281e-05,21,ok
payment_partial,toothpaste,activity_gradual,0.8,aligned_duration_cache,0.0039798002690076,1,ok
payment_partial,toothpaste,activity_gradual,0.8,alignment_coverage_pn2_lower,0.0001355004496872425,21,ok
payment_partial,toothpaste,activity_gradual,0.8,alignment_coverage_pn2_upper,9.019766002893448e-05,21,ok
payment_partial,toothpaste,activity_gradual,0.8,classical,0.0091850999742746,1,ok
payment_partial,toothpaste,activity_gradual,0.8,dv,5.536402500234544,1,ok
payment_partial,toothpaste,activity_gradual,0.8,executions_cache,9.499955922365189e-06,1,ok
payment_partial,toothpaste,activity_gradual,0.8,matchprob,6.0996972024440765e-06,21,ok
payment_partial,toothpaste,activity_gradual,0.8,mean_leaf_skipprob,3.3997930586338043e-06,1,ok
payment_partial,toothpaste,activity_gradual,0.8,salign_coverage,0.00017299922183156013,21,ok
payment_partial,toothpaste,activity_gradual,0.8,skipprob,6.900634616613388e-06,21,ok
payment_partial,toothpaste,activity_gradual,0.8,traces,0.003961400128901,1,ok
payment_partial,toothpaste,activity_gradual,0.8,voidmass_deficit_lower,7.299706339836121e-06,21,ok
payment_partial,toothpaste,activity_gradual,0.8,voidmass_deficit_upper,6.0014426708221436e-06,21,ok
payment_partial,toothpaste,activity_gradual,0.8,voidmass_movecount,5.3015537559986115e-06,21,ok
payment_partial,toothpaste,activity_gradual,0.8,voidmass_movecount_bound,4.800502210855484e-06,21,ok
payment_partial,toothpaste,activity_gradual,0.8,voidmass_process_lower,6.000977009534836e-06,21,ok
payment_partial,toothpaste,activity_gradual,0.8,voidmass_process_upper,5.20097091794014e-06,21,ok
payment_partial,toothpaste,activity_gradual,0.8,voidsalign3,0.00010780012235045433,21,ok
payment_partial,toothpaste,activity_gradual,0.8,voidsat2,0.0002873009070754051,21,ok
payment_partial,toothpaste,activity_gradual,0.8,weight_voidage,5.900021642446518e-05,21,ok
payment_partial,toothpaste,activity_gradual,0.9,aligned_duration_cache,0.0022930996492505,1,ok
payment_partial,toothpaste,activity_gradual,0.9,alignment_coverage_pn2_lower,8.659902960062027e-05,21,ok
payment_partial,toothpaste,activity_gradual,0.9,alignment_coverage_pn2_upper,5.530007183551788e-05,21,ok
payment_partial,toothpaste,activity_gradual,0.9,classical,0.0038819997571408,1,ok
payment_partial,toothpaste,activity_gradual,0.9,dv,5.60468910029158,1,ok
payment_partial,toothpaste,activity_gradual,0.9,executions_cache,8.800067007541656e-06,1,ok
payment_partial,toothpaste,activity_gradual,0.9,matchprob,6.100162863731384e-06,21,ok
payment_partial,toothpaste,activity_gradual,0.9,mean_leaf_skipprob,3.700144588947296e-06,1,ok
payment_partial,toothpaste,activity_gradual,0.9,salign_coverage,9.069917723536491e-05,21,ok
payment_partial,toothpaste,activity_gradual,0.9,skipprob,5.901791155338287e-06,21,ok
payment_partial,toothpaste,activity_gradual,0.9,traces,0.0022797998972237,1,ok
payment_partial,toothpaste,activity_gradual,0.9,voidmass_deficit_lower,6.5998174250125885e-06,21,ok
payment_partial,toothpaste,activity_gradual,0.9,voidmass_deficit_upper,5.300156772136688e-06,21,ok
payment_partial,toothpaste,activity_gradual,0.9,voidmass_movecount,5.60050830245018e-06,21,ok
payment_partial,toothpaste,activity_gradual,0.9,voidmass_movecount_bound,5.000270903110504e-06,21,ok
payment_partial,toothpaste,activity_gradual,0.9,voidmass_process_lower,7.199123501777649e-06,21,ok
payment_partial,toothpaste,activity_gradual,0.9,voidmass_process_upper,5.499925464391708e-06,21,ok
payment_partial,toothpaste,activity_gradual,0.9,voidsalign3,6.249919533729553e-05,21,ok
payment_partial,toothpaste,activity_gradual,0.9,voidsat2,0.00013830000534653664,21,ok
payment_partial,toothpaste,activity_gradual,0.9,weight_voidage,5.519948899745941e-05,21,ok
payment_partial,toothpaste,trace,0.1,aligned_duration_cache,0.0040075997821986,1,ok
payment_partial,toothpaste,trace,0.1,alignment_coverage_pn2_lower,0.0003776983357965106,21,ok
payment_partial,toothpaste,trace,0.1,alignment_coverage_pn2_upper,0.00024349801242351532,21,ok
payment_partial,toothpaste,trace,0.1,classical,0.0215706997551023,1,ok
payment_partial,toothpaste,trace,0.1,dv,6.677807400003076,1,ok
payment_partial,toothpaste,trace,0.1,executions_cache,1.12997367978096e-05,1,ok
payment_partial,toothpaste,trace,0.1,matchprob,6.200280040502548e-06,21,ok
payment_partial,toothpaste,trace,0.1,mean_leaf_skipprob,3.400258719921112e-06,1,ok
payment_partial,toothpaste,trace,0.1,salign_coverage,0.0004048007540404673,21,ok
payment_partial,toothpaste,trace,0.1,skipprob,6.50063157081604e-06,21,ok
payment_partial,toothpaste,trace,0.1,traces,0.0039880000986158,1,ok
payment_partial,toothpaste,trace,0.1,voidmass_deficit_lower,9.100418537855148e-06,21,ok
payment_partial,toothpaste,trace,0.1,voidmass_deficit_upper,6.6999346017837524e-06,21,ok
payment_partial,toothpaste,trace,0.1,voidmass_movecount,6.399583071470261e-06,21,ok
payment_partial,toothpaste,trace,0.1,voidmass_movecount_bound,5.300622433423996e-06,21,ok
payment_partial,toothpaste,trace,0.1,voidmass_process_lower,6.600283086299896e-06,21,ok
payment_partial,toothpaste,trace,0.1,voidmass_process_upper,5.701091140508652e-06,21,ok
payment_partial,toothpaste,trace,0.1,voidsalign3,0.0002441997639834881,21,ok
payment_partial,toothpaste,trace,0.1,voidsat2,0.0008276994340120821,21,ok
payment_partial,toothpaste,trace,0.1,weight_voidage,6.350083276629448e-05,21,ok
payment_partial,toothpaste,trace,0.2,aligned_duration_cache,0.0036347997374832,1,ok
payment_partial,toothpaste,trace,0.2,alignment_coverage_pn2_lower,0.00036689965054385117,21,ok
payment_partial,toothpaste,trace,0.2,alignment_coverage_pn2_upper,0.0002404996193945408,21,ok
payment_partial,toothpaste,trace,0.2,classical,0.0187593000009655,1,ok
payment_partial,toothpaste,trace,0.2,dv,6.467981599736959,1,ok
payment_partial,toothpaste,trace,0.2,executions_cache,1.019984483718872e-05,1,ok
payment_partial,toothpaste,trace,0.2,matchprob,6.501097232103348e-06,21,ok
payment_partial,toothpaste,trace,0.2,mean_leaf_skipprob,3.200024366378784e-06,1,ok
payment_partial,toothpaste,trace,0.2,salign_coverage,0.00037710042670367804,21,ok
payment_partial,toothpaste,trace,0.2,skipprob,5.800742655992508e-06,21,ok
payment_partial,toothpaste,trace,0.2,traces,0.0036180997267365,1,ok
payment_partial,toothpaste,trace,0.2,voidmass_deficit_lower,7.399357855319977e-06,21,ok
payment_partial,toothpaste,trace,0.2,voidmass_deficit_upper,6.000977009534836e-06,21,ok
payment_partial,toothpaste,trace,0.2,voidmass_movecount,5.900394171476364e-06,21,ok
payment_partial,toothpaste,trace,0.2,voidmass_movecount_bound,6.098300218582153e-06,21,ok
payment_partial,toothpaste,trace,0.2,voidmass_process_lower,6.4997002482414246e-06,21,ok
payment_partial,toothpaste,trace,0.2,voidmass_process_upper,5.60050830245018e-06,21,ok
payment_partial,toothpaste,trace,0.2,voidsalign3,0.00025810161605477333,21,ok
payment_partial,toothpaste,trace,0.2,voidsat2,0.0007117004133760537,21,ok
payment_partial,toothpaste,trace,0.2,weight_voidage,5.9800222516059875e-05,21,ok
payment_partial,toothpaste,trace,0.3,aligned_duration_cache,0.00359069975093,1,ok
payment_partial,toothpaste,trace,0.3,alignment_coverage_pn2_lower,0.00034249899908894395,21,ok
payment_partial,toothpaste,trace,0.3,alignment_coverage_pn2_upper,0.00023110024631023407,21,ok
payment_partial,toothpaste,trace,0.3,classical,0.0505578001029789,1,ok
payment_partial,toothpaste,trace,0.3,dv,6.661435099784285,1,ok
payment_partial,toothpaste,trace,0.3,executions_cache,1.1899974197149277e-05,1,ok
payment_partial,toothpaste,trace,0.3,matchprob,6.600748747587204e-06,21,ok
payment_partial,toothpaste,trace,0.3,mean_leaf_skipprob,3.799796104431152e-06,1,ok
payment_partial,toothpaste,trace,0.3,salign_coverage,0.00038320058956736015,21,ok
payment_partial,toothpaste,trace,0.3,skipprob,6.501097232103348e-06,21,ok
payment_partial,toothpaste,trace,0.3,traces,0.0035740998573601,1,ok
payment_partial,toothpaste,trace,0.3,voidmass_deficit_lower,7.500406354665756e-06,21,ok
payment_partial,toothpaste,trace,0.3,voidmass_deficit_upper,6.0996972024440765e-06,21,ok
payment_partial,toothpaste,trace,0.3,voidmass_movecount,5.801208317279816e-06,21,ok
payment_partial,toothpaste,trace,0.3,voidmass_movecount_bound,5.300156772136688e-06,21,ok
payment_partial,toothpaste,trace,0.3,voidmass_process_lower,5.801208317279816e-06,21,ok
payment_partial,toothpaste,trace,0.3,voidmass_process_upper,5.298759788274765e-06,21,ok
payment_partial,toothpaste,trace,0.3,voidsalign3,0.00024319859221577644,21,ok
payment_partial,toothpaste,trace,0.3,voidsat2,0.0007097003981470329,21,ok
payment_partial,toothpaste,trace,0.3,weight_voidage,5.9398822486400604e-05,21,ok
payment_partial,toothpaste,trace,0.4,aligned_duration_cache,0.0034914999268949,1,ok
payment_partial,toothpaste,trace,0.4,alignment_coverage_pn2_lower,0.00037869950756428804,21,ok
payment_partial,toothpaste,trace,0.4,alignment_coverage_pn2_upper,0.0002522994764149189,21,ok
payment_partial,toothpaste,trace,0.4,classical,0.01827730005607,1,ok
payment_partial,toothpaste,trace,0.4,dv,6.691976400092244,1,ok
payment_partial,toothpaste,trace,0.4,executions_cache,1.3699755072593687e-05,1,ok
payment_partial,toothpaste,trace,0.4,matchprob,6.90016895532608e-06,21,ok
payment_partial,toothpaste,trace,0.4,mean_leaf_skipprob,3.1995587050914764e-06,1,ok
payment_partial,toothpaste,trace,0.4,salign_coverage,0.0004245997406542054,21,ok
payment_partial,toothpaste,trace,0.4,skipprob,7.400289177894592e-06,21,ok
payment_partial,toothpaste,trace,0.4,traces,0.0034750001505017,1,ok
payment_partial,toothpaste,trace,0.4,voidmass_deficit_lower,9.101349860429764e-06,21,ok
payment_partial,toothpaste,trace,0.4,voidmass_deficit_upper,6.401445716619492e-06,21,ok
payment_partial,toothpaste,trace,0.4,voidmass_movecount,5.600973963737488e-06,21,ok
payment_partial,toothpaste,trace,0.4,voidmass_movecount_bound,5.400273948907852e-06,21,ok
payment_partial,toothpaste,trace,0.4,voidmass_process_lower,6.000511348247528e-06,21,ok
payment_partial,toothpaste,trace,0.4,voidmass_process_upper,5.500391125679016e-06,21,ok
payment_partial,toothpaste,trace,0.4,voidsalign3,0.00028869975358247757,21,ok
payment_partial,toothpaste,trace,0.4,voidsat2,0.0006680991500615153,21,ok
payment_partial,toothpaste,trace,0.4,weight_voidage,7.039913907647133e-05,21,ok
payment_partial,toothpaste,trace,0.5,aligned_duration_cache,0.002911000046879,1,ok
payment_partial,toothpaste,trace,0.5,alignment_coverage_pn2_lower,0.000269399955868721,21,ok
payment_partial,toothpaste,trace,0.5,alignment_coverage_pn2_upper,0.00018390174955129623,21,ok
payment_partial,toothpaste,trace,0.5,classical,0.013854400254786,1,ok
payment_partial,toothpaste,trace,0.5,dv,6.556684200186282,1,ok
payment_partial,toothpaste,trace,0.5,executions_cache,1.019984483718872e-05,1,ok
payment_partial,toothpaste,trace,0.5,matchprob,5.999580025672913e-06,21,ok
payment_partial,toothpaste,trace,0.5,mean_leaf_skipprob,3.3997930586338043e-06,1,ok
payment_partial,toothpaste,trace,0.5,salign_coverage,0.0002963002771138701,21,ok
payment_partial,toothpaste,trace,0.5,skipprob,6.699468940496445e-06,21,ok
payment_partial,toothpaste,trace,0.5,traces,0.0028935000300407,1,ok
payment_partial,toothpaste,trace,0.5,voidmass_deficit_lower,7.600989192724228e-06,21,ok
payment_partial,toothpaste,trace,0.5,voidmass_deficit_upper,5.999580025672913e-06,21,ok
payment_partial,toothpaste,trace,0.5,voidmass_movecount,5.400273948907852e-06,21,ok
payment_partial,toothpaste,trace,0.5,voidmass_movecount_bound,4.999339580535889e-06,21,ok
payment_partial,toothpaste,trace,0.5,voidmass_process_lower,5.3015537559986115e-06,21,ok
payment_partial,toothpaste,trace,0.5,voidmass_process_upper,5.09992241859436e-06,21,ok
payment_partial,toothpaste,trace,0.5,voidsalign3,0.000193900428712368,21,ok
payment_partial,toothpaste,trace,0.5,voidsat2,0.0004754983820020555,21,ok
payment_partial,toothpaste,trace,0.5,weight_voidage,5.7300087064504623e-05,21,ok
payment_partial,toothpaste,trace,0.6,aligned_duration_cache,0.0024229995906352,1,ok
payment_partial,toothpaste,trace,0.6,alignment_coverage_pn2_lower,0.00022879894822835922,21,ok
payment_partial,toothpaste,trace,0.6,alignment_coverage_pn2_upper,0.0001609986647963524,21,ok
payment_partial,toothpaste,trace,0.6,classical,0.0110610998235642,1,ok
payment_partial,toothpaste,trace,0.6,dv,6.272990399971604,1,ok
payment_partial,toothpaste,trace,0.6,executions_cache,1.0299962013959885e-05,1,ok
payment_partial,toothpaste,trace,0.6,matchprob,6.4997002482414246e-06,21,ok
payment_partial,toothpaste,trace,0.6,mean_leaf_skipprob,4.599802196025848e-06,1,ok
payment_partial,toothpaste,trace,0.6,salign_coverage,0.0002468000166118145,21,ok
payment_partial,toothpaste,trace,0.6,skipprob,6.00004568696022e-06,21,ok
payment_partial,toothpaste,trace,0.6,traces,0.0024063000455498,1,ok
payment_partial,toothpaste,trace,0.6,voidmass_deficit_lower,6.799120455980301e-06,21,ok
payment_partial,toothpaste,trace,0.6,voidmass_deficit_upper,5.200039595365524e-06,21,ok
payment_partial,toothpaste,trace,0.6,voidmass_movecount,5.600042641162872e-06,21,ok
payment_partial,toothpaste,trace,0.6,voidmass_movecount_bound,4.999805241823196e-06,21,ok
payment_partial,toothpaste,trace,0.6,voidmass_process_lower,5.301088094711304e-06,21,ok
payment_partial,toothpaste,trace,0.6,voidmass_process_upper,5.499459803104401e-06,21,ok
payment_partial,toothpaste,trace,0.6,voidsalign3,0.0001650000922381878,21,ok
payment_partial,toothpaste,trace,0.6,voidsat2,0.00039200158789753914,21,ok
payment_partial,toothpaste,trace,0.6,weight_voidage,5.660112947225571e-05,21,ok
payment_partial,toothpaste,trace,0.7,aligned_duration_cache,0.0020432998426258,1,ok
payment_partial,toothpaste,trace,0.7,alignment_coverage_pn2_lower,0.00017589936032891273,21,ok
payment_partial,toothpaste,trace,0.7,alignment_coverage_pn2_upper,0.00012119999155402184,21,ok
payment_partial,toothpaste,trace,0.7,classical,0.0081583997234702,1,ok
payment_partial,toothpaste,trace,0.7,dv,6.070597299840301,1,ok
payment_partial,toothpaste,trace,0.7,executions_cache,1.0100193321704865e-05,1,ok
payment_partial,toothpaste,trace,0.7,matchprob,6.100162863731384e-06,21,ok
payment_partial,toothpaste,trace,0.7,mean_leaf_skipprob,3.200024366378784e-06,1,ok
payment_partial,toothpaste,trace,0.7,salign_coverage,0.00019809836521744728,21,ok
payment_partial,toothpaste,trace,0.7,skipprob,6.701331585645676e-06,21,ok
payment_partial,toothpaste,trace,0.7,traces,0.0020268000662326,1,ok
payment_partial,toothpaste,trace,0.7,voidmass_deficit_lower,7.100868970155716e-06,21,ok
payment_partial,toothpaste,trace,0.7,voidmass_deficit_upper,6.299465894699097e-06,21,ok
payment_partial,toothpaste,trace,0.7,voidmass_movecount,5.298759788274765e-06,21,ok
payment_partial,toothpaste,trace,0.7,voidmass_movecount_bound,5.5995769798755646e-06,21,ok
payment_partial,toothpaste,trace,0.7,voidmass_process_lower,5.5995769798755646e-06,21,ok
payment_partial,toothpaste,trace,0.7,voidmass_process_upper,5.798414349555969e-06,21,ok
payment_partial,toothpaste,trace,0.7,voidsalign3,0.0001367996446788311,21,ok
payment_partial,toothpaste,trace,0.7,voidsat2,0.0003300984390079975,21,ok
payment_partial,toothpaste,trace,0.7,weight_voidage,5.690054967999458e-05,21,ok
payment_partial,toothpaste,trace,0.8,aligned_duration_cache,0.0020815003663301,1,ok
payment_partial,toothpaste,trace,0.8,alignment_coverage_pn2_lower,0.00019989954307675362,21,ok
payment_partial,toothpaste,trace,0.8,alignment_coverage_pn2_upper,0.00014300085604190826,21,ok
payment_partial,toothpaste,trace,0.8,classical,0.0085318996571004,1,ok
payment_partial,toothpaste,trace,0.8,dv,5.81952549982816,1,ok
payment_partial,toothpaste,trace,0.8,executions_cache,9.799841791391373e-06,1,ok
payment_partial,toothpaste,trace,0.8,matchprob,6.9998204708099365e-06,21,ok
payment_partial,toothpaste,trace,0.8,mean_leaf_skipprob,3.2996758818626404e-06,1,ok
payment_partial,toothpaste,trace,0.8,salign_coverage,0.00021490035578608513,21,ok
payment_partial,toothpaste,trace,0.8,skipprob,7.200054824352264e-06,21,ok
payment_partial,toothpaste,trace,0.8,traces,0.0020650997757911,1,ok
payment_partial,toothpaste,trace,0.8,voidmass_deficit_lower,8.699484169483185e-06,21,ok
payment_partial,toothpaste,trace,0.8,voidmass_deficit_upper,6.70040026307106e-06,21,ok
payment_partial,toothpaste,trace,0.8,voidmass_movecount,6.701331585645676e-06,21,ok
payment_partial,toothpaste,trace,0.8,voidmass_movecount_bound,6.1998143792152405e-06,21,ok
payment_partial,toothpaste,trace,0.8,voidmass_process_lower,7.401220500469208e-06,21,ok
payment_partial,toothpaste,trace,0.8,voidmass_process_upper,6.800051778554916e-06,21,ok
payment_partial,toothpaste,trace,0.8,voidsalign3,0.0001545008271932602,21,ok
payment_partial,toothpaste,trace,0.8,voidsat2,0.0003780997358262539,21,ok
payment_partial,toothpaste,trace,0.8,weight_voidage,5.849916487932205e-05,21,ok
payment_partial,toothpaste,trace,0.9,aligned_duration_cache,0.0016431999392807,1,ok
payment_partial,toothpaste,trace,0.9,alignment_coverage_pn2_lower,0.00011399900540709496,21,ok
payment_partial,toothpaste,trace,0.9,alignment_coverage_pn2_upper,7.990002632141113e-05,21,ok
payment_partial,toothpaste,trace,0.9,classical,0.0050404001958668,1,ok
payment_partial,toothpaste,trace,0.9,dv,5.5843195002526045,1,ok
payment_partial,toothpaste,trace,0.9,executions_cache,9.799841791391373e-06,1,ok
payment_partial,toothpaste,trace,0.9,matchprob,6.598886102437973e-06,21,ok
payment_partial,toothpaste,trace,0.9,mean_leaf_skipprob,3.400258719921112e-06,1,ok
payment_partial,toothpaste,trace,0.9,salign_coverage,0.00014180084690451622,21,ok
payment_partial,toothpaste,trace,0.9,skipprob,6.400980055332184e-06,21,ok
payment_partial,toothpaste,trace,0.9,traces,0.0016270000487565,1,ok
payment_partial,toothpaste,trace,0.9,voidmass_deficit_lower,6.9998204708099365e-06,21,ok
payment_partial,toothpaste,trace,0.9,voidmass_deficit_upper,5.700625479221344e-06,21,ok
payment_partial,toothpaste,trace,0.9,voidmass_movecount,5.600973963737488e-06,21,ok
payment_partial,toothpaste,trace,0.9,voidmass_movecount_bound,5.40073961019516e-06,21,ok
payment_partial,toothpaste,trace,0.9,voidmass_process_lower,5.7998113334178925e-06,21,ok
payment_partial,toothpaste,trace,0.9,voidmass_process_upper,5.400273948907852e-06,21,ok
payment_partial,toothpaste,trace,0.9,voidsalign3,9.750062599778175e-05,21,ok
payment_partial,toothpaste,trace,0.9,voidsat2,0.00025430135428905487,21,ok
payment_partial,toothpaste,trace,0.9,weight_voidage,6.0599762946367264e-05,21,ok
payment_partial,toothpaste,,0.0,aligned_duration_cache,0.0047426000237464,1,ok
payment_partial,toothpaste,,0.0,alignment_coverage_pn2_lower,0.00033000111579885414,21,ok
payment_partial,toothpaste,,0.0,alignment_coverage_pn2_upper,0.00022660009562969208,21,ok
payment_partial,toothpaste,,0.0,classical,0.0178123000077903,1,ok
payment_partial,toothpaste,,0.0,dv,6.163401000201702,1,ok
payment_partial,toothpaste,,0.0,executions_cache,1.0300427675247192e-05,1,ok
payment_partial,toothpaste,,0.0,matchprob,6.500165909528732e-06,21,ok
payment_partial,toothpaste,,0.0,mean_leaf_skipprob,3.600027412176132e-06,1,ok
payment_partial,toothpaste,,0.0,salign_coverage,0.000364698003977513,21,ok
payment_partial,toothpaste,,0.0,skipprob,6.400048732757568e-06,21,ok
payment_partial,toothpaste,,0.0,traces,0.0047271996736526,1,ok
payment_partial,toothpaste,,0.0,voidmass_deficit_lower,7.500406354665756e-06,21,ok
payment_partial,toothpaste,,0.0,voidmass_deficit_upper,6.000977009534836e-06,21,ok
payment_partial,toothpaste,,0.0,voidmass_movecount,5.5031850934028625e-06,21,ok
payment_partial,toothpaste,,0.0,voidmass_movecount_bound,4.700850695371628e-06,21,ok
payment_partial,toothpaste,,0.0,voidmass_process_lower,5.100388079881668e-06,21,ok
payment_partial,toothpaste,,0.0,voidmass_process_upper,5.300622433423996e-06,21,ok
payment_partial,toothpaste,,0.0,voidsalign3,0.00023980159312486649,21,ok
payment_partial,toothpaste,,0.0,voidsat2,0.0008035004138946226,21,ok
payment_partial,toothpaste,,0.0,weight_voidage,5.6801363825798035e-05,21,ok
payment_partial,toothpaste_noise10,activity_frequency_gradual,0.1,aligned_duration_cache,0.0044186003506183,1,ok
payment_partial,toothpaste_noise10,activity_frequency_gradual,0.1,alignment_coverage_pn2_lower,0.0003174985758959304,21,ok
payment_partial,toothpaste_noise10,activity_frequency_gradual,0.1,alignment_coverage_pn2_upper,0.00022410042583942413,21,ok
payment_partial,toothpaste_noise10,activity_frequency_gradual,0.1,classical,0.0144504001364111,1,ok
payment_partial,toothpaste_noise10,activity_frequency_gradual,0.1,dv,6.142764400225133,1,ok
payment_partial,toothpaste_noise10,activity_frequency_gradual,0.1,executions_cache,1.0100193321704865e-05,1,ok
payment_partial,toothpaste_noise10,activity_frequency_gradual,0.1,matchprob,6.099231541156769e-06,21,ok
payment_partial,toothpaste_noise10,activity_frequency_gradual,0.1,mean_leaf_skipprob,3.09990718960762e-06,1,ok
payment_partial,toothpaste_noise10,activity_frequency_gradual,0.1,salign_coverage,0.0003919000737368195,21,ok
payment_partial,toothpaste_noise10,activity_frequency_gradual,0.1,skipprob,6.200745701789856e-06,21,ok
payment_partial,toothpaste_noise10,activity_frequency_gradual,0.1,traces,0.0044017997570335,1,ok
payment_partial,toothpaste_noise10,activity_frequency_gradual,0.1,voidmass_deficit_lower,7.3015689849853516e-06,21,ok
payment_partial,toothpaste_noise10,activity_frequency_gradual,0.1,voidmass_deficit_upper,5.8002769947052e-06,21,ok
payment_partial,toothpaste_noise10,activity_frequency_gradual,0.1,voidmass_movecount,5.8002769947052e-06,21,ok
payment_partial,toothpaste_noise10,activity_frequency_gradual,0.1,voidmass_movecount_bound,5.197711288928986e-06,21,ok
payment_partial,toothpaste_noise10,activity_frequency_gradual,0.1,voidmass_process_lower,5.898997187614441e-06,21,ok
payment_partial,toothpaste_noise10,activity_frequency_gradual,0.1,voidmass_process_upper,5.597714334726334e-06,21,ok
payment_partial,toothpaste_noise10,activity_frequency_gradual,0.1,voidsalign3,0.0002628001384437084,21,ok
payment_partial,toothpaste_noise10,activity_frequency_gradual,0.1,voidsat2,0.0009091999381779323,21,ok
payment_partial,toothpaste_noise10,activity_frequency_gradual,0.1,weight_voidage,6.119906902313232e-05,21,ok
payment_partial,toothpaste_noise10,activity_frequency_gradual,0.2,aligned_duration_cache,0.0045545999892055,1,ok
payment_partial,toothpaste_noise10,activity_frequency_gradual,0.2,alignment_coverage_pn2_lower,0.0002151993103325367,21,ok
payment_partial,toothpaste_noise10,activity_frequency_gradual,0.2,alignment_coverage_pn2_upper,0.0001375996507704258,21,ok
payment_partial,toothpaste_noise10,activity_frequency_gradual,0.2,classical,0.0108930999413132,1,ok
payment_partial,toothpaste_noise10,activity_frequency_gradual,0.2,dv,6.017727100290358,1,ok
payment_partial,toothpaste_noise10,activity_frequency_gradual,0.2,executions_cache,1.0400079190731049e-05,1,ok
payment_partial,toothpaste_noise10,activity_frequency_gradual,0.2,matchprob,5.699228495359421e-06,21,ok
payment_partial,toothpaste_noise10,activity_frequency_gradual,0.2,mean_leaf_skipprob,3.200024366378784e-06,1,ok
payment_partial,toothpaste_noise10,activity_frequency_gradual,0.2,salign_coverage,0.0002516992390155792,21,ok
payment_partial,toothpaste_noise10,activity_frequency_gradual,0.2,skipprob,6.500165909528732e-06,21,ok
payment_partial,toothpaste_noise10,activity_frequency_gradual,0.2,traces,0.0045366999693214,1,ok
payment_partial,toothpaste_noise10,activity_frequency_gradual,0.2,voidmass_deficit_lower,7.300172001123428e-06,21,ok
payment_partial,toothpaste_noise10,activity_frequency_gradual,0.2,voidmass_deficit_upper,6.099231541156769e-06,21,ok
payment_partial,toothpaste_noise10,activity_frequency_gradual,0.2,voidmass_movecount,6.398651748895645e-06,21,ok
payment_partial,toothpaste_noise10,activity_frequency_gradual,0.2,voidmass_movecount_bound,5.798414349555969e-06,21,ok
payment_partial,toothpaste_noise10,activity_frequency_gradual,0.2,voidmass_process_lower,5.899928510189056e-06,21,ok
payment_partial,toothpaste_noise10,activity_frequency_gradual,0.2,voidmass_process_upper,5.498994141817093e-06,21,ok
payment_partial,toothpaste_noise10,activity_frequency_gradual,0.2,voidsalign3,0.00016599847003817558,21,ok
payment_partial,toothpaste_noise10,activity_frequency_gradual,0.2,voidsat2,0.0006728004664181958,21,ok
payment_partial,toothpaste_noise10,activity_frequency_gradual,0.2,weight_voidage,5.990033969283104e-05,21,ok
payment_partial,toothpaste_noise10,activity_frequency_gradual,0.3,aligned_duration_cache,0.0041458001360297,1,ok
payment_partial,toothpaste_noise10,activity_frequency_gradual,0.3,alignment_coverage_pn2_lower,0.00014259852468967438,21,ok
payment_partial,toothpaste_noise10,activity_frequency_gradual,0.3,alignment_coverage_pn2_upper,9.209895506501198e-05,21,ok
payment_partial,toothpaste_noise10,activity_frequency_gradual,0.3,classical,0.0073528997600078,1,ok
payment_partial,toothpaste_noise10,activity_frequency_gradual,0.3,dv,5.82070149993524,1,ok
payment_partial,toothpaste_noise10,activity_frequency_gradual,0.3,executions_cache,9.200070053339005e-06,1,ok
payment_partial,toothpaste_noise10,activity_frequency_gradual,0.3,matchprob,6.202608346939087e-06,21,ok
payment_partial,toothpaste_noise10,activity_frequency_gradual,0.3,mean_leaf_skipprob,3.5995617508888245e-06,1,ok
payment_partial,toothpaste_noise10,activity_frequency_gradual,0.3,salign_coverage,0.00017430074512958527,21,ok
payment_partial,toothpaste_noise10,activity_frequency_gradual,0.3,skipprob,6.201211363077164e-06,21,ok
payment_partial,toothpaste_noise10,activity_frequency_gradual,0.3,traces,0.0041318000294268,1,ok
payment_partial,toothpaste_noise10,activity_frequency_gradual,0.3,voidmass_deficit_lower,6.6999346017837524e-06,21,ok
payment_partial,toothpaste_noise10,activity_frequency_gradual,0.3,voidmass_deficit_upper,6.000511348247528e-06,21,ok
payment_partial,toothpaste_noise10,activity_frequency_gradual,0.3,voidmass_movecount,5.800742655992508e-06,21,ok
payment_partial,toothpaste_noise10,activity_frequency_gradual,0.3,voidmass_movecount_bound,5.201902240514755e-06,21,ok
payment_partial,toothpaste_noise10,activity_frequency_gradual,0.3,voidmass_process_lower,6.1998143792152405e-06,21,ok
payment_partial,toothpaste_noise10,activity_frequency_gradual,0.3,voidmass_process_upper,5.399342626333237e-06,21,ok
payment_partial,toothpaste_noise10,activity_frequency_gradual,0.3,voidsalign3,0.00011639948934316635,21,ok
payment_partial,toothpaste_noise10,activity_frequency_gradual,0.3,voidsat2,0.0005326997488736937,21,ok
payment_partial,toothpaste_noise10,activity_frequency_gradual,0.3,weight_voidage,5.530053749680519e-05,21,ok
payment_partial,toothpaste_noise10,activity_frequency_gradual,0.4,aligned_duration_cache,0.0042089996859431,1,ok
payment_partial,toothpaste_noise10,activity_frequency_gradual,0.4,alignment_coverage_pn2_lower,0.0001451992429792881,21,ok
payment_partial,toothpaste_noise10,activity_frequency_gradual,0.4,alignment_coverage_pn2_upper,9.320024400949478e-05,21,ok
payment_partial,toothpaste_noise10,activity_frequency_gradual,0.4,classical,0.0073426002636551,1,ok
payment_partial,toothpaste_noise10,activity_frequency_gradual,0.4,dv,5.656451100017875,1,ok
payment_partial,toothpaste_noise10,activity_frequency_gradual,0.4,executions_cache,9.399838745594025e-06,1,ok
payment_partial,toothpaste_noise10,activity_frequency_gradual,0.4,matchprob,5.8002769947052e-06,21,ok
payment_partial,toothpaste_noise10,activity_frequency_gradual,0.4,mean_leaf_skipprob,3.200024366378784e-06,1,ok
payment_partial,toothpaste_noise10,activity_frequency_gradual,0.4,salign_coverage,0.00017659831792116165,21,ok
payment_partial,toothpaste_noise10,activity_frequency_gradual,0.4,skipprob,6.100628525018692e-06,21,ok
payment_partial,toothpaste_noise10,activity_frequency_gradual,0.4,traces,0.0041939998045563,1,ok
payment_partial,toothpaste_noise10,activity_frequency_gradual,0.4,voidmass_deficit_lower,8.100178092718124e-06,21,ok
payment_partial,toothpaste_noise10,activity_frequency_gradual,0.4,voidmass_deficit_upper,5.60050830245018e-06,21,ok
payment_partial,toothpaste_noise10,activity_frequency_gradual,0.4,voidmass_movecount,5.600042641162872e-06,21,ok
payment_partial,toothpaste_noise10,activity_frequency_gradual,0.4,voidmass_movecount_bound,5.202833563089371e-06,21,ok
payment_partial,toothpaste_noise10,activity_frequency_gradual,0.4,voidmass_process_lower,5.100853741168976e-06,21,ok
payment_partial,toothpaste_noise10,activity_frequency_gradual,0.4,voidmass_process_upper,5.299225449562073e-06,21,ok
payment_partial,toothpaste_noise10,activity_frequency_gradual,0.4,voidsalign3,0.00011810008436441422,21,ok
payment_partial,toothpaste_noise10,activity_frequency_gradual,0.4,voidsat2,0.0006406991742550752,21,ok
payment_partial,toothpaste_noise10,activity_frequency_gradual,0.4,weight_voidage,5.730101838707924e-05,21,ok
payment_partial,toothpaste_noise10,activity_frequency_gradual,0.5,aligned_duration_cache,0.0041785002686083,1,ok
payment_partial,toothpaste_noise10,activity_frequency_gradual,0.5,alignment_coverage_pn2_lower,0.00014329981058835983,21,ok
payment_partial,toothpaste_noise10,activity_frequency_gradual,0.5,alignment_coverage_pn2_upper,9.360071271657944e-05,21,ok
payment_partial,toothpaste_noise10,activity_frequency_gradual,0.5,classical,0.0075598997063934,1,ok
payment_partial,toothpaste_noise10,activity_frequency_gradual,0.5,dv,5.643663799855858,1,ok
payment_partial,toothpaste_noise10,activity_frequency_gradual,0.5,executions_cache,1.0099727660417557e-05,1,ok
payment_partial,toothpaste_noise10,activity_frequency_gradual,0.5,matchprob,6.202142685651779e-06,21,ok
payment_partial,toothpaste_noise10,activity_frequency_gradual,0.5,mean_leaf_skipprob,3.09990718960762e-06,1,ok
payment_partial,toothpaste_noise10,activity_frequency_gradual,0.5,salign_coverage,0.0001835990697145462,21,ok
payment_partial,toothpaste_noise10,activity_frequency_gradual,0.5,skipprob,6.1998143792152405e-06,21,ok
payment_partial,toothpaste_noise10,activity_frequency_gradual,0.5,traces,0.0041621997952461,1,ok
payment_partial,toothpaste_noise10,activity_frequency_gradual,0.5,voidmass_deficit_lower,7.299240678548813e-06,21,ok
payment_partial,toothpaste_noise10,activity_frequency_gradual,0.5,voidmass_deficit_upper,5.898997187614441e-06,21,ok
payment_partial,toothpaste_noise10,activity_frequency_gradual,0.5,voidmass_movecount,5.700159817934036e-06,21,ok
payment_partial,toothpaste_noise10,activity_frequency_gradual,0.5,voidmass_movecount_bound,4.90015372633934e-06,21,ok
payment_partial,toothpaste_noise10,activity_frequency_gradual,0.5,voidmass_process_lower,5.897600203752518e-06,21,ok
payment_partial,toothpaste_noise10,activity_frequency_gradual,0.5,voidmass_process_upper,4.899222403764725e-06,21,ok
payment_partial,toothpaste_noise10,activity_frequency_gradual,0.5,voidsalign3,0.00012040045112371445,21,ok
payment_partial,toothpaste_noise10,activity_frequency_gradual,0.5,voidsat2,0.0007341015152632507,21,ok
payment_partial,toothpaste_noise10,activity_frequency_gradual,0.5,weight_voidage,5.739973857998848e-05,21,ok
payment_partial,toothpaste_noise10,activity_frequency_gradual,0.6,aligned_duration_cache,0.0043195998296141,1,ok
payment_partial,toothpaste_noise10,activity_frequency_gradual,0.6,alignment_coverage_pn2_lower,0.00017029978334903717,21,ok
payment_partial,toothpaste_noise10,activity_frequency_gradual,0.6,alignment_coverage_pn2_upper,0.00010639894753694534,21,ok
payment_partial,toothpaste_noise10,activity_frequency_gradual,0.6,classical,0.0069847996346652,1,ok
payment_partial,toothpaste_noise10,activity_frequency_gradual,0.6,dv,5.65907400008291,1,ok
payment_partial,toothpaste_noise10,activity_frequency_gradual,0.6,executions_cache,9.400304406881332e-06,1,ok
payment_partial,toothpaste_noise10,activity_frequency_gradual,0.6,matchprob,5.899462848901749e-06,21,ok
payment_partial,toothpaste_noise10,activity_frequency_gradual,0.6,mean_leaf_skipprob,3.1995587050914764e-06,1,ok
payment_partial,toothpaste_noise10,activity_frequency_gradual,0.6,salign_coverage,0.0002200002782046795,21,ok
payment_partial,toothpaste_noise10,activity_frequency_gradual,0.6,skipprob,6.498303264379501e-06,21,ok
payment_partial,toothpaste_noise10,activity_frequency_gradual,0.6,traces,0.0043059000745415,1,ok
payment_partial,toothpaste_noise10,activity_frequency_gradual,0.6,voidmass_deficit_lower,7.3998235166072845e-06,21,ok
payment_partial,toothpaste_noise10,activity_frequency_gradual,0.6,voidmass_deficit_upper,6.098765879869461e-06,21,ok
payment_partial,toothpaste_noise10,activity_frequency_gradual,0.6,voidmass_movecount,5.798880010843277e-06,21,ok
payment_partial,toothpaste_noise10,activity_frequency_gradual,0.6,voidmass_movecount_bound,5.1013194024562836e-06,21,ok
payment_partial,toothpaste_noise10,activity_frequency_gradual,0.6,voidmass_process_lower,5.7998113334178925e-06,21,ok
payment_partial,toothpaste_noise10,activity_frequency_gradual,0.6,voidmass_process_upper,5.199108272790909e-06,21,ok
payment_partial,toothpaste_noise10,activity_frequency_gradual,0.6,voidsalign3,0.00014349957928061485,21,ok
payment_partial,toothpaste_noise10,activity_frequency_gradual,0.6,voidsat2,0.0006614010781048836,21,ok
payment_partial,toothpaste_noise10,activity_frequency_gradual,0.6,weight_voidage,5.8098696172237396e-05,21,ok
payment_partial,toothpaste_noise10,activity_frequency_gradual,0.7,aligned_duration_cache,0.004293399862945,1,ok
payment_partial,toothpaste_noise10,activity_frequency_gradual,0.7,alignment_coverage_pn2_lower,0.00016860011965036392,21,ok
payment_partial,toothpaste_noise10,activity_frequency_gradual,0.7,alignment_coverage_pn2_upper,0.00010520126670598984,21,ok
payment_partial,toothpaste_noise10,activity_frequency_gradual,0.7,classical,0.0075958003289997,1,ok
payment_partial,toothpaste_noise10,activity_frequency_gradual,0.7,dv,5.72115939995274,1,ok
payment_partial,toothpaste_noise10,activity_frequency_gradual,0.7,executions_cache,9.699724614620209e-06,1,ok
payment_partial,toothpaste_noise10,activity_frequency_gradual,0.7,matchprob,6.101094186306e-06,21,ok
payment_partial,toothpaste_noise10,activity_frequency_gradual,0.7,mean_leaf_skipprob,3.200024366378784e-06,1,ok
payment_partial,toothpaste_noise10,activity_frequency_gradual,0.7,salign_coverage,0.0002142000012099743,21,ok
payment_partial,toothpaste_noise10,activity_frequency_gradual,0.7,skipprob,6.4997002482414246e-06,21,ok
payment_partial,toothpaste_noise10,activity_frequency_gradual,0.7,traces,0.0042750001884996,1,ok
payment_partial,toothpaste_noise10,activity_frequency_gradual,0.7,voidmass_deficit_lower,7.201451808214188e-06,21,ok
payment_partial,toothpaste_noise10,activity_frequency_gradual,0.7,voidmass_deficit_upper,5.901791155338287e-06,21,ok
payment_partial,toothpaste_noise10,activity_frequency_gradual,0.7,voidmass_movecount,5.499925464391708e-06,21,ok
payment_partial,toothpaste_noise10,activity_frequency_gradual,0.7,voidmass_movecount_bound,5.300622433423996e-06,21,ok
payment_partial,toothpaste_noise10,activity_frequency_gradual,0.7,voidmass_process_lower,5.500856786966324e-06,21,ok
payment_partial,toothpaste_noise10,activity_frequency_gradual,0.7,voidmass_process_upper,5.302019417285919e-06,21,ok
payment_partial,toothpaste_noise10,activity_frequency_gradual,0.7,voidsalign3,0.00013879872858524323,21,ok
payment_partial,toothpaste_noise10,activity_frequency_gradual,0.7,voidsat2,0.0005514980293810258,21,ok
payment_partial,toothpaste_noise10,activity_frequency_gradual,0.7,weight_voidage,6.0700345784425735e-05,21,ok
payment_partial,toothpaste_noise10,activity_frequency_gradual,0.8,aligned_duration_cache,0.0037875999696552,1,ok
payment_partial,toothpaste_noise10,activity_frequency_gradual,0.8,alignment_coverage_pn2_lower,0.00010310066863894463,21,ok
payment_partial,toothpaste_noise10,activity_frequency_gradual,0.8,alignment_coverage_pn2_upper,6.189942359924316e-05,21,ok
payment_partial,toothpaste_noise10,activity_frequency_gradual,0.8,classical,0.0045011001639068,1,ok
payment_partial,toothpaste_noise10,activity_frequency_gradual,0.8,dv,5.536223500035703,1,ok
payment_partial,toothpaste_noise10,activity_frequency_gradual,0.8,executions_cache,9.899958968162537e-06,1,ok
payment_partial,toothpaste_noise10,activity_frequency_gradual,0.8,matchprob,5.798880010843277e-06,21,ok
payment_partial,toothpaste_noise10,activity_frequency_gradual,0.8,mean_leaf_skipprob,3.600027412176132e-06,1,ok
payment_partial,toothpaste_noise10,activity_frequency_gradual,0.8,salign_coverage,0.00012690015137195587,21,ok
payment_partial,toothpaste_noise10,activity_frequency_gradual,0.8,skipprob,5.899928510189056e-06,21,ok
payment_partial,toothpaste_noise10,activity_frequency_gradual,0.8,traces,0.0037701996043324,1,ok
payment_partial,toothpaste_noise10,activity_frequency_gradual,0.8,voidmass_deficit_lower,7.799360901117325e-06,21,ok
payment_partial,toothpaste_noise10,activity_frequency_gradual,0.8,voidmass_deficit_upper,6.0996972024440765e-06,21,ok
payment_partial,toothpaste_noise10,activity_frequency_gradual,0.8,voidmass_movecount,5.600973963737488e-06,21,ok
payment_partial,toothpaste_noise10,activity_frequency_gradual,0.8,voidmass_movecount_bound,5.001667886972427e-06,21,ok
payment_partial,toothpaste_noise10,activity_frequency_gradual,0.8,voidmass_process_lower,5.300156772136688e-06,21,ok
payment_partial,toothpaste_noise10,activity_frequency_gradual,0.8,voidmass_process_upper,5.099456757307053e-06,21,ok
payment_partial,toothpaste_noise10,activity_frequency_gradual,0.8,voidsalign3,8.48015770316124e-05,21,ok
payment_partial,toothpaste_noise10,activity_frequency_gradual,0.8,voidsat2,0.00036330195143818855,21,ok
payment_partial,toothpaste_noise10,activity_frequency_gradual,0.8,weight_voidage,5.989987403154373e-05,21,ok
payment_partial,toothpaste_noise10,activity_frequency_gradual,0.9,aligned_duration_cache,0.0024945000186562,1,ok
payment_partial,toothpaste_noise10,activity_frequency_gradual,0.9,alignment_coverage_pn2_lower,9.930087253451347e-05,21,ok
payment_partial,toothpaste_noise10,activity_frequency_gradual,0.9,alignment_coverage_pn2_upper,6.410107016563416e-05,21,ok
payment_partial,toothpaste_noise10,activity_frequency_gradual,0.9,classical,0.0039035999216139,1,ok
payment_partial,toothpaste_noise10,activity_frequency_gradual,0.9,dv,5.4814325999468565,1,ok
payment_partial,toothpaste_noise10,activity_frequency_gradual,0.9,executions_cache,1.0100193321704865e-05,1,ok
payment_partial,toothpaste_noise10,activity_frequency_gradual,0.9,matchprob,6.298534572124481e-06,21,ok
payment_partial,toothpaste_noise10,activity_frequency_gradual,0.9,mean_leaf_skipprob,3.200024366378784e-06,1,ok
payment_partial,toothpaste_noise10,activity_frequency_gradual,0.9,salign_coverage,0.0001289001666009426,21,ok
payment_partial,toothpaste_noise10,activity_frequency_gradual,0.9,skipprob,6.699468940496445e-06,21,ok
payment_partial,toothpaste_noise10,activity_frequency_gradual,0.9,traces,0.0024791997857391,1,ok
payment_partial,toothpaste_noise10,activity_frequency_gradual,0.9,voidmass_deficit_lower,7.400289177894592e-06,21,ok
payment_partial,toothpaste_noise10,activity_frequency_gradual,0.9,voidmass_deficit_upper,5.999580025672913e-06,21,ok
payment_partial,toothpaste_noise10,activity_frequency_gradual,0.9,voidmass_movecount,5.7015568017959595e-06,21,ok
payment_partial,toothpaste_noise10,activity_frequency_gradual,0.9,voidmass_movecount_bound,5.401205271482468e-06,21,ok
payment_partial,toothpaste_noise10,activity_frequency_gradual,0.9,voidmass_process_lower,1.2400560081005096e-05,21,ok
payment_partial,toothpaste_noise10,activity_frequency_gradual,0.9,voidmass_process_upper,5.40073961019516e-06,21,ok
payment_partial,toothpaste_noise10,activity_frequency_gradual,0.9,voidsalign3,8.530030027031898e-05,21,ok
payment_partial,toothpaste_noise10,activity_frequency_gradual,0.9,voidsat2,0.00020040152594447136,21,ok
payment_partial,toothpaste_noise10,activity_frequency_gradual,0.9,weight_voidage,6.24009408056736e-05,21,ok
payment_partial,toothpaste_noise10,activity_gradual,0.1,aligned_duration_cache,0.0045725000090897,1,ok
payment_partial,toothpaste_noise10,activity_gradual,0.1,alignment_coverage_pn2_lower,0.0005835006013512182,21,ok
payment_partial,toothpaste_noise10,activity_gradual,0.1,alignment_coverage_pn2_upper,0.00038739992305636406,21,ok
payment_partial,toothpaste_noise10,activity_gradual,0.1,classical,0.0289803999476134,1,ok
payment_partial,toothpaste_noise10,activity_gradual,0.1,dv,6.726316700223833,1,ok
payment_partial,toothpaste_noise10,activity_gradual,0.1,executions_cache,9.499955922365189e-06,1,ok
payment_partial,toothpaste_noise10,activity_gradual,0.1,matchprob,7.200520485639572e-06,21,ok
payment_partial,toothpaste_noise10,activity_gradual,0.1,mean_leaf_skipprob,6.0996972024440765e-06,1,ok
payment_partial,toothpaste_noise10,activity_gradual,0.1,salign_coverage,0.0005917008966206569,21,ok
payment_partial,toothpaste_noise10,activity_gradual,0.1,skipprob,6.90016895532608e-06,21,ok
payment_partial,toothpaste_noise10,activity_gradual,0.1,traces,0.0045554996468126,1,ok
payment_partial,toothpaste_noise10,activity_gradual,0.1,voidmass_deficit_lower,8.700881153345108e-06,21,ok
payment_partial,toothpaste_noise10,activity_gradual,0.1,voidmass_deficit_upper,6.998889148235321e-06,21,ok
payment_partial,toothpaste_noise10,activity_gradual,0.1,voidmass_movecount,6.9998204708099365e-06,21,ok
payment_partial,toothpaste_noise10,activity_gradual,0.1,voidmass_movecount_bound,5.8002769947052e-06,21,ok
payment_partial,toothpaste_noise10,activity_gradual,0.1,voidmass_process_lower,7.0999376475811005e-06,21,ok
payment_partial,toothpaste_noise10,activity_gradual,0.1,voidmass_process_upper,6.299000233411789e-06,21,ok
payment_partial,toothpaste_noise10,activity_gradual,0.1,voidsalign3,0.0003926018252968788,21,ok
payment_partial,toothpaste_noise10,activity_gradual,0.1,voidsat2,0.0008934000506996793,21,ok
payment_partial,toothpaste_noise10,activity_gradual,0.1,weight_voidage,7.540034130215645e-05,21,ok
payment_partial,toothpaste_noise10,activity_gradual,0.2,aligned_duration_cache,0.0044299000874161,1,ok
payment_partial,toothpaste_noise10,activity_gradual,0.2,alignment_coverage_pn2_lower,0.0003237989731132443,21,ok
payment_partial,toothpaste_noise10,activity_gradual,0.2,alignment_coverage_pn2_upper,0.00022299960255622864,21,ok
payment_partial,toothpaste_noise10,activity_gradual,0.2,classical,0.0166174001060426,1,ok
payment_partial,toothpaste_noise10,activity_gradual,0.2,dv,6.587096500210464,1,ok
payment_partial,toothpaste_noise10,activity_gradual,0.2,executions_cache,1.29002146422863e-05,1,ok
payment_partial,toothpaste_noise10,activity_gradual,0.2,matchprob,5.8002769947052e-06,21,ok
payment_partial,toothpaste_noise10,activity_gradual,0.2,mean_leaf_skipprob,3.09990718960762e-06,1,ok
payment_partial,toothpaste_noise10,activity_gradual,0.2,salign_coverage,0.00037509994581336973,21,ok
payment_partial,toothpaste_noise10,activity_gradual,0.2,skipprob,6.600748747587204e-06,21,ok
payment_partial,toothpaste_noise10,activity_gradual,0.2,traces,0.0044113001786172,1,ok
payment_partial,toothpaste_noise10,activity_gradual,0.2,voidmass_deficit_lower,7.500406354665756e-06,21,ok
payment_partial,toothpaste_noise10,activity_gradual,0.2,voidmass_deficit_upper,5.800742655992508e-06,21,ok
payment_partial,toothpaste_noise10,activity_gradual,0.2,voidmass_movecount,5.800742655992508e-06,21,ok
payment_partial,toothpaste_noise10,activity_gradual,0.2,voidmass_movecount_bound,4.900619387626648e-06,21,ok
payment_partial,toothpaste_noise10,activity_gradual,0.2,voidmass_process_lower,5.6996941566467285e-06,21,ok
payment_partial,toothpaste_noise10,activity_gradual,0.2,voidmass_process_upper,5.000736564397812e-06,21,ok
payment_partial,toothpaste_noise10,activity_gradual,0.2,voidsalign3,0.00025319913402199745,21,ok
payment_partial,toothpaste_noise10,activity_gradual,0.2,voidsat2,0.000711900647729625,21,ok
payment_partial,toothpaste_noise10,activity_gradual,0.2,weight_voidage,5.87007962167263e-05,21,ok
payment_partial,toothpaste_noise10,activity_gradual,0.3,aligned_duration_cache,0.0043191998265683,1,ok
payment_partial,toothpaste_noise10,activity_gradual,0.3,alignment_coverage_pn2_lower,0.00037779891863458164,21,ok
payment_partial,toothpaste_noise10,activity_gradual,0.3,alignment_coverage_pn2_upper,0.0002598012797534466,21,ok
payment_partial,toothpaste_noise10,activity_gradual,0.3,classical,0.0176973999477922,1,ok
payment_partial,toothpaste_noise10,activity_gradual,0.3,dv,6.649909900035709,1,ok
payment_partial,toothpaste_noise10,activity_gradual,0.3,executions_cache,1.0299962013959885e-05,1,ok
payment_partial,toothpaste_noise10,activity_gradual,0.3,matchprob,6.499234586954117e-06,21,ok
payment_partial,toothpaste_noise10,activity_gradual,0.3,mean_leaf_skipprob,3.3997930586338043e-06,1,ok
payment_partial,toothpaste_noise10,activity_gradual,0.3,salign_coverage,0.00044930074363937076,21,ok
payment_partial,toothpaste_noise10,activity_gradual,0.3,skipprob,6.299465894699097e-06,21,ok
payment_partial,toothpaste_noise10,activity_gradual,0.3,traces,0.00430339993909,1,ok
payment_partial,toothpaste_noise10,activity_gradual,0.3,voidmass_deficit_lower,7.198657840490341e-06,21,ok
payment_partial,toothpaste_noise10,activity_gradual,0.3,voidmass_deficit_upper,6.598886102437973e-06,21,ok
payment_partial,toothpaste_noise10,activity_gradual,0.3,voidmass_movecount,5.899462848901749e-06,21,ok
payment_partial,toothpaste_noise10,activity_gradual,0.3,voidmass_movecount_bound,5.700625479221344e-06,21,ok
payment_partial,toothpaste_noise10,activity_gradual,0.3,voidmass_process_lower,6.200745701789856e-06,21,ok
payment_partial,toothpaste_noise10,activity_gradual,0.3,voidmass_process_upper,5.899928510189056e-06,21,ok
payment_partial,toothpaste_noise10,activity_gradual,0.3,voidsalign3,0.00031220074743032455,21,ok
payment_partial,toothpaste_noise10,activity_gradual,0.3,voidsat2,0.0007994989864527275,21,ok
payment_partial,toothpaste_noise10,activity_gradual,0.3,weight_voidage,5.819927901029587e-05,21,ok
payment_partial,toothpaste_noise10,activity_gradual,0.4,aligned_duration_cache,0.0044885003007948,1,ok
payment_partial,toothpaste_noise10,activity_gradual,0.4,alignment_coverage_pn2_lower,0.0003051003441213599,21,ok
payment_partial,toothpaste_noise10,activity_gradual,0.4,alignment_coverage_pn2_upper,0.00021079927682876587,21,ok
payment_partial,toothpaste_noise10,activity_gradual,0.4,classical,0.0151456999592483,1,ok
payment_partial,toothpaste_noise10,activity_gradual,0.4,dv,6.483414100017399,1,ok
payment_partial,toothpaste_noise10,activity_gradual,0.4,executions_cache,1.180032268166542e-05,1,ok
payment_partial,toothpaste_noise10,activity_gradual,0.4,matchprob,6.400048732757568e-06,21,ok
payment_partial,toothpaste_noise10,activity_gradual,0.4,mean_leaf_skipprob,3.699678927659989e-06,1,ok
payment_partial,toothpaste_noise10,activity_gradual,0.4,salign_coverage,0.00040119979530566126,21,ok
payment_partial,toothpaste_noise10,activity_gradual,0.4,skipprob,6.4997002482414246e-06,21,ok
payment_partial,toothpaste_noise10,activity_gradual,0.4,traces,0.0044696000404655,1,ok
payment_partial,toothpaste_noise10,activity_gradual,0.4,voidmass_deficit_lower,7.699243724346161e-06,21,ok
payment_partial,toothpaste_noise10,activity_gradual,0.4,voidmass_deficit_upper,6.299465894699097e-06,21,ok
payment_partial,toothpaste_noise10,activity_gradual,0.4,voidmass_movecount,5.699228495359421e-06,21,ok
payment_partial,toothpaste_noise10,activity_gradual,0.4,voidmass_movecount_bound,5.297362804412842e-06,21,ok
payment_partial,toothpaste_noise10,activity_gradual,0.4,voidmass_process_lower,6.198883056640625e-06,21,ok
payment_partial,toothpaste_noise10,activity_gradual,0.4,voidmass_process_upper,5.600973963737488e-06,21,ok
payment_partial,toothpaste_noise10,activity_gradual,0.4,voidsalign3,0.0002609998919069767,21,ok
payment_partial,toothpaste_noise10,activity_gradual,0.4,voidsat2,0.0007781996391713554,21,ok
payment_partial,toothpaste_noise10,activity_gradual,0.4,weight_voidage,5.960091948509216e-05,21,ok
payment_partial,toothpaste_noise10,activity_gradual,0.5,aligned_duration_cache,0.0042850999161601,1,ok
payment_partial,toothpaste_noise10,activity_gradual,0.5,alignment_coverage_pn2_lower,0.0003560008481144028,21,ok
payment_partial,toothpaste_noise10,activity_gradual,0.5,alignment_coverage_pn2_upper,0.0002549998462200165,21,ok
payment_partial,toothpaste_noise10,activity_gradual,0.5,classical,0.0169449001550674,1,ok
payment_partial,toothpaste_noise10,activity_gradual,0.5,dv,6.357277600094676,1,ok
payment_partial,toothpaste_noise10,activity_gradual,0.5,executions_cache,1.0499730706214905e-05,1,ok
payment_partial,toothpaste_noise10,activity_gradual,0.5,matchprob,6.4997002482414246e-06,21,ok
payment_partial,toothpaste_noise10,activity_gradual,0.5,mean_leaf_skipprob,3.3997930586338043e-06,1,ok
payment_partial,toothpaste_noise10,activity_gradual,0.5,salign_coverage,0.0004364009946584555,21,ok
payment_partial,toothpaste_noise10,activity_gradual,0.5,skipprob,6.800983101129532e-06,21,ok
payment_partial,toothpaste_noise10,activity_gradual,0.5,traces,0.0042683999054133,1,ok
payment_partial,toothpaste_noise10,activity_gradual,0.5,voidmass_deficit_lower,7.6000578701496124e-06,21,ok
payment_partial,toothpaste_noise10,activity_gradual,0.5,voidmass_deficit_upper,5.498994141817093e-06,21,ok
payment_partial,toothpaste_noise10,activity_gradual,0.5,voidmass_movecount,5.500391125679016e-06,21,ok
payment_partial,toothpaste_noise10,activity_gradual,0.5,voidmass_movecount_bound,5.699228495359421e-06,21,ok
payment_partial,toothpaste_noise10,activity_gradual,0.5,voidmass_process_lower,6.300397217273712e-06,21,ok
payment_partial,toothpaste_noise10,activity_gradual,0.5,voidmass_process_upper,5.501322448253632e-06,21,ok
payment_partial,toothpaste_noise10,activity_gradual,0.5,voidsalign3,0.00030929967761039734,21,ok
payment_partial,toothpaste_noise10,activity_gradual,0.5,voidsat2,0.0006895000115036833,21,ok
payment_partial,toothpaste_noise10,activity_gradual,0.5,weight_voidage,5.9999991208314896e-05,21,ok
payment_partial,toothpaste_noise10,activity_gradual,0.6,aligned_duration_cache,0.004267499782145,1,ok
payment_partial,toothpaste_noise10,activity_gradual,0.6,alignment_coverage_pn2_lower,0.00028830068185916604,21,ok
payment_partial,toothpaste_noise10,activity_gradual,0.6,alignment_coverage_pn2_upper,0.00019859988242387772,21,ok
payment_partial,toothpaste_noise10,activity_gradual,0.6,classical,0.0142882000654935,1,ok
payment_partial,toothpaste_noise10,activity_gradual,0.6,dv,6.003910299856216,1,ok
payment_partial,toothpaste_noise10,activity_gradual,0.6,executions_cache,9.700190275907516e-06,1,ok
payment_partial,toothpaste_noise10,activity_gradual,0.6,matchprob,5.598645657300949e-06,21,ok
payment_partial,toothpaste_noise10,activity_gradual,0.6,mean_leaf_skipprob,3.400258719921112e-06,1,ok
payment_partial,toothpaste_noise10,activity_gradual,0.6,salign_coverage,0.00037199957296246727,21,ok
payment_partial,toothpaste_noise10,activity_gradual,0.6,skipprob,5.899928510189056e-06,21,ok
payment_partial,toothpaste_noise10,activity_gradual,0.6,traces,0.0042518000118434,1,ok
payment_partial,toothpaste_noise10,activity_gradual,0.6,voidmass_deficit_lower,7.799360901117325e-06,21,ok
payment_partial,toothpaste_noise10,activity_gradual,0.6,voidmass_deficit_upper,5.798880010843277e-06,21,ok
payment_partial,toothpaste_noise10,activity_gradual,0.6,voidmass_movecount,5.7998113334178925e-06,21,ok
payment_partial,toothpaste_noise10,activity_gradual,0.6,voidmass_movecount_bound,5.40073961019516e-06,21,ok
payment_partial,toothpaste_noise10,activity_gradual,0.6,voidmass_process_lower,6.100628525018692e-06,21,ok
payment_partial,toothpaste_noise10,activity_gradual,0.6,voidmass_process_upper,5.8002769947052e-06,21,ok
payment_partial,toothpaste_noise10,activity_gradual,0.6,voidsalign3,0.00024739978834986687,21,ok
payment_partial,toothpaste_noise10,activity_gradual,0.6,voidsat2,0.0006460002623497961,21,ok
payment_partial,toothpaste_noise10,activity_gradual,0.6,weight_voidage,5.8098696172237396e-05,21,ok
payment_partial,toothpaste_noise10,activity_gradual,0.7,aligned_duration_cache,0.0036774999462068,1,ok
payment_partial,toothpaste_noise10,activity_gradual,0.7,alignment_coverage_pn2_lower,0.0001993994228541851,21,ok
payment_partial,toothpaste_noise10,activity_gradual,0.7,alignment_coverage_pn2_upper,0.00012949993833899498,21,ok
payment_partial,toothpaste_noise10,activity_gradual,0.7,classical,0.0126308999024331,1,ok
payment_partial,toothpaste_noise10,activity_gradual,0.7,dv,5.916468599811196,1,ok
payment_partial,toothpaste_noise10,activity_gradual,0.7,executions_cache,9.799841791391373e-06,1,ok
payment_partial,toothpaste_noise10,activity_gradual,0.7,matchprob,6.000977009534836e-06,21,ok
payment_partial,toothpaste_noise10,activity_gradual,0.7,mean_leaf_skipprob,3.300141543149948e-06,1,ok
payment_partial,toothpaste_noise10,activity_gradual,0.7,salign_coverage,0.00023590028285980225,21,ok
payment_partial,toothpaste_noise10,activity_gradual,0.7,skipprob,6.602145731449127e-06,21,ok
payment_partial,toothpaste_noise10,activity_gradual,0.7,traces,0.0036610998213291,1,ok
payment_partial,toothpaste_noise10,activity_gradual,0.7,voidmass_deficit_lower,7.500406354665756e-06,21,ok
payment_partial,toothpaste_noise10,activity_gradual,0.7,voidmass_deficit_upper,6.301328539848328e-06,21,ok
payment_partial,toothpaste_noise10,activity_gradual,0.7,voidmass_movecount,6.0996972024440765e-06,21,ok
payment_partial,toothpaste_noise10,activity_gradual,0.7,voidmass_movecount_bound,5.1995739340782166e-06,21,ok
payment_partial,toothpaste_noise10,activity_gradual,0.7,voidmass_process_lower,6.099231541156769e-06,21,ok
payment_partial,toothpaste_noise10,activity_gradual,0.7,voidmass_process_upper,5.200039595365524e-06,21,ok
payment_partial,toothpaste_noise10,activity_gradual,0.7,voidsalign3,0.00015369942411780357,21,ok
payment_partial,toothpaste_noise10,activity_gradual,0.7,voidsat2,0.0003815004602074623,21,ok
payment_partial,toothpaste_noise10,activity_gradual,0.7,weight_voidage,6.0801394283771515e-05,21,ok
payment_partial,toothpaste_noise10,activity_gradual,0.8,aligned_duration_cache,0.003480200190097,1,ok
payment_partial,toothpaste_noise10,activity_gradual,0.8,alignment_coverage_pn2_lower,0.00014319969341158867,21,ok
payment_partial,toothpaste_noise10,activity_gradual,0.8,alignment_coverage_pn2_upper,9.649991989135742e-05,21,ok
payment_partial,toothpaste_noise10,activity_gradual,0.8,classical,0.0079880999401211,1,ok
payment_partial,toothpaste_noise10,activity_gradual,0.8,dv,5.820163100026548,1,ok
payment_partial,toothpaste_noise10,activity_gradual,0.8,executions_cache,8.999835699796677e-06,1,ok
payment_partial,toothpaste_noise10,activity_gradual,0.8,matchprob,6.400048732757568e-06,21,ok
payment_partial,toothpaste_noise10,activity_gradual,0.8,mean_leaf_skipprob,3.4999102354049683e-06,1,ok
payment_partial,toothpaste_noise10,activity_gradual,0.8,salign_coverage,0.00017800088971853256,21,ok
payment_partial,toothpaste_noise10,activity_gradual,0.8,skipprob,6.5998174250125885e-06,21,ok
payment_partial,toothpaste_noise10,activity_gradual,0.8,traces,0.0034339996054768,1,ok
payment_partial,toothpaste_noise10,activity_gradual,0.8,voidmass_deficit_lower,7.699243724346161e-06,21,ok
payment_partial,toothpaste_noise10,activity_gradual,0.8,voidmass_deficit_upper,5.898531526327133e-06,21,ok
payment_partial,toothpaste_noise10,activity_gradual,0.8,voidmass_movecount,5.600042641162872e-06,21,ok
payment_partial,toothpaste_noise10,activity_gradual,0.8,voidmass_movecount_bound,5.100388079881668e-06,21,ok
payment_partial,toothpaste_noise10,activity_gradual,0.8,voidmass_process_lower,5.700159817934036e-06,21,ok
payment_partial,toothpaste_noise10,activity_gradual,0.8,voidmass_process_upper,5.098991096019745e-06,21,ok
payment_partial,toothpaste_noise10,activity_gradual,0.8,voidsalign3,0.00011159945279359818,21,ok
payment_partial,toothpaste_noise10,activity_gradual,0.8,voidsat2,0.00029319943860173225,21,ok
payment_partial,toothpaste_noise10,activity_gradual,0.8,weight_voidage,5.830032750964165e-05,21,ok
payment_partial,toothpaste_noise10,activity_gradual,0.9,aligned_duration_cache,0.00241390010342,1,ok
payment_partial,toothpaste_noise10,activity_gradual,0.9,alignment_coverage_pn2_lower,8.340040221810341e-05,21,ok
payment_partial,toothpaste_noise10,activity_gradual,0.9,alignment_coverage_pn2_upper,5.5699609220027924e-05,21,ok
payment_partial,toothpaste_noise10,activity_gradual,0.9,classical,0.0039355000481009,1,ok
payment_partial,toothpaste_noise10,activity_gradual,0.9,dv,5.628637299872935,1,ok
payment_partial,toothpaste_noise10,activity_gradual,0.9,executions_cache,1.00000761449337e-05,1,ok
payment_partial,toothpaste_noise10,activity_gradual,0.9,matchprob,6.601214408874512e-06,21,ok
payment_partial,toothpaste_noise10,activity_gradual,0.9,mean_leaf_skipprob,3.400258719921112e-06,1,ok
payment_partial,toothpaste_noise10,activity_gradual,0.9,salign_coverage,9.429967030882835e-05,21,ok
payment_partial,toothpaste_noise10,activity_gradual,0.9,skipprob,6.2016770243644714e-06,21,ok
payment_partial,toothpaste_noise10,activity_gradual,0.9,traces,0.0024000001139938,1,ok
payment_partial,toothpaste_noise10,activity_gradual,0.9,voidmass_deficit_lower,7.098540663719177e-06,21,ok
payment_partial,toothpaste_noise10,activity_gradual,0.9,voidmass_deficit_upper,6.301794201135635e-06,21,ok
payment_partial,toothpaste_noise10,activity_gradual,0.9,voidmass_movecount,6.100162863731384e-06,21,ok
payment_partial,toothpaste_noise10,activity_gradual,0.9,voidmass_movecount_bound,5.498994141817093e-06,21,ok
payment_partial,toothpaste_noise10,activity_gradual,0.9,voidmass_process_lower,6.399117410182953e-06,21,ok
payment_partial,toothpaste_noise10,activity_gradual,0.9,voidmass_process_upper,5.399342626333237e-06,21,ok
payment_partial,toothpaste_noise10,activity_gradual,0.9,voidsalign3,6.379885599017143e-05,21,ok
payment_partial,toothpaste_noise10,activity_gradual,0.9,voidsat2,0.00013329926878213882,21,ok
payment_partial,toothpaste_noise10,activity_gradual,0.9,weight_voidage,6.32009468972683e-05,21,ok
payment_partial,toothpaste_noise10,trace,0.1,aligned_duration_cache,0.0040342998690903,1,ok
payment_partial,toothpaste_noise10,trace,0.1,alignment_coverage_pn2_lower,0.0003387993201612912,21,ok
payment_partial,toothpaste_noise10,trace,0.1,alignment_coverage_pn2_upper,0.00023979973047971725,21,ok
payment_partial,toothpaste_noise10,trace,0.1,classical,0.0171986003406345,1,ok
payment_partial,toothpaste_noise10,trace,0.1,dv,6.181021700147539,1,ok
payment_partial,toothpaste_noise10,trace,0.1,executions_cache,9.400304406881332e-06,1,ok
payment_partial,toothpaste_noise10,trace,0.1,matchprob,6.200745701789856e-06,21,ok
payment_partial,toothpaste_noise10,trace,0.1,mean_leaf_skipprob,3.09990718960762e-06,1,ok
payment_partial,toothpaste_noise10,trace,0.1,salign_coverage,0.00037260027602312233,21,ok
payment_partial,toothpaste_noise10,trace,0.1,skipprob,6.301328539848328e-06,21,ok
payment_partial,toothpaste_noise10,trace,0.1,traces,0.0040172999724745,1,ok
payment_partial,toothpaste_noise10,trace,0.1,voidmass_deficit_lower,7.499475032091141e-06,21,ok
payment_partial,toothpaste_noise10,trace,0.1,voidmass_deficit_upper,6.601214408874512e-06,21,ok
payment_partial,toothpaste_noise10,trace,0.1,voidmass_movecount,6.00004568696022e-06,21,ok
payment_partial,toothpaste_noise10,trace,0.1,voidmass_movecount_bound,5.700625479221344e-06,21,ok
payment_partial,toothpaste_noise10,trace,0.1,voidmass_process_lower,6.100162863731384e-06,21,ok
payment_partial,toothpaste_noise10,trace,0.1,voidmass_process_upper,5.499459803104401e-06,21,ok
payment_partial,toothpaste_noise10,trace,0.1,voidsalign3,0.00024590035900473595,21,ok
payment_partial,toothpaste_noise10,trace,0.1,voidsat2,0.0008271997794508343,21,ok
payment_partial,toothpaste_noise10,trace,0.1,weight_voidage,5.979882553219795e-05,21,ok
payment_partial,toothpaste_noise10,trace,0.2,aligned_duration_cache,0.0034584002569317,1,ok
payment_partial,toothpaste_noise10,trace,0.2,alignment_coverage_pn2_lower,0.00033089937642209126,21,ok
payment_partial,toothpaste_noise10,trace,0.2,alignment_coverage_pn2_upper,0.00023709982633590698,21,ok
payment_partial,toothpaste_noise10,trace,0.2,classical,0.0166786997579038,1,ok
payment_partial,toothpaste_noise10,trace,0.2,dv,6.16997060040012,1,ok
payment_partial,toothpaste_noise10,trace,0.2,executions_cache,9.399838745594025e-06,1,ok
payment_partial,toothpaste_noise10,trace,0.2,matchprob,6.098765879869461e-06,21,ok
payment_partial,toothpaste_noise10,trace,0.2,mean_leaf_skipprob,3.000255674123764e-06,1,ok
payment_partial,toothpaste_noise10,trace,0.2,salign_coverage,0.00035689957439895937,21,ok
payment_partial,toothpaste_noise10,trace,0.2,skipprob,6.399583071470261e-06,21,ok
payment_partial,toothpaste_noise10,trace,0.2,traces,0.0034444998018443,1,ok
payment_partial,toothpaste_noise10,trace,0.2,voidmass_deficit_lower,7.60052353143692e-06,21,ok
payment_partial,toothpaste_noise10,trace,0.2,voidmass_deficit_upper,6.00004568696022e-06,21,ok
payment_partial,toothpaste_noise10,trace,0.2,voidmass_movecount,5.800742655992508e-06,21,ok
payment_partial,toothpaste_noise10,trace,0.2,voidmass_movecount_bound,5.100853741168976e-06,21,ok
payment_partial,toothpaste_noise10,trace,0.2,voidmass_process_lower,6.1998143792152405e-06,21,ok
payment_partial,toothpaste_noise10,trace,0.2,voidmass_process_upper,5.699228495359421e-06,21,ok
payment_partial,toothpaste_noise10,trace,0.2,voidsalign3,0.00024959957227110863,21,ok
payment_partial,toothpaste_noise10,trace,0.2,voidsat2,0.0007021003402769557,21,ok
payment_partial,toothpaste_noise10,trace,0.2,weight_voidage,5.8199744671583176e-05,21,ok
payment_partial,toothpaste_noise10,trace,0.3,aligned_duration_cache,0.0035366998054087,1,ok
payment_partial,toothpaste_noise10,trace,0.3,alignment_coverage_pn2_lower,0.00034710019826881053,21,ok
payment_partial,toothpaste_noise10,trace,0.3,alignment_coverage_pn2_upper,0.00023540062829852104,21,ok
payment_partial,toothpaste_noise10,trace,0.3,classical,0.0169187001883983,1,ok
payment_partial,toothpaste_noise10,trace,0.3,dv,6.112216299865395,1,ok
payment_partial,toothpaste_noise10,trace,0.3,executions_cache,1.039961352944374e-05,1,ok
payment_partial,toothpaste_noise10,trace,0.3,matchprob,6.300397217273712e-06,21,ok
payment_partial,toothpaste_noise10,trace,0.3,mean_leaf_skipprob,3.400258719921112e-06,1,ok
payment_partial,toothpaste_noise10,trace,0.3,salign_coverage,0.0003687995485960593,21,ok
payment_partial,toothpaste_noise10,trace,0.3,skipprob,6.200745701789856e-06,21,ok
payment_partial,toothpaste_noise10,trace,0.3,traces,0.003520400263369,1,ok
payment_partial,toothpaste_noise10,trace,0.3,voidmass_deficit_lower,7.899943739175797e-06,21,ok
payment_partial,toothpaste_noise10,trace,0.3,voidmass_deficit_upper,5.8980658650398254e-06,21,ok
payment_partial,toothpaste_noise10,trace,0.3,voidmass_movecount,5.2996911108493805e-06,21,ok
payment_partial,toothpaste_noise10,trace,0.3,voidmass_movecount_bound,4.8996880650520325e-06,21,ok
payment_partial,toothpaste_noise10,trace,0.3,voidmass_process_lower,5.700625479221344e-06,21,ok
payment_partial,toothpaste_noise10,trace,0.3,voidmass_process_upper,5.401670932769775e-06,21,ok
payment_partial,toothpaste_noise10,trace,0.3,voidsalign3,0.0002455003559589386,21,ok
payment_partial,toothpaste_noise10,trace,0.3,voidsat2,0.0006881994195281719,21,ok
payment_partial,toothpaste_noise10,trace,0.3,weight_voidage,5.8200210332870483e-05,21,ok
payment_partial,toothpaste_noise10,trace,0.4,aligned_duration_cache,0.0031644999980926,1,ok
payment_partial,toothpaste_noise10,trace,0.4,alignment_coverage_pn2_lower,0.0003476999700068762,21,ok
payment_partial,toothpaste_noise10,trace,0.4,alignment_coverage_pn2_upper,0.00022909976541996002,21,ok
payment_partial,toothpaste_noise10,trace,0.4,classical,0.01670189993456,1,ok
payment_partial,toothpaste_noise10,trace,0.4,dv,6.166467399802059,1,ok
payment_partial,toothpaste_noise10,trace,0.4,executions_cache,1.00000761449337e-05,1,ok
payment_partial,toothpaste_noise10,trace,0.4,matchprob,5.999580025672913e-06,21,ok
payment_partial,toothpaste_noise10,trace,0.4,mean_leaf_skipprob,3.2996758818626404e-06,1,ok
payment_partial,toothpaste_noise10,trace,0.4,salign_coverage,0.00037190085276952116,21,ok
payment_partial,toothpaste_noise10,trace,0.4,skipprob,6.598886102437973e-06,21,ok
payment_partial,toothpaste_noise10,trace,0.4,traces,0.0031483997590839,1,ok
payment_partial,toothpaste_noise10,trace,0.4,voidmass_deficit_lower,7.499009370803833e-06,21,ok
payment_partial,toothpaste_noise10,trace,0.4,voidmass_deficit_upper,6.30086287856102e-06,21,ok
payment_partial,toothpaste_noise10,trace,0.4,voidmass_movecount,5.301088094711304e-06,21,ok
payment_partial,toothpaste_noise10,trace,0.4,voidmass_movecount_bound,4.999805241823196e-06,21,ok
payment_partial,toothpaste_noise10,trace,0.4,voidmass_process_lower,5.399342626333237e-06,21,ok
payment_partial,toothpaste_noise10,trace,0.4,voidmass_process_upper,5.300156772136688e-06,21,ok
payment_partial,toothpaste_noise10,trace,0.4,voidsalign3,0.00025880010798573494,21,ok
payment_partial,toothpaste_noise10,trace,0.4,voidsat2,0.0005884007550775995,21,ok
payment_partial,toothpaste_noise10,trace,0.4,weight_voidage,5.98016194999218e-05,21,ok
payment_partial,toothpaste_noise10,trace,0.5,aligned_duration_cache,0.0029283002950251,1,ok
payment_partial,toothpaste_noise10,trace,0.5,alignment_coverage_pn2_lower,0.00027090078219771385,21,ok
payment_partial,toothpaste_noise10,trace,0.5,alignment_coverage_pn2_upper,0.0001834002323448658,21,ok
payment_partial,toothpaste_noise10,trace,0.5,classical,0.0137387998402118,1,ok
payment_partial,toothpaste_noise10,trace,0.5,dv,5.913723099976778,1,ok
payment_partial,toothpaste_noise10,trace,0.5,executions_cache,9.200070053339005e-06,1,ok
payment_partial,toothpaste_noise10,trace,0.5,matchprob,6.200280040502548e-06,21,ok
payment_partial,toothpaste_noise10,trace,0.5,mean_leaf_skipprob,3.3997930586338043e-06,1,ok
payment_partial,toothpaste_noise10,trace,0.5,salign_coverage,0.0002898992970585017,21,ok
payment_partial,toothpaste_noise10,trace,0.5,skipprob,6.200745701789856e-06,21,ok
payment_partial,toothpaste_noise10,trace,0.5,traces,0.0029114000499248,1,ok
payment_partial,toothpaste_noise10,trace,0.5,voidmass_deficit_lower,7.398892194032669e-06,21,ok
payment_partial,toothpaste_noise10,trace,0.5,voidmass_deficit_upper,5.898531526327133e-06,21,ok
payment_partial,toothpaste_noise10,trace,0.5,voidmass_movecount,5.7998113334178925e-06,21,ok
payment_partial,toothpaste_noise10,trace,0.5,voidmass_movecount_bound,5.299225449562073e-06,21,ok
payment_partial,toothpaste_noise10,trace,0.5,voidmass_process_lower,6.200745701789856e-06,21,ok
payment_partial,toothpaste_noise10,trace,0.5,voidmass_process_upper,5.298759788274765e-06,21,ok
payment_partial,toothpaste_noise10,trace,0.5,voidsalign3,0.00019499799236655235,21,ok
payment_partial,toothpaste_noise10,trace,0.5,voidsat2,0.0004664999432861161,21,ok
payment_partial,toothpaste_noise10,trace,0.5,weight_voidage,5.6199729442596436e-05,21,ok
payment_partial,toothpaste_noise10,trace,0.6,aligned_duration_cache,0.002401300240308,1,ok
payment_partial,toothpaste_noise10,trace,0.6,alignment_coverage_pn2_lower,0.00022919988259673119,21,ok
payment_partial,toothpaste_noise10,trace,0.6,alignment_coverage_pn2_upper,0.00016510020941495895,21,ok
payment_partial,toothpaste_noise10,trace,0.6,classical,0.0109501001425087,1,ok
payment_partial,toothpaste_noise10,trace,0.6,dv,5.764794699847698,1,ok
payment_partial,toothpaste_noise10,trace,0.6,executions_cache,9.200070053339005e-06,1,ok
payment_partial,toothpaste_noise10,trace,0.6,matchprob,6.100162863731384e-06,21,ok
payment_partial,toothpaste_noise10,trace,0.6,mean_leaf_skipprob,3.400258719921112e-06,1,ok
payment_partial,toothpaste_noise10,trace,0.6,salign_coverage,0.0002466011792421341,21,ok
payment_partial,toothpaste_noise10,trace,0.6,skipprob,6.100162863731384e-06,21,ok
payment_partial,toothpaste_noise10,trace,0.6,traces,0.0023853997699916,1,ok
payment_partial,toothpaste_noise10,trace,0.6,voidmass_deficit_lower,7.200520485639572e-06,21,ok
payment_partial,toothpaste_noise10,trace,0.6,voidmass_deficit_upper,6.099231541156769e-06,21,ok
payment_partial,toothpaste_noise10,trace,0.6,voidmass_movecount,5.400273948907852e-06,21,ok
payment_partial,toothpaste_noise10,trace,0.6,voidmass_movecount_bound,5.001667886972427e-06,21,ok
payment_partial,toothpaste_noise10,trace,0.6,voidmass_process_lower,5.40073961019516e-06,21,ok
payment_partial,toothpaste_noise10,trace,0.6,voidmass_process_upper,4.799105226993561e-06,21,ok
payment_partial,toothpaste_noise10,trace,0.6,voidsalign3,0.00016989978030323982,21,ok
payment_partial,toothpaste_noise10,trace,0.6,voidsat2,0.00040639936923980713,21,ok
payment_partial,toothpaste_noise10,trace,0.6,weight_voidage,5.72986900806427e-05,21,ok
payment_partial,toothpaste_noise10,trace,0.7,aligned_duration_cache,0.00202800007537,1,ok
payment_partial,toothpaste_noise10,trace,0.7,alignment_coverage_pn2_lower,0.00018380116671323776,21,ok
payment_partial,toothpaste_noise10,trace,0.7,alignment_coverage_pn2_upper,0.00012070033699274063,21,ok
payment_partial,toothpaste_noise10,trace,0.7,classical,0.0080829998478293,1,ok
payment_partial,toothpaste_noise10,trace,0.7,dv,5.719060500152409,1,ok
payment_partial,toothpaste_noise10,trace,0.7,executions_cache,9.29972156882286e-06,1,ok
payment_partial,toothpaste_noise10,trace,0.7,matchprob,6.499234586954117e-06,21,ok
payment_partial,toothpaste_noise10,trace,0.7,mean_leaf_skipprob,3.300141543149948e-06,1,ok
payment_partial,toothpaste_noise10,trace,0.7,salign_coverage,0.0001989002339541912,21,ok
payment_partial,toothpaste_noise10,trace,0.7,skipprob,6.4997002482414246e-06,21,ok
payment_partial,toothpaste_noise10,trace,0.7,traces,0.0020121000707149,1,ok
payment_partial,toothpaste_noise10,trace,0.7,voidmass_deficit_lower,7.499009370803833e-06,21,ok
payment_partial,toothpaste_noise10,trace,0.7,voidmass_deficit_upper,5.998648703098297e-06,21,ok
payment_partial,toothpaste_noise10,trace,0.7,voidmass_movecount,5.699228495359421e-06,21,ok
payment_partial,toothpaste_noise10,trace,0.7,voidmass_movecount_bound,5.302950739860535e-06,21,ok
payment_partial,toothpaste_noise10,trace,0.7,voidmass_process_lower,5.699228495359421e-06,21,ok
payment_partial,toothpaste_noise10,trace,0.7,voidmass_process_upper,5.800742655992508e-06,21,ok
payment_partial,toothpaste_noise10,trace,0.7,voidsalign3,0.00013970118016004562,21,ok
payment_partial,toothpaste_noise10,trace,0.7,voidsat2,0.0003596991300582886,21,ok
payment_partial,toothpaste_noise10,trace,0.7,weight_voidage,5.609961226582527e-05,21,ok
payment_partial,toothpaste_noise10,trace,0.8,aligned_duration_cache,0.0020542000420391,1,ok
payment_partial,toothpaste_noise10,trace,0.8,alignment_coverage_pn2_lower,0.00017780018970370293,21,ok
payment_partial,toothpaste_noise10,trace,0.8,alignment_coverage_pn2_upper,0.0001200004480779171,21,ok
payment_partial,toothpaste_noise10,trace,0.8,classical,0.0079918000847101,1,ok
payment_partial,toothpaste_noise10,trace,0.8,dv,5.771367399953306,1,ok
payment_partial,toothpaste_noise10,trace,0.8,executions_cache,1.00000761449337e-05,1,ok
payment_partial,toothpaste_noise10,trace,0.8,matchprob,6.800517439842224e-06,21,ok
payment_partial,toothpaste_noise10,trace,0.8,mean_leaf_skipprob,3.3997930586338043e-06,1,ok
payment_partial,toothpaste_noise10,trace,0.8,salign_coverage,0.00020059989765286446,21,ok
payment_partial,toothpaste_noise10,trace,0.8,skipprob,6.398186087608337e-06,21,ok
payment_partial,toothpaste_noise10,trace,0.8,traces,0.0020379996858537,1,ok
payment_partial,toothpaste_noise10,trace,0.8,voidmass_deficit_lower,7.899478077888489e-06,21,ok
payment_partial,toothpaste_noise10,trace,0.8,voidmass_deficit_upper,5.998648703098297e-06,21,ok
payment_partial,toothpaste_noise10,trace,0.8,voidmass_movecount,5.998183041810989e-06,21,ok
payment_partial,toothpaste_noise10,trace,0.8,voidmass_movecount_bound,5.401205271482468e-06,21,ok
payment_partial,toothpaste_noise10,trace,0.8,voidmass_process_lower,6.600283086299896e-06,21,ok
payment_partial,toothpaste_noise10,trace,0.8,voidmass_process_upper,5.998648703098297e-06,21,ok
payment_partial,toothpaste_noise10,trace,0.8,voidsalign3,0.00013919873163104057,21,ok
payment_partial,toothpaste_noise10,trace,0.8,voidsat2,0.00034170038998126984,21,ok
payment_partial,toothpaste_noise10,trace,0.8,weight_voidage,5.970103666186333e-05,21,ok
payment_partial,toothpaste_noise10,trace,0.9,aligned_duration_cache,0.0014865999110043,1,ok
payment_partial,toothpaste_noise10,trace,0.9,alignment_coverage_pn2_lower,0.00011250097304582596,21,ok
payment_partial,toothpaste_noise10,trace,0.9,alignment_coverage_pn2_upper,7.999921217560768e-05,21,ok
payment_partial,toothpaste_noise10,trace,0.9,classical,0.0046792002394795,1,ok
payment_partial,toothpaste_noise10,trace,0.9,dv,5.386518700048328,1,ok
payment_partial,toothpaste_noise10,trace,0.9,executions_cache,8.999835699796677e-06,1,ok
payment_partial,toothpaste_noise10,trace,0.9,matchprob,6.100162863731384e-06,21,ok
payment_partial,toothpaste_noise10,trace,0.9,mean_leaf_skipprob,3.4999102354049683e-06,1,ok
payment_partial,toothpaste_noise10,trace,0.9,salign_coverage,0.00013869954273104668,21,ok
payment_partial,toothpaste_noise10,trace,0.9,skipprob,6.400980055332184e-06,21,ok
payment_partial,toothpaste_noise10,trace,0.9,traces,0.0014728000387549,1,ok
payment_partial,toothpaste_noise10,trace,0.9,voidmass_deficit_lower,7.200520485639572e-06,21,ok
payment_partial,toothpaste_noise10,trace,0.9,voidmass_deficit_upper,5.6996941566467285e-06,21,ok
payment_partial,toothpaste_noise10,trace,0.9,voidmass_movecount,5.60050830245018e-06,21,ok
payment_partial,toothpaste_noise10,trace,0.9,voidmass_movecount_bound,5.099456757307053e-06,21,ok
payment_partial,toothpaste_noise10,trace,0.9,voidmass_process_lower,5.501322448253632e-06,21,ok
payment_partial,toothpaste_noise10,trace,0.9,voidmass_process_upper,5.3015537559986115e-06,21,ok
payment_partial,toothpaste_noise10,trace,0.9,voidsalign3,9.79006290435791e-05,21,ok
payment_partial,toothpaste_noise10,trace,0.9,voidsat2,0.0002393992617726326,21,ok
payment_partial,toothpaste_noise10,trace,0.9,weight_voidage,5.530053749680519e-05,21,ok
payment_partial,toothpaste_noise10,,0.0,aligned_duration_cache,0.0043917000293731,1,ok
payment_partial,toothpaste_noise10,,0.0,alignment_coverage_pn2_lower,0.00032640015706410035,21,ok
payment_partial,toothpaste_noise10,,0.0,alignment_coverage_pn2_upper,0.00022990163415670395,21,ok
payment_partial,toothpaste_noise10,,0.0,classical,0.017799099907279,1,ok
payment_partial,toothpaste_noise10,,0.0,dv,6.42105000000447,1,ok
payment_partial,toothpaste_noise10,,0.0,executions_cache,1.1300202459096909e-05,1,ok
payment_partial,toothpaste_noise10,,0.0,matchprob,6.400980055332184e-06,21,ok
payment_partial,toothpaste_noise10,,0.0,mean_leaf_skipprob,3.09990718960762e-06,1,ok
payment_partial,toothpaste_noise10,,0.0,salign_coverage,0.000364000909030353,21,ok
payment_partial,toothpaste_noise10,,0.0,skipprob,6.100162863731384e-06,21,ok
payment_partial,toothpaste_noise10,,0.0,traces,0.0043723001144826,1,ok
payment_partial,toothpaste_noise10,,0.0,voidmass_deficit_lower,7.60052353143692e-06,21,ok
payment_partial,toothpaste_noise10,,0.0,voidmass_deficit_upper,5.799345672130585e-06,21,ok
payment_partial,toothpaste_noise10,,0.0,voidmass_movecount,5.098525434732437e-06,21,ok
payment_partial,toothpaste_noise10,,0.0,voidmass_movecount_bound,4.90015372633934e-06,21,ok
payment_partial,toothpaste_noise10,,0.0,voidmass_process_lower,5.500391125679016e-06,21,ok
payment_partial,toothpaste_noise10,,0.0,voidmass_process_upper,5.500391125679016e-06,21,ok
payment_partial,toothpaste_noise10,,0.0,voidsalign3,0.00024979980662465096,21,ok
payment_partial,toothpaste_noise10,,0.0,voidsat2,0.0008130995556711682,21,ok
payment_partial,toothpaste_noise10,,0.0,weight_voidage,5.930103361606598e-05,21,ok
