log,combo,degradation_dim,degradation_level,metric_or_stage,seconds,rows,status
payment_approval,inductive_noise20,activity_frequency_gradual,0.1,aligned_duration_cache,0.0028949999250471,1,ok
payment_approval,inductive_noise20,activity_frequency_gradual,0.1,alignment_coverage_pn2_lower,0.00011519948020577431,9,ok
payment_approval,inductive_noise20,activity_frequency_gradual,0.1,alignment_coverage_pn2_upper,6.810016930103302e-05,9,ok
payment_approval,inductive_noise20,activity_frequency_gradual,0.1,classical,0.010908399708569,1,ok
payment_approval,inductive_noise20,activity_frequency_gradual,0.1,dv,5.8581757000647485,1,ok
payment_approval,inductive_noise20,activity_frequency_gradual,0.1,executions_cache,3.200024366378784e-06,1,ok
payment_approval,inductive_noise20,activity_frequency_gradual,0.1,matchprob,2.800021320581436e-06,9,ok
payment_approval,inductive_noise20,activity_frequency_gradual,0.1,mean_leaf_skipprob,2.699904143810272e-06,1,ok
payment_approval,inductive_noise20,activity_frequency_gradual,0.1,salign_coverage,0.00014770077541470528,9,ok
payment_approval,inductive_noise20,activity_frequency_gradual,0.1,skipprob,3.400258719921112e-06,9,ok
payment_approval,inductive_noise20,activity_frequency_gradual,0.1,traces,0.0028828997164964,1,ok
payment_approval,inductive_noise20,activity_frequency_gradual,0.1,voidmass_deficit_lower,4.800036549568176e-06,9,ok
payment_approval,inductive_noise20,activity_frequency_gradual,0.1,voidmass_deficit_upper,2.70036980509758e-06,9,ok
payment_approval,inductive_noise20,activity_frequency_gradual,0.1,voidmass_movecount,2.4009495973587036e-06,9,ok
payment_approval,inductive_noise20,activity_frequency_gradual,0.1,voidmass_movecount_bound,2.800021320581436e-06,9,ok
payment_approval,inductive_noise20,activity_frequency_gradual,0.1,voidmass_process_lower,3.1008385121822357e-06,9,ok
payment_approval,inductive_noise20,activity_frequency_gradual,0.1,voidmass_process_upper,2.7995556592941284e-06,9,ok
payment_approval,inductive_noise20,activity_frequency_gradual,0.1,voidsalign3,8.329935371875763e-05,9,ok
payment_approval,inductive_noise20,activity_frequency_gradual,0.1,voidsat2,0.0003259005025028475,9,ok
payment_approval,inductive_noise20,activity_frequency_gradual,0.1,weight_voidage,1.6598962247371674e-05,9,ok
payment_approval,inductive_noise20,activity_frequency_gradual,0.2,aligned_duration_cache,0.0028182002715766,1,ok
payment_approval,inductive_noise20,activity_frequency_gradual,0.2,alignment_coverage_pn2_lower,0.00010850047692656517,9,ok
payment_approval,inductive_noise20,activity_frequency_gradual,0.2,alignment_coverage_pn2_upper,6.299931555986404e-05,9,ok
payment_approval,inductive_noise20,activity_frequency_gradual,0.2,classical,0.010120800230652,1,ok
payment_approval,inductive_noise20,activity_frequency_gradual,0.2,dv,5.897836099844426,1,ok
payment_approval,inductive_noise20,activity_frequency_gradual,0.2,executions_cache,3.300141543149948e-06,1,ok
payment_approval,inductive_noise20,activity_frequency_gradual,0.2,matchprob,2.900604158639908e-06,9,ok
payment_approval,inductive_noise20,activity_frequency_gradual,0.2,mean_leaf_skipprob,2.600252628326416e-06,1,ok
payment_approval,inductive_noise20,activity_frequency_gradual,0.2,salign_coverage,0.00013010017573833466,9,ok
payment_approval,inductive_noise20,activity_frequency_gradual,0.2,skipprob,3.0007213354110718e-06,9,ok
payment_approval,inductive_noise20,activity_frequency_gradual,0.2,traces,0.0028075999580323,1,ok
payment_approval,inductive_noise20,activity_frequency_gradual,0.2,voidmass_deficit_lower,6.00004568696022e-06,9,ok
payment_approval,inductive_noise20,activity_frequency_gradual,0.2,voidmass_deficit_upper,3.5990960896015167e-06,9,ok
payment_approval,inductive_noise20,activity_frequency_gradual,0.2,voidmass_movecount,3.0999071896076202e-06,9,ok
payment_approval,inductive_noise20,activity_frequency_gradual,0.2,voidmass_movecount_bound,2.70036980509758e-06,9,ok
payment_approval,inductive_noise20,activity_frequency_gradual,0.2,voidmass_process_lower,3.0999071896076202e-06,9,ok
payment_approval,inductive_noise20,activity_frequency_gradual,0.2,voidmass_process_upper,2.8996728360652924e-06,9,ok
payment_approval,inductive_noise20,activity_frequency_gradual,0.2,voidsalign3,7.750047370791435e-05,9,ok
payment_approval,inductive_noise20,activity_frequency_gradual,0.2,voidsat2,0.00028150016441940746,9,ok
payment_approval,inductive_noise20,activity_frequency_gradual,0.2,weight_voidage,1.6401056200265884e-05,9,ok
payment_approval,inductive_noise20,activity_frequency_gradual,0.3,aligned_duration_cache,0.0028083003126084,1,ok
payment_approval,inductive_noise20,activity_frequency_gradual,0.3,alignment_coverage_pn2_lower,7.829954847693443e-05,9,ok
payment_approval,inductive_noise20,activity_frequency_gradual,0.3,alignment_coverage_pn2_upper,3.9000529795885086e-05,9,ok
payment_approval,inductive_noise20,activity_frequency_gradual,0.3,classical,0.0074626998975872,1,ok
payment_approval,inductive_noise20,activity_frequency_gradual,0.3,dv,5.663851300254464,1,ok
payment_approval,inductive_noise20,activity_frequency_gradual,0.3,executions_cache,3.09990718960762e-06,1,ok
payment_approval,inductive_noise20,activity_frequency_gradual,0.3,matchprob,3.000255674123764e-06,9,ok
payment_approval,inductive_noise20,activity_frequency_gradual,0.3,mean_leaf_skipprob,2.800021320581436e-06,1,ok
payment_approval,inductive_noise20,activity_frequency_gradual,0.3,salign_coverage,9.669968858361244e-05,9,ok
payment_approval,inductive_noise20,activity_frequency_gradual,0.3,skipprob,2.9001384973526e-06,9,ok
payment_approval,inductive_noise20,activity_frequency_gradual,0.3,traces,0.0027962001040577,1,ok
payment_approval,inductive_noise20,activity_frequency_gradual,0.3,voidmass_deficit_lower,6.400048732757568e-06,9,ok
payment_approval,inductive_noise20,activity_frequency_gradual,0.3,voidmass_deficit_upper,2.6994384825229645e-06,9,ok
payment_approval,inductive_noise20,activity_frequency_gradual,0.3,voidmass_movecount,2.9010698199272156e-06,9,ok
payment_approval,inductive_noise20,activity_frequency_gradual,0.3,voidmass_movecount_bound,2.9001384973526e-06,9,ok
payment_approval,inductive_noise20,activity_frequency_gradual,0.3,voidmass_process_lower,2.9993243515491486e-06,9,ok
payment_approval,inductive_noise20,activity_frequency_gradual,0.3,voidmass_process_upper,2.900604158639908e-06,9,ok
payment_approval,inductive_noise20,activity_frequency_gradual,0.3,voidsalign3,5.4700300097465515e-05,9,ok
payment_approval,inductive_noise20,activity_frequency_gradual,0.3,voidsat2,0.00025530019775027175,9,ok
payment_approval,inductive_noise20,activity_frequency_gradual,0.3,weight_voidage,1.569977030158043e-05,9,ok
payment_approval,inductive_noise20,activity_frequency_gradual,0.4,aligned_duration_cache,0.0029068998992443,1,ok
payment_approval,inductive_noise20,activity_frequency_gradual,0.4,alignment_coverage_pn2_lower,7.5499527156353e-05,9,ok
payment_approval,inductive_noise20,activity_frequency_gradual,0.4,alignment_coverage_pn2_upper,3.95006500184536e-05,9,ok
payment_approval,inductive_noise20,activity_frequency_gradual,0.4,classical,0.0075021996162831,1,ok
payment_approval,inductive_noise20,activity_frequency_gradual,0.4,dv,5.599932600278407,1,ok
payment_approval,inductive_noise20,activity_frequency_gradual,0.4,executions_cache,4.00003045797348e-06,1,ok
payment_approval,inductive_noise20,activity_frequency_gradual,0.4,matchprob,3.0994415283203125e-06,9,ok
payment_approval,inductive_noise20,activity_frequency_gradual,0.4,mean_leaf_skipprob,2.70036980509758e-06,1,ok
payment_approval,inductive_noise20,activity_frequency_gradual,0.4,salign_coverage,9.989924728870392e-05,9,ok
payment_approval,inductive_noise20,activity_frequency_gradual,0.4,skipprob,3.0999071896076202e-06,9,ok
payment_approval,inductive_noise20,activity_frequency_gradual,0.4,traces,0.0028944001533091,1,ok
payment_approval,inductive_noise20,activity_frequency_gradual,0.4,voidmass_deficit_lower,5.600042641162872e-06,9,ok
payment_approval,inductive_noise20,activity_frequency_gradual,0.4,voidmass_deficit_upper,3.1995587050914764e-06,9,ok
payment_approval,inductive_noise20,activity_frequency_gradual,0.4,voidmass_movecount,3.1995587050914764e-06,9,ok
payment_approval,inductive_noise20,activity_frequency_gradual,0.4,voidmass_movecount_bound,2.5997869670391083e-06,9,ok
payment_approval,inductive_noise20,activity_frequency_gradual,0.4,voidmass_process_lower,3.2996758818626404e-06,9,ok
payment_approval,inductive_noise20,activity_frequency_gradual,0.4,voidmass_process_upper,2.9997900128364563e-06,9,ok
payment_approval,inductive_noise20,activity_frequency_gradual,0.4,voidsalign3,5.609961226582527e-05,9,ok
payment_approval,inductive_noise20,activity_frequency_gradual,0.4,voidsat2,0.00024950085207812566,9,ok
payment_approval,inductive_noise20,activity_frequency_gradual,0.4,weight_voidage,1.659942790865898e-05,9,ok
payment_approval,inductive_noise20,activity_frequency_gradual,0.5,aligned_duration_cache,0.0030626999214291,1,ok
payment_approval,inductive_noise20,activity_frequency_gradual,0.5,alignment_coverage_pn2_lower,4.350021481513977e-05,9,ok
payment_approval,inductive_noise20,activity_frequency_gradual,0.5,alignment_coverage_pn2_upper,2.7900561690330505e-05,9,ok
payment_approval,inductive_noise20,activity_frequency_gradual,0.5,classical,0.0048740003257989,1,ok
payment_approval,inductive_noise20,activity_frequency_gradual,0.5,dv,5.542194300331175,1,ok
payment_approval,inductive_noise20,activity_frequency_gradual,0.5,executions_cache,3.799796104431152e-06,1,ok
payment_approval,inductive_noise20,activity_frequency_gradual,0.5,matchprob,3.3993273973464966e-06,9,ok
payment_approval,inductive_noise20,activity_frequency_gradual,0.5,mean_leaf_skipprob,3.000255674123764e-06,1,ok
payment_approval,inductive_noise20,activity_frequency_gradual,0.5,salign_coverage,6.459932774305344e-05,9,ok
payment_approval,inductive_noise20,activity_frequency_gradual,0.5,skipprob,2.898741513490677e-06,9,ok
payment_approval,inductive_noise20,activity_frequency_gradual,0.5,traces,0.0030503999441862,1,ok
payment_approval,inductive_noise20,activity_frequency_gradual,0.5,voidmass_deficit_lower,5.699228495359421e-06,9,ok
payment_approval,inductive_noise20,activity_frequency_gradual,0.5,voidmass_deficit_upper,3.5990960896015167e-06,9,ok
payment_approval,inductive_noise20,activity_frequency_gradual,0.5,voidmass_movecount,2.3995526134967804e-06,9,ok
payment_approval,inductive_noise20,activity_frequency_gradual,0.5,voidmass_movecount_bound,2.600252628326416e-06,9,ok
payment_approval,inductive_noise20,activity_frequency_gradual,0.5,voidmass_process_lower,3.60049307346344e-06,9,ok
payment_approval,inductive_noise20,activity_frequency_gradual,0.5,voidmass_process_upper,2.9997900128364563e-06,9,ok
payment_approval,inductive_noise20,activity_frequency_gradual,0.5,voidsalign3,3.779912367463112e-05,9,ok
payment_approval,inductive_noise20,activity_frequency_gradual,0.5,voidsat2,0.00023930147290225005,9,ok
payment_approval,inductive_noise20,activity_frequency_gradual,0.5,weight_voidage,1.6199424862861633e-05,9,ok
payment_approval,inductive_noise20,activity_frequency_gradual,0.6,aligned_duration_cache,0.0027187000960111,1,ok
payment_approval,inductive_noise20,activity_frequency_gradual,0.6,alignment_coverage_pn2_lower,7.109995931386948e-05,9,ok
payment_approval,inductive_noise20,activity_frequency_gradual,0.6,alignment_coverage_pn2_upper,3.6100856959819794e-05,9,ok
payment_approval,inductive_noise20,activity_frequency_gradual,0.6,classical,0.0078111998736858,1,ok
payment_approval,inductive_noise20,activity_frequency_gradual,0.6,dv,6.488032099790871,1,ok
payment_approval,inductive_noise20,activity_frequency_gradual,0.6,executions_cache,3.000255674123764e-06,1,ok
payment_approval,inductive_noise20,activity_frequency_gradual,0.6,matchprob,3.1013041734695435e-06,9,ok
payment_approval,inductive_noise20,activity_frequency_gradual,0.6,mean_leaf_skipprob,2.600252628326416e-06,1,ok
payment_approval,inductive_noise20,activity_frequency_gradual,0.6,salign_coverage,9.510014206171036e-05,9,ok
payment_approval,inductive_noise20,activity_frequency_gradual,0.6,skipprob,3.300607204437256e-06,9,ok
payment_approval,inductive_noise20,activity_frequency_gradual,0.6,traces,0.0027063000015914,1,ok
payment_approval,inductive_noise20,activity_frequency_gradual,0.6,voidmass_deficit_lower,5.200039595365524e-06,9,ok
payment_approval,inductive_noise20,activity_frequency_gradual,0.6,voidmass_deficit_upper,2.9997900128364563e-06,9,ok
payment_approval,inductive_noise20,activity_frequency_gradual,0.6,voidmass_movecount,2.70036980509758e-06,9,ok
payment_approval,inductive_noise20,activity_frequency_gradual,0.6,voidmass_movecount_bound,2.1997839212417603e-06,9,ok
payment_approval,inductive_noise20,activity_frequency_gradual,0.6,voidmass_process_lower,3.80026176571846e-06,9,ok
payment_approval,inductive_noise20,activity_frequency_gradual,0.6,voidmass_process_upper,2.9997900128364563e-06,9,ok
payment_approval,inductive_noise20,activity_frequency_gradual,0.6,voidsalign3,5.289912223815918e-05,9,ok
payment_approval,inductive_noise20,activity_frequency_gradual,0.6,voidsat2,0.00020459992811083422,9,ok
payment_approval,inductive_noise20,activity_frequency_gradual,0.6,weight_voidage,1.5999656170606613e-05,9,ok
payment_approval,inductive_noise20,activity_frequency_gradual,0.7,aligned_duration_cache,0.0026922998949885,1,ok
payment_approval,inductive_noise20,activity_frequency_gradual,0.7,alignment_coverage_pn2_lower,7.860036566853523e-05,9,ok
payment_approval,inductive_noise20,activity_frequency_gradual,0.7,alignment_coverage_pn2_upper,3.650086000561714e-05,9,ok
payment_approval,inductive_noise20,activity_frequency_gradual,0.7,classical,0.0068994001485407,1,ok
payment_approval,inductive_noise20,activity_frequency_gradual,0.7,dv,5.701730999629945,1,ok
payment_approval,inductive_noise20,activity_frequency_gradual,0.7,executions_cache,3.200024366378784e-06,1,ok
payment_approval,inductive_noise20,activity_frequency_gradual,0.7,matchprob,3.000255674123764e-06,9,ok
payment_approval,inductive_noise20,activity_frequency_gradual,0.7,mean_leaf_skipprob,2.9001384973526e-06,1,ok
payment_approval,inductive_noise20,activity_frequency_gradual,0.7,salign_coverage,0.00010369950905442238,9,ok
payment_approval,inductive_noise20,activity_frequency_gradual,0.7,skipprob,3.000255674123764e-06,9,ok
payment_approval,inductive_noise20,activity_frequency_gradual,0.7,traces,0.0026810998097062,1,ok
payment_approval,inductive_noise20,activity_frequency_gradual,0.7,voidmass_deficit_lower,6.300397217273712e-06,9,ok
payment_approval,inductive_noise20,activity_frequency_gradual,0.7,voidmass_deficit_upper,2.598855644464493e-06,9,ok
payment_approval,inductive_noise20,activity_frequency_gradual,0.7,voidmass_movecount,2.4992041289806366e-06,9,ok
payment_approval,inductive_noise20,activity_frequency_gradual,0.7,voidmass_movecount_bound,2.6999041438102722e-06,9,ok
payment_approval,inductive_noise20,activity_frequency_gradual,0.7,voidmass_process_lower,3.60049307346344e-06,9,ok
payment_approval,inductive_noise20,activity_frequency_gradual,0.7,voidmass_process_upper,2.9997900128364563e-06,9,ok
payment_approval,inductive_noise20,activity_frequency_gradual,0.7,voidsalign3,5.140015855431557e-05,9,ok
payment_approval,inductive_noise20,activity_frequency_gradual,0.7,voidsat2,0.00019600009545681833,9,ok
payment_approval,inductive_noise20,activity_frequency_gradual,0.7,weight_voidage,2.0299572497606277e-05,9,ok
payment_approval,inductive_noise20,activity_frequency_gradual,0.8,aligned_duration_cache,0.0024665999226272,1,ok
payment_approval,inductive_noise20,activity_frequency_gradual,0.8,alignment_coverage_pn2_lower,4.820059984922409e-05,9,ok
payment_approval,inductive_noise20,activity_frequency_gradual,0.8,alignment_coverage_pn2_upper,2.2899825125932693e-05,9,ok
payment_approval,inductive_noise20,activity_frequency_gradual,0.8,classical,0.0043254001066088,1,ok
payment_approval,inductive_noise20,activity_frequency_gradual,0.8,dv,5.694895900320262,1,ok
payment_approval,inductive_noise20,activity_frequency_gradual,0.8,executions_cache,3.600027412176132e-06,1,ok
payment_approval,inductive_noise20,activity_frequency_gradual,0.8,matchprob,3.40072438120842e-06,9,ok
payment_approval,inductive_noise20,activity_frequency_gradual,0.8,mean_leaf_skipprob,2.800021320581436e-06,1,ok
payment_approval,inductive_noise20,activity_frequency_gradual,0.8,salign_coverage,7.360009476542473e-05,9,ok
payment_approval,inductive_noise20,activity_frequency_gradual,0.8,skipprob,3.0011869966983795e-06,9,ok
payment_approval,inductive_noise20,activity_frequency_gradual,0.8,traces,0.0024554003030061,1,ok
payment_approval,inductive_noise20,activity_frequency_gradual,0.8,voidmass_deficit_lower,6.100162863731384e-06,9,ok
payment_approval,inductive_noise20,activity_frequency_gradual,0.8,voidmass_deficit_upper,3.200024366378784e-06,9,ok
payment_approval,inductive_noise20,activity_frequency_gradual,0.8,voidmass_movecount,3.4999102354049683e-06,9,ok
payment_approval,inductive_noise20,activity_frequency_gradual,0.8,voidmass_movecount_bound,2.50060111284256e-06,9,ok
payment_approval,inductive_noise20,activity_frequency_gradual,0.8,voidmass_process_lower,3.4994445741176605e-06,9,ok
payment_approval,inductive_noise20,activity_frequency_gradual,0.8,voidmass_process_upper,3.2009556889533997e-06,9,ok
payment_approval,inductive_noise20,activity_frequency_gradual,0.8,voidsalign3,3.780052065849304e-05,9,ok
payment_approval,inductive_noise20,activity_frequency_gradual,0.8,voidsat2,0.00010610045865178108,9,ok
payment_approval,inductive_noise20,activity_frequency_gradual,0.8,weight_voidage,1.600058749318123e-05,9,ok
payment_approval,inductive_noise20,activity_frequency_gradual,0.9,aligned_duration_cache,0.0013119000941514,1,ok
payment_approval,inductive_noise20,activity_frequency_gradual,0.9,alignment_coverage_pn2_lower,4.369951784610748e-05,9,ok
payment_approval,inductive_noise20,activity_frequency_gradual,0.9,alignment_coverage_pn2_upper,2.3199710994958878e-05,9,ok
payment_approval,inductive_noise20,activity_frequency_gradual,0.9,classical,0.0038426998071372,1,ok
payment_approval,inductive_noise20,activity_frequency_gradual,0.9,dv,5.568147300276905,1,ok
payment_approval,inductive_noise20,activity_frequency_gradual,0.9,executions_cache,3.09990718960762e-06,1,ok
payment_approval,inductive_noise20,activity_frequency_gradual,0.9,matchprob,3.200024366378784e-06,9,ok
payment_approval,inductive_noise20,activity_frequency_gradual,0.9,mean_leaf_skipprob,2.9001384973526e-06,1,ok
payment_approval,inductive_noise20,activity_frequency_gradual,0.9,salign_coverage,6.949948146939278e-05,9,ok
payment_approval,inductive_noise20,activity_frequency_gradual,0.9,skipprob,3.200024366378784e-06,9,ok
payment_approval,inductive_noise20,activity_frequency_gradual,0.9,traces,0.0013001002371311,1,ok
payment_approval,inductive_noise20,activity_frequency_gradual,0.9,voidmass_deficit_lower,5.300156772136688e-06,9,ok
payment_approval,inductive_noise20,activity_frequency_gradual,0.9,voidmass_deficit_upper,3.4999102354049683e-06,9,ok
payment_approval,inductive_noise20,activity_frequency_gradual,0.9,voidmass_movecount,3.200490027666092e-06,9,ok
payment_approval,inductive_noise20,activity_frequency_gradual,0.9,voidmass_movecount_bound,2.800021320581436e-06,9,ok
payment_approval,inductive_noise20,activity_frequency_gradual,0.9,voidmass_process_lower,3.300141543149948e-06,9,ok
payment_approval,inductive_noise20,activity_frequency_gradual,0.9,voidmass_process_upper,3.3993273973464966e-06,9,ok
payment_approval,inductive_noise20,activity_frequency_gradual,0.9,voidsalign3,3.589969128370285e-05,9,ok
payment_approval,inductive_noise20,activity_frequency_gradual,0.9,voidsat2,6.800005212426186e-05,9,ok
payment_approval,inductive_noise20,activity_frequency_gradual,0.9,weight_voidage,1.7000827938318253e-05,9,ok
payment_approval,inductive_noise20,activity_gradual,0.1,aligned_duration_cache,0.0029079997912049,1,ok
payment_approval,inductive_noise20,activity_gradual,0.1,alignment_coverage_pn2_lower,0.00021350011229507554,9,ok
payment_approval,inductive_noise20,activity_gradual,0.1,alignment_coverage_pn2_upper,0.0001313001848757267,9,ok
payment_approval,inductive_noise20,activity_gradual,0.1,classical,0.0196429002098739,1,ok
payment_approval,inductive_noise20,activity_gradual,0.1,dv,6.266168299596757,1,ok
payment_approval,inductive_noise20,activity_gradual,0.1,executions_cache,3.899913281202316e-06,1,ok
payment_approval,inductive_noise20,activity_gradual,0.1,matchprob,3.400258719921112e-06,9,ok
payment_approval,inductive_noise20,activity_gradual,0.1,mean_leaf_skipprob,4.1997991502285e-06,1,ok
payment_approval,inductive_noise20,activity_gradual,0.1,salign_coverage,0.00024220068007700673,9,ok
payment_approval,inductive_noise20,activity_gradual,0.1,skipprob,3.298744559288025e-06,9,ok
payment_approval,inductive_noise20,activity_gradual,0.1,traces,0.0028949999250471,1,ok
payment_approval,inductive_noise20,activity_gradual,0.1,voidmass_deficit_lower,5.498994141817093e-06,9,ok
payment_approval,inductive_noise20,activity_gradual,0.1,voidmass_deficit_upper,3.1990930438041687e-06,9,ok
payment_approval,inductive_noise20,activity_gradual,0.1,voidmass_movecount,2.7990899980068207e-06,9,ok
payment_approval,inductive_noise20,activity_gradual,0.1,voidmass_movecount_bound,2.900604158639908e-06,9,ok
payment_approval,inductive_noise20,activity_gradual,0.1,voidmass_process_lower,3.200024366378784e-06,9,ok
payment_approval,inductive_noise20,activity_gradual,0.1,voidmass_process_upper,2.9997900128364563e-06,9,ok
payment_approval,inductive_noise20,activity_gradual,0.1,voidsalign3,0.00014540040865540504,9,ok
payment_approval,inductive_noise20,activity_gradual,0.1,voidsat2,0.0003400002606213071,9,ok
payment_approval,inductive_noise20,activity_gradual,0.1,weight_voidage,1.679966226220131e-05,9,ok
payment_approval,inductive_noise20,activity_gradual,0.2,aligned_duration_cache,0.0028101997449994,1,ok
payment_approval,inductive_noise20,activity_gradual,0.2,alignment_coverage_pn2_lower,0.00016010086983442307,9,ok
payment_approval,inductive_noise20,activity_gradual,0.2,alignment_coverage_pn2_upper,0.00012680049985647202,9,ok
payment_approval,inductive_noise20,activity_gradual,0.2,classical,0.0149568999186158,1,ok
payment_approval,inductive_noise20,activity_gradual,0.2,dv,6.081085899844766,1,ok
payment_approval,inductive_noise20,activity_gradual,0.2,executions_cache,3.09990718960762e-06,1,ok
payment_approval,inductive_noise20,activity_gradual,0.2,matchprob,2.7995556592941284e-06,9,ok
payment_approval,inductive_noise20,activity_gradual,0.2,mean_leaf_skipprob,2.9997900128364563e-06,1,ok
payment_approval,inductive_noise20,activity_gradual,0.2,salign_coverage,0.00017919996753335,9,ok
payment_approval,inductive_noise20,activity_gradual,0.2,skipprob,2.9010698199272156e-06,9,ok
payment_approval,inductive_noise20,activity_gradual,0.2,traces,0.0027992995455861,1,ok
payment_approval,inductive_noise20,activity_gradual,0.2,voidmass_deficit_lower,6.299931555986404e-06,9,ok
payment_approval,inductive_noise20,activity_gradual,0.2,voidmass_deficit_upper,2.8992071747779846e-06,9,ok
payment_approval,inductive_noise20,activity_gradual,0.2,voidmass_movecount,3.100372850894928e-06,9,ok
payment_approval,inductive_noise20,activity_gradual,0.2,voidmass_movecount_bound,2.8996728360652924e-06,9,ok
payment_approval,inductive_noise20,activity_gradual,0.2,voidmass_process_lower,3.400258719921112e-06,9,ok
payment_approval,inductive_noise20,activity_gradual,0.2,voidmass_process_upper,2.9001384973526e-06,9,ok
payment_approval,inductive_noise20,activity_gradual,0.2,voidsalign3,0.0001058005727827549,9,ok
payment_approval,inductive_noise20,activity_gradual,0.2,voidsat2,0.00031360052525993985,9,ok
payment_approval,inductive_noise20,activity_gradual,0.2,weight_voidage,1.6701407730579376e-05,9,ok
payment_approval,inductive_noise20,activity_gradual,0.3,aligned_duration_cache,0.0029361997731029,1,ok
payment_approval,inductive_noise20,activity_gradual,0.3,alignment_coverage_pn2_lower,0.0001500006765127182,9,ok
payment_approval,inductive_noise20,activity_gradual,0.3,alignment_coverage_pn2_upper,8.75997357070446e-05,9,ok
payment_approval,inductive_noise20,activity_gradual,0.3,classical,0.015092599671334,1,ok
payment_approval,inductive_noise20,activity_gradual,0.3,dv,6.072565600275993,1,ok
payment_approval,inductive_noise20,activity_gradual,0.3,executions_cache,2.9997900128364563e-06,1,ok
payment_approval,inductive_noise20,activity_gradual,0.3,matchprob,3.0994415283203125e-06,9,ok
payment_approval,inductive_noise20,activity_gradual,0.3,mean_leaf_skipprob,2.800021320581436e-06,1,ok
payment_approval,inductive_noise20,activity_gradual,0.3,salign_coverage,0.00018269987776875496,9,ok
payment_approval,inductive_noise20,activity_gradual,0.3,skipprob,3.0011869966983795e-06,9,ok
payment_approval,inductive_noise20,activity_gradual,0.3,traces,0.0029243999160826,1,ok
payment_approval,inductive_noise20,activity_gradual,0.3,voidmass_deficit_lower,5.100853741168976e-06,9,ok
payment_approval,inductive_noise20,activity_gradual,0.3,voidmass_deficit_upper,2.800021320581436e-06,9,ok
payment_approval,inductive_noise20,activity_gradual,0.3,voidmass_movecount,2.3995526134967804e-06,9,ok
payment_approval,inductive_noise20,activity_gradual,0.3,voidmass_movecount_bound,2.7008354663848877e-06,9,ok
payment_approval,inductive_noise20,activity_gradual,0.3,voidmass_process_lower,3.000255674123764e-06,9,ok
payment_approval,inductive_noise20,activity_gradual,0.3,voidmass_process_upper,2.898741513490677e-06,9,ok
payment_approval,inductive_noise20,activity_gradual,0.3,voidsalign3,0.00010519986972212791,9,ok
payment_approval,inductive_noise20,activity_gradual,0.3,voidsat2,0.0003089006058871005,9,ok
payment_approval,inductive_noise20,activity_gradual,0.3,weight_voidage,1.5799887478351593e-05,9,ok
payment_approval,inductive_noise20,activity_gradual,0.4,aligned_duration_cache,0.0028635002672672,1,ok
payment_approval,inductive_noise20,activity_gradual,0.4,alignment_coverage_pn2_lower,0.00017539970576763153,9,ok
payment_approval,inductive_noise20,activity_gradual,0.4,alignment_coverage_pn2_upper,0.00010190019384026527,9,ok
payment_approval,inductive_noise20,activity_gradual,0.4,classical,0.0174213997088372,1,ok
payment_approval,inductive_noise20,activity_gradual,0.4,dv,6.090115099679679,1,ok
payment_approval,inductive_noise20,activity_gradual,0.4,executions_cache,3.000255674123764e-06,1,ok
payment_approval,inductive_noise20,activity_gradual,0.4,matchprob,3.1013041734695435e-06,9,ok
payment_approval,inductive_noise20,activity_gradual,0.4,mean_leaf_skipprob,2.4996697902679443e-06,1,ok
payment_approval,inductive_noise20,activity_gradual,0.4,salign_coverage,0.00023690005764358802,9,ok
payment_approval,inductive_noise20,activity_gradual,0.4,skipprob,3.0999071896076202e-06,9,ok
payment_approval,inductive_noise20,activity_gradual,0.4,traces,0.0028508999384939,1,ok
payment_approval,inductive_noise20,activity_gradual,0.4,voidmass_deficit_lower,5.799345672130585e-06,9,ok
payment_approval,inductive_noise20,activity_gradual,0.4,voidmass_deficit_upper,3.1008385121822357e-06,9,ok
payment_approval,inductive_noise20,activity_gradual,0.4,voidmass_movecount,3.0999071896076202e-06,9,ok
payment_approval,inductive_noise20,activity_gradual,0.4,voidmass_movecount_bound,2.900604158639908e-06,9,ok
payment_approval,inductive_noise20,activity_gradual,0.4,voidmass_process_lower,3.200024366378784e-06,9,ok
payment_approval,inductive_noise20,activity_gradual,0.4,voidmass_process_upper,2.7995556592941284e-06,9,ok
payment_approval,inductive_noise20,activity_gradual,0.4,voidsalign3,0.0001400006003677845,9,ok
payment_approval,inductive_noise20,activity_gradual,0.4,voidsat2,0.0004134001210331505,9,ok
payment_approval,inductive_noise20,activity_gradual,0.4,weight_voidage,1.6800593584775925e-05,9,ok
payment_approval,inductive_noise20,activity_gradual,0.5,aligned_duration_cache,0.0027957996353507,1,ok
payment_approval,inductive_noise20,activity_gradual,0.5,alignment_coverage_pn2_lower,0.0002024988643824354,9,ok
payment_approval,inductive_noise20,activity_gradual,0.5,alignment_coverage_pn2_upper,0.00012719864025712013,9,ok
payment_approval,inductive_noise20,activity_gradual,0.5,classical,0.0162497996352612,1,ok
payment_approval,inductive_noise20,activity_gradual,0.5,dv,6.101117299869657,1,ok
payment_approval,inductive_noise20,activity_gradual,0.5,executions_cache,3.3997930586338043e-06,1,ok
payment_approval,inductive_noise20,activity_gradual,0.5,matchprob,4.00003045797348e-06,9,ok
payment_approval,inductive_noise20,activity_gradual,0.5,mean_leaf_skipprob,3.899913281202316e-06,1,ok
payment_approval,inductive_noise20,activity_gradual,0.5,salign_coverage,0.0002655996941029542,9,ok
payment_approval,inductive_noise20,activity_gradual,0.5,skipprob,3.700144588947296e-06,9,ok
payment_approval,inductive_noise20,activity_gradual,0.5,traces,0.0027850000187754,1,ok
payment_approval,inductive_noise20,activity_gradual,0.5,voidmass_deficit_lower,6.999354809522629e-06,9,ok
payment_approval,inductive_noise20,activity_gradual,0.5,voidmass_deficit_upper,3.60049307346344e-06,9,ok
payment_approval,inductive_noise20,activity_gradual,0.5,voidmass_movecount,3.1995587050914764e-06,9,ok
payment_approval,inductive_noise20,activity_gradual,0.5,voidmass_movecount_bound,3.600027412176132e-06,9,ok
payment_approval,inductive_noise20,activity_gradual,0.5,voidmass_process_lower,4.400499165058136e-06,9,ok
payment_approval,inductive_noise20,activity_gradual,0.5,voidmass_process_upper,3.0999071896076202e-06,9,ok
payment_approval,inductive_noise20,activity_gradual,0.5,voidsalign3,0.00016449997201561928,9,ok
payment_approval,inductive_noise20,activity_gradual,0.5,voidsat2,0.0004190001636742776,9,ok
payment_approval,inductive_noise20,activity_gradual,0.5,weight_voidage,1.779850572347641e-05,9,ok
payment_approval,inductive_noise20,activity_gradual,0.6,aligned_duration_cache,0.0027752998284995,1,ok
payment_approval,inductive_noise20,activity_gradual,0.6,alignment_coverage_pn2_lower,0.0001633996143937111,9,ok
payment_approval,inductive_noise20,activity_gradual,0.6,alignment_coverage_pn2_upper,9.0000219643116e-05,9,ok
payment_approval,inductive_noise20,activity_gradual,0.6,classical,0.0160747999325394,1,ok
payment_approval,inductive_noise20,activity_gradual,0.6,dv,6.034106399863958,1,ok
payment_approval,inductive_noise20,activity_gradual,0.6,executions_cache,3.899913281202316e-06,1,ok
payment_approval,inductive_noise20,activity_gradual,0.6,matchprob,2.6989728212356567e-06,9,ok
payment_approval,inductive_noise20,activity_gradual,0.6,mean_leaf_skipprob,2.600252628326416e-06,1,ok
payment_approval,inductive_noise20,activity_gradual,0.6,salign_coverage,0.0002374998293816616,9,ok
payment_approval,inductive_noise20,activity_gradual,0.6,skipprob,2.9993243515491486e-06,9,ok
payment_approval,inductive_noise20,activity_gradual,0.6,traces,0.0027638999745249,1,ok
payment_approval,inductive_noise20,activity_gradual,0.6,voidmass_deficit_lower,6.299931555986404e-06,9,ok
payment_approval,inductive_noise20,activity_gradual,0.6,voidmass_deficit_upper,3.0007213354110718e-06,9,ok
payment_approval,inductive_noise20,activity_gradual,0.6,voidmass_movecount,3.0999071896076202e-06,9,ok
payment_approval,inductive_noise20,activity_gradual,0.6,voidmass_movecount_bound,2.5997869670391083e-06,9,ok
payment_approval,inductive_noise20,activity_gradual,0.6,voidmass_process_lower,3.40072438120842e-06,9,ok
payment_approval,inductive_noise20,activity_gradual,0.6,voidmass_process_upper,2.5997869670391083e-06,9,ok
payment_approval,inductive_noise20,activity_gradual,0.6,voidsalign3,0.0001300005242228508,9,ok
payment_approval,inductive_noise20,activity_gradual,0.6,voidsat2,0.00029570097103712276,9,ok
payment_approval,inductive_noise20,activity_gradual,0.6,weight_voidage,1.7400365322828293e-05,9,ok
payment_approval,inductive_noise20,activity_gradual,0.7,aligned_duration_cache,0.0028464002534747,1,ok
payment_approval,inductive_noise20,activity_gradual,0.7,alignment_coverage_pn2_lower,0.00016619963571429253,9,ok
payment_approval,inductive_noise20,activity_gradual,0.7,alignment_coverage_pn2_upper,9.189965203404427e-05,9,ok
payment_approval,inductive_noise20,activity_gradual,0.7,classical,0.0166552998125553,1,ok
payment_approval,inductive_noise20,activity_gradual,0.7,dv,6.069180999882519,1,ok
payment_approval,inductive_noise20,activity_gradual,0.7,executions_cache,3.300141543149948e-06,1,ok
payment_approval,inductive_noise20,activity_gradual,0.7,matchprob,2.800021320581436e-06,9,ok
payment_approval,inductive_noise20,activity_gradual,0.7,mean_leaf_skipprob,2.500135451555252e-06,1,ok
payment_approval,inductive_noise20,activity_gradual,0.7,salign_coverage,0.0002279994077980058,9,ok
payment_approval,inductive_noise20,activity_gradual,0.7,skipprob,3.200024366378784e-06,9,ok
payment_approval,inductive_noise20,activity_gradual,0.7,traces,0.0028347996994853,1,ok
payment_approval,inductive_noise20,activity_gradual,0.7,voidmass_deficit_lower,5.5995769798755646e-06,9,ok
payment_approval,inductive_noise20,activity_gradual,0.7,voidmass_deficit_upper,3.000255674123764e-06,9,ok
payment_approval,inductive_noise20,activity_gradual,0.7,voidmass_movecount,2.5993213057518005e-06,9,ok
payment_approval,inductive_noise20,activity_gradual,0.7,voidmass_movecount_bound,2.900604158639908e-06,9,ok
payment_approval,inductive_noise20,activity_gradual,0.7,voidmass_process_lower,3.8994476199150085e-06,9,ok
payment_approval,inductive_noise20,activity_gradual,0.7,voidmass_process_upper,3.798864781856537e-06,9,ok
payment_approval,inductive_noise20,activity_gradual,0.7,voidsalign3,0.00012520048767328262,9,ok
payment_approval,inductive_noise20,activity_gradual,0.7,voidsat2,0.00028179958462709056,9,ok
payment_approval,inductive_noise20,activity_gradual,0.7,weight_voidage,1.620035618543625e-05,9,ok
payment_approval,inductive_noise20,activity_gradual,0.8,aligned_duration_cache,0.0020847003906965,1,ok
payment_approval,inductive_noise20,activity_gradual,0.8,alignment_coverage_pn2_lower,0.00010909978300333023,9,ok
payment_approval,inductive_noise20,activity_gradual,0.8,alignment_coverage_pn2_upper,5.509937182068825e-05,9,ok
payment_approval,inductive_noise20,activity_gradual,0.8,classical,0.0105249998159706,1,ok
payment_approval,inductive_noise20,activity_gradual,0.8,dv,5.8773229997605085,1,ok
payment_approval,inductive_noise20,activity_gradual,0.8,executions_cache,3.200024366378784e-06,1,ok
payment_approval,inductive_noise20,activity_gradual,0.8,matchprob,2.8996728360652924e-06,9,ok
payment_approval,inductive_noise20,activity_gradual,0.8,mean_leaf_skipprob,2.9997900128364563e-06,1,ok
payment_approval,inductive_noise20,activity_gradual,0.8,salign_coverage,0.0001784008927643299,9,ok
payment_approval,inductive_noise20,activity_gradual,0.8,skipprob,2.800021320581436e-06,9,ok
payment_approval,inductive_noise20,activity_gradual,0.8,traces,0.002074500080198,1,ok
payment_approval,inductive_noise20,activity_gradual,0.8,voidmass_deficit_lower,5.999580025672913e-06,9,ok
payment_approval,inductive_noise20,activity_gradual,0.8,voidmass_deficit_upper,3.0999071896076202e-06,9,ok
payment_approval,inductive_noise20,activity_gradual,0.8,voidmass_movecount,3.000255674123764e-06,9,ok
payment_approval,inductive_noise20,activity_gradual,0.8,voidmass_movecount_bound,3.1995587050914764e-06,9,ok
payment_approval,inductive_noise20,activity_gradual,0.8,voidmass_process_lower,3.4994445741176605e-06,9,ok
payment_approval,inductive_noise20,activity_gradual,0.8,voidmass_process_upper,3.4994445741176605e-06,9,ok
payment_approval,inductive_noise20,activity_gradual,0.8,voidsalign3,9.269965812563896e-05,9,ok
payment_approval,inductive_noise20,activity_gradual,0.8,voidsat2,0.00022059958428135575,9,ok
payment_approval,inductive_noise20,activity_gradual,0.8,weight_voidage,1.629907637834549e-05,9,ok
payment_approval,inductive_noise20,activity_gradual,0.9,aligned_duration_cache,0.0017603002488613,1,ok
payment_approval,inductive_noise20,activity_gradual,0.9,alignment_coverage_pn2_lower,5.150027573108673e-05,9,ok
payment_approval,inductive_noise20,activity_gradual,0.9,alignment_coverage_pn2_upper,2.5700312107801437e-05,9,ok
payment_approval,inductive_noise20,activity_gradual,0.9,classical,0.004579700063914,1,ok
payment_approval,inductive_noise20,activity_gradual,0.9,dv,5.513012200128287,1,ok
payment_approval,inductive_noise20,activity_gradual,0.9,executions_cache,3.80026176571846e-06,1,ok
payment_approval,inductive_noise20,activity_gradual,0.9,matchprob,2.9997900128364563e-06,9,ok
payment_approval,inductive_noise20,activity_gradual,0.9,mean_leaf_skipprob,3.09990718960762e-06,1,ok
payment_approval,inductive_noise20,activity_gradual,0.9,salign_coverage,7.740035653114319e-05,9,ok
payment_approval,inductive_noise20,activity_gradual,0.9,skipprob,3.0994415283203125e-06,9,ok
payment_approval,inductive_noise20,activity_gradual,0.9,traces,0.0017488999292254,1,ok
payment_approval,inductive_noise20,activity_gradual,0.9,voidmass_deficit_lower,5.499459803104401e-06,9,ok
payment_approval,inductive_noise20,activity_gradual,0.9,voidmass_deficit_upper,2.9997900128364563e-06,9,ok
payment_approval,inductive_noise20,activity_gradual,0.9,voidmass_movecount,3.200024366378784e-06,9,ok
payment_approval,inductive_noise20,activity_gradual,0.9,voidmass_movecount_bound,2.200249582529068e-06,9,ok
payment_approval,inductive_noise20,activity_gradual,0.9,voidmass_process_lower,3.0999071896076202e-06,9,ok
payment_approval,inductive_noise20,activity_gradual,0.9,voidmass_process_upper,2.8996728360652924e-06,9,ok
payment_approval,inductive_noise20,activity_gradual,0.9,voidsalign3,4.2700208723545074e-05,9,ok
payment_approval,inductive_noise20,activity_gradual,0.9,voidsat2,9.420095011591911e-05,9,ok
payment_approval,inductive_noise20,activity_gradual,0.9,weight_voidage,1.8199440091848373e-05,9,ok
payment_approval,inductive_noise20,trace,0.1,aligned_duration_cache,0.0025462000630795,1,ok
payment_approval,inductive_noise20,trace,0.1,alignment_coverage_pn2_lower,0.0001810006797313199,9,ok
payment_approval,inductive_noise20,trace,0.1,alignment_coverage_pn2_upper,9.649945423007011e-05,9,ok
payment_approval,inductive_noise20,trace,0.1,classical,0.0146723999641835,1,ok
payment_approval,inductive_noise20,trace,0.1,dv,6.100364499725401,1,ok
payment_approval,inductive_noise20,trace,0.1,executions_cache,2.9997900128364563e-06,1,ok
payment_approval,inductive_noise20,trace,0.1,matchprob,3.2996758818626404e-06,9,ok
payment_approval,inductive_noise20,trace,0.1,mean_leaf_skipprob,3.799796104431152e-06,1,ok
payment_approval,inductive_noise20,trace,0.1,salign_coverage,0.0001900005154311657,9,ok
payment_approval,inductive_noise20,trace,0.1,skipprob,2.9993243515491486e-06,9,ok
payment_approval,inductive_noise20,trace,0.1,traces,0.0025350996293127,1,ok
payment_approval,inductive_noise20,trace,0.1,voidmass_deficit_lower,1.4600344002246857e-05,9,ok
payment_approval,inductive_noise20,trace,0.1,voidmass_deficit_upper,3.400258719921112e-06,9,ok
payment_approval,inductive_noise20,trace,0.1,voidmass_movecount,3.100372850894928e-06,9,ok
payment_approval,inductive_noise20,trace,0.1,voidmass_movecount_bound,2.9997900128364563e-06,9,ok
payment_approval,inductive_noise20,trace,0.1,voidmass_process_lower,3.100372850894928e-06,9,ok
payment_approval,inductive_noise20,trace,0.1,voidmass_process_upper,3.0007213354110718e-06,9,ok
payment_approval,inductive_noise20,trace,0.1,voidsalign3,0.00011499971151351929,9,ok
payment_approval,inductive_noise20,trace,0.1,voidsat2,0.0003436002880334018,9,ok
payment_approval,inductive_noise20,trace,0.1,weight_voidage,1.7499085515737534e-05,9,ok
payment_approval,inductive_noise20,trace,0.2,aligned_duration_cache,0.0024502999149262,1,ok
payment_approval,inductive_noise20,trace,0.2,alignment_coverage_pn2_lower,0.00016279937699437141,9,ok
payment_approval,inductive_noise20,trace,0.2,alignment_coverage_pn2_upper,9.849946945905685e-05,9,ok
payment_approval,inductive_noise20,trace,0.2,classical,0.0152737000025808,1,ok
payment_approval,inductive_noise20,trace,0.2,dv,6.161023600026965,1,ok
payment_approval,inductive_noise20,trace,0.2,executions_cache,2.9997900128364563e-06,1,ok
payment_approval,inductive_noise20,trace,0.2,matchprob,9.799376130104065e-06,9,ok
payment_approval,inductive_noise20,trace,0.2,mean_leaf_skipprob,2.699904143810272e-06,1,ok
payment_approval,inductive_noise20,trace,0.2,salign_coverage,0.00018029985949397087,9,ok
payment_approval,inductive_noise20,trace,0.2,skipprob,2.9001384973526e-06,9,ok
payment_approval,inductive_noise20,trace,0.2,traces,0.0024379999376833,1,ok
payment_approval,inductive_noise20,trace,0.2,voidmass_deficit_lower,6.00004568696022e-06,9,ok
payment_approval,inductive_noise20,trace,0.2,voidmass_deficit_upper,3.0999071896076202e-06,9,ok
payment_approval,inductive_noise20,trace,0.2,voidmass_movecount,2.9993243515491486e-06,9,ok
payment_approval,inductive_noise20,trace,0.2,voidmass_movecount_bound,2.3995526134967804e-06,9,ok
payment_approval,inductive_noise20,trace,0.2,voidmass_process_lower,3.1990930438041687e-06,9,ok
payment_approval,inductive_noise20,trace,0.2,voidmass_process_upper,2.8992071747779846e-06,9,ok
payment_approval,inductive_noise20,trace,0.2,voidsalign3,0.00011030072346329689,9,ok
payment_approval,inductive_noise20,trace,0.2,voidsat2,0.00031989952549330437,9,ok
payment_approval,inductive_noise20,trace,0.2,weight_voidage,1.619989052414894e-05,9,ok
payment_approval,inductive_noise20,trace,0.3,aligned_duration_cache,0.0020389999262988,1,ok
payment_approval,inductive_noise20,trace,0.3,alignment_coverage_pn2_lower,0.00011750077828764915,9,ok
payment_approval,inductive_noise20,trace,0.3,alignment_coverage_pn2_upper,6.779935210943222e-05,9,ok
payment_approval,inductive_noise20,trace,0.3,classical,0.0100349998101592,1,ok
payment_approval,inductive_noise20,trace,0.3,dv,5.952798000071198,1,ok
payment_approval,inductive_noise20,trace,0.3,executions_cache,3.000255674123764e-06,1,ok
payment_approval,inductive_noise20,trace,0.3,matchprob,3.300141543149948e-06,9,ok
payment_approval,inductive_noise20,trace,0.3,mean_leaf_skipprob,2.70036980509758e-06,1,ok
payment_approval,inductive_noise20,trace,0.3,salign_coverage,0.00013609882444143295,9,ok
payment_approval,inductive_noise20,trace,0.3,skipprob,3.40072438120842e-06,9,ok
payment_approval,inductive_noise20,trace,0.3,traces,0.0020277998410165,1,ok
payment_approval,inductive_noise20,trace,0.3,voidmass_deficit_lower,6.4997002482414246e-06,9,ok
payment_approval,inductive_noise20,trace,0.3,voidmass_deficit_upper,3.1995587050914764e-06,9,ok
payment_approval,inductive_noise20,trace,0.3,voidmass_movecount,2.8996728360652924e-06,9,ok
payment_approval,inductive_noise20,trace,0.3,voidmass_movecount_bound,2.6999041438102722e-06,9,ok
payment_approval,inductive_noise20,trace,0.3,voidmass_process_lower,3.1995587050914764e-06,9,ok
payment_approval,inductive_noise20,trace,0.3,voidmass_process_upper,2.7995556592941284e-06,9,ok
payment_approval,inductive_noise20,trace,0.3,voidsalign3,8.190050721168518e-05,9,ok
payment_approval,inductive_noise20,trace,0.3,voidsat2,0.0002491008490323169,9,ok
payment_approval,inductive_noise20,trace,0.3,weight_voidage,1.6199890524148938e-05,9,ok
payment_approval,inductive_noise20,trace,0.4,aligned_duration_cache,0.0022086999379098,1,ok
payment_approval,inductive_noise20,trace,0.4,alignment_coverage_pn2_lower,0.00012100022286176682,9,ok
payment_approval,inductive_noise20,trace,0.4,alignment_coverage_pn2_upper,7.099984213709831e-05,9,ok
payment_approval,inductive_noise20,trace,0.4,classical,0.0107344998978078,1,ok
payment_approval,inductive_noise20,trace,0.4,dv,5.942256900016218,1,ok
payment_approval,inductive_noise20,trace,0.4,executions_cache,3.200024366378784e-06,1,ok
payment_approval,inductive_noise20,trace,0.4,matchprob,3.300607204437256e-06,9,ok
payment_approval,inductive_noise20,trace,0.4,mean_leaf_skipprob,2.699904143810272e-06,1,ok
payment_approval,inductive_noise20,trace,0.4,salign_coverage,0.00015590107068419456,9,ok
payment_approval,inductive_noise20,trace,0.4,skipprob,3.2009556889533997e-06,9,ok
payment_approval,inductive_noise20,trace,0.4,traces,0.00219799997285,1,ok
payment_approval,inductive_noise20,trace,0.4,voidmass_deficit_lower,6.199348717927933e-06,9,ok
payment_approval,inductive_noise20,trace,0.4,voidmass_deficit_upper,3.5995617508888245e-06,9,ok
payment_approval,inductive_noise20,trace,0.4,voidmass_movecount,3.0999071896076202e-06,9,ok
payment_approval,inductive_noise20,trace,0.4,voidmass_movecount_bound,2.800021320581436e-06,9,ok
payment_approval,inductive_noise20,trace,0.4,voidmass_process_lower,3.300141543149948e-06,9,ok
payment_approval,inductive_noise20,trace,0.4,voidmass_process_upper,3.40072438120842e-06,9,ok
payment_approval,inductive_noise20,trace,0.4,voidsalign3,8.649984374642372e-05,9,ok
payment_approval,inductive_noise20,trace,0.4,voidsat2,0.0002612005919218024,9,ok
payment_approval,inductive_noise20,trace,0.4,weight_voidage,1.630093902349472e-05,9,ok
payment_approval,inductive_noise20,trace,0.5,aligned_duration_cache,0.001698300242424,1,ok
payment_approval,inductive_noise20,trace,0.5,alignment_coverage_pn2_lower,8.75997357070446e-05,9,ok
payment_approval,inductive_noise20,trace,0.5,alignment_coverage_pn2_upper,5.520042032003403e-05,9,ok
payment_approval,inductive_noise20,trace,0.5,classical,0.0072681996971368,1,ok
payment_approval,inductive_noise20,trace,0.5,dv,5.687069299630821,1,ok
payment_approval,inductive_noise20,trace,0.5,executions_cache,3.2996758818626404e-06,1,ok
payment_approval,inductive_noise20,trace,0.5,matchprob,2.9997900128364563e-06,9,ok
payment_approval,inductive_noise20,trace,0.5,mean_leaf_skipprob,2.500135451555252e-06,1,ok
payment_approval,inductive_noise20,trace,0.5,salign_coverage,0.0001097000204026699,9,ok
payment_approval,inductive_noise20,trace,0.5,skipprob,2.7995556592941284e-06,9,ok
payment_approval,inductive_noise20,trace,0.5,traces,0.0016871998086571,1,ok
payment_approval,inductive_noise20,trace,0.5,voidmass_deficit_lower,6.100162863731384e-06,9,ok
payment_approval,inductive_noise20,trace,0.5,voidmass_deficit_upper,2.9001384973526e-06,9,ok
payment_approval,inductive_noise20,trace,0.5,voidmass_movecount,2.5993213057518005e-06,9,ok
payment_approval,inductive_noise20,trace,0.5,voidmass_movecount_bound,2.000480890274048e-06,9,ok
payment_approval,inductive_noise20,trace,0.5,voidmass_process_lower,3.1995587050914764e-06,9,ok
payment_approval,inductive_noise20,trace,0.5,voidmass_process_upper,2.498738467693329e-06,9,ok
payment_approval,inductive_noise20,trace,0.5,voidsalign3,6.800005212426186e-05,9,ok
payment_approval,inductive_noise20,trace,0.5,voidsat2,0.0002154004760085804,9,ok
payment_approval,inductive_noise20,trace,0.5,weight_voidage,1.6401056200265884e-05,9,ok
payment_approval,inductive_noise20,trace,0.6,aligned_duration_cache,0.001834699884057,1,ok
payment_approval,inductive_noise20,trace,0.6,alignment_coverage_pn2_lower,9.960029274225235e-05,9,ok
payment_approval,inductive_noise20,trace,0.6,alignment_coverage_pn2_upper,6.84000551700592e-05,9,ok
payment_approval,inductive_noise20,trace,0.6,classical,0.0072534000501036,1,ok
payment_approval,inductive_noise20,trace,0.6,dv,5.660276300273836,1,ok
payment_approval,inductive_noise20,trace,0.6,executions_cache,4.4996850192546844e-06,1,ok
payment_approval,inductive_noise20,trace,0.6,matchprob,3.0994415283203125e-06,9,ok
payment_approval,inductive_noise20,trace,0.6,mean_leaf_skipprob,3.3997930586338043e-06,1,ok
payment_approval,inductive_noise20,trace,0.6,salign_coverage,0.0001276000402867794,9,ok
payment_approval,inductive_noise20,trace,0.6,skipprob,3.4999102354049683e-06,9,ok
payment_approval,inductive_noise20,trace,0.6,traces,0.0018207998946309,1,ok
payment_approval,inductive_noise20,trace,0.6,voidmass_deficit_lower,6.90016895532608e-06,9,ok
payment_approval,inductive_noise20,trace,0.6,voidmass_deficit_upper,2.800486981868744e-06,9,ok
payment_approval,inductive_noise20,trace,0.6,voidmass_movecount,2.7995556592941284e-06,9,ok
payment_approval,inductive_noise20,trace,0.6,voidmass_movecount_bound,2.9997900128364563e-06,9,ok
payment_approval,inductive_noise20,trace,0.6,voidmass_process_lower,3.400258719921112e-06,9,ok
payment_approval,inductive_noise20,trace,0.6,voidmass_process_upper,2.800486981868744e-06,9,ok
payment_approval,inductive_noise20,trace,0.6,voidsalign3,7.359962910413742e-05,9,ok
payment_approval,inductive_noise20,trace,0.6,voidsat2,0.00020619994029402733,9,ok
payment_approval,inductive_noise20,trace,0.6,weight_voidage,1.929979771375656e-05,9,ok
payment_approval,inductive_noise20,trace,0.7,aligned_duration_cache,0.0014589000493288,1,ok
payment_approval,inductive_noise20,trace,0.7,alignment_coverage_pn2_lower,8.779997006058693e-05,9,ok
payment_approval,inductive_noise20,trace,0.7,alignment_coverage_pn2_upper,5.2700284868478775e-05,9,ok
payment_approval,inductive_noise20,trace,0.7,classical,0.0082423998974263,1,ok
payment_approval,inductive_noise20,trace,0.7,dv,5.727653400041163,1,ok
payment_approval,inductive_noise20,trace,0.7,executions_cache,3.000255674123764e-06,1,ok
payment_approval,inductive_noise20,trace,0.7,matchprob,3.3993273973464966e-06,9,ok
payment_approval,inductive_noise20,trace,0.7,mean_leaf_skipprob,2.70036980509758e-06,1,ok
payment_approval,inductive_noise20,trace,0.7,salign_coverage,0.0001301993615925312,9,ok
payment_approval,inductive_noise20,trace,0.7,skipprob,3.700610250234604e-06,9,ok
payment_approval,inductive_noise20,trace,0.7,traces,0.0014480999670922,1,ok
payment_approval,inductive_noise20,trace,0.7,voidmass_deficit_lower,6.00004568696022e-06,9,ok
payment_approval,inductive_noise20,trace,0.7,voidmass_deficit_upper,2.900604158639908e-06,9,ok
payment_approval,inductive_noise20,trace,0.7,voidmass_movecount,2.5997869670391083e-06,9,ok
payment_approval,inductive_noise20,trace,0.7,voidmass_movecount_bound,2.6999041438102722e-06,9,ok
payment_approval,inductive_noise20,trace,0.7,voidmass_process_lower,4.198867827653885e-06,9,ok
payment_approval,inductive_noise20,trace,0.7,voidmass_process_upper,2.6994384825229645e-06,9,ok
payment_approval,inductive_noise20,trace,0.7,voidsalign3,6.829900667071342e-05,9,ok
payment_approval,inductive_noise20,trace,0.7,voidsat2,0.00021209940314285985,9,ok
payment_approval,inductive_noise20,trace,0.7,weight_voidage,1.6200821846723557e-05,9,ok
payment_approval,inductive_noise20,trace,0.8,aligned_duration_cache,0.0009578000754117,1,ok
payment_approval,inductive_noise20,trace,0.8,alignment_coverage_pn2_lower,5.330052226781845e-05,9,ok
payment_approval,inductive_noise20,trace,0.8,alignment_coverage_pn2_upper,3.0699651688337326e-05,9,ok
payment_approval,inductive_noise20,trace,0.8,classical,0.0043064998462796,1,ok
payment_approval,inductive_noise20,trace,0.8,dv,5.57339289970696,1,ok
payment_approval,inductive_noise20,trace,0.8,executions_cache,3.3997930586338043e-06,1,ok
payment_approval,inductive_noise20,trace,0.8,matchprob,3.200024366378784e-06,9,ok
payment_approval,inductive_noise20,trace,0.8,mean_leaf_skipprob,2.9001384973526e-06,1,ok
payment_approval,inductive_noise20,trace,0.8,salign_coverage,7.750140503048897e-05,9,ok
payment_approval,inductive_noise20,trace,0.8,skipprob,2.6011839509010315e-06,9,ok
payment_approval,inductive_noise20,trace,0.8,traces,0.0009459001012146,1,ok
payment_approval,inductive_noise20,trace,0.8,voidmass_deficit_lower,6.000977009534836e-06,9,ok
payment_approval,inductive_noise20,trace,0.8,voidmass_deficit_upper,2.800021320581436e-06,9,ok
payment_approval,inductive_noise20,trace,0.8,voidmass_movecount,2.600252628326416e-06,9,ok
payment_approval,inductive_noise20,trace,0.8,voidmass_movecount_bound,2.200249582529068e-06,9,ok
payment_approval,inductive_noise20,trace,0.8,voidmass_process_lower,3.200024366378784e-06,9,ok
payment_approval,inductive_noise20,trace,0.8,voidmass_process_upper,2.6989728212356567e-06,9,ok
payment_approval,inductive_noise20,trace,0.8,voidsalign3,4.250090569257736e-05,9,ok
payment_approval,inductive_noise20,trace,0.8,voidsat2,0.00011760042980313301,9,ok
payment_approval,inductive_noise20,trace,0.8,weight_voidage,1.6099773347377777e-05,9,ok
payment_approval,inductive_noise20,trace,0.9,aligned_duration_cache,0.0009726001881062,1,ok
payment_approval,inductive_noise20,trace,0.9,alignment_coverage_pn2_lower,5.679996684193611e-05,9,ok
payment_approval,inductive_noise20,trace,0.9,alignment_coverage_pn2_upper,3.2199546694755554e-05,9,ok
payment_approval,inductive_noise20,trace,0.9,classical,0.0044430997222661,1,ok
payment_approval,inductive_noise20,trace,0.9,dv,5.5598145998083055,1,ok
payment_approval,inductive_noise20,trace,0.9,executions_cache,4.90015372633934e-06,1,ok
payment_approval,inductive_noise20,trace,0.9,matchprob,3.2996758818626404e-06,9,ok
payment_approval,inductive_noise20,trace,0.9,mean_leaf_skipprob,2.800021320581436e-06,1,ok
payment_approval,inductive_noise20,trace,0.9,salign_coverage,7.449928671121597e-05,9,ok
payment_approval,inductive_noise20,trace,0.9,skipprob,3.598630428314209e-06,9,ok
payment_approval,inductive_noise20,trace,0.9,traces,0.0009590997360646,1,ok
payment_approval,inductive_noise20,trace,0.9,voidmass_deficit_lower,6.000511348247528e-06,9,ok
payment_approval,inductive_noise20,trace,0.9,voidmass_deficit_upper,3.000255674123764e-06,9,ok
payment_approval,inductive_noise20,trace,0.9,voidmass_movecount,2.70036980509758e-06,9,ok
payment_approval,inductive_noise20,trace,0.9,voidmass_movecount_bound,2.3012980818748474e-06,9,ok
payment_approval,inductive_noise20,trace,0.9,voidmass_process_lower,3.298744559288025e-06,9,ok
payment_approval,inductive_noise20,trace,0.9,voidmass_process_upper,2.9997900128364563e-06,9,ok
payment_approval,inductive_noise20,trace,0.9,voidsalign3,4.4300686568021774e-05,9,ok
payment_approval,inductive_noise20,trace,0.9,voidsat2,0.00012029940262436867,9,ok
payment_approval,inductive_noise20,trace,0.9,weight_voidage,1.5900004655122757e-05,9,ok
payment_approval,inductive_noise20,,0.0,aligned_duration_cache,0.0037778001278638,1,ok
payment_approval,inductive_noise20,,0.0,alignment_coverage_pn2_lower,0.00016669929027557373,9,ok
payment_approval,inductive_noise20,,0.0,alignment_coverage_pn2_upper,0.00010329997166991234,9,ok
payment_approval,inductive_noise20,,0.0,classical,0.0196060999296605,1,ok
payment_approval,inductive_noise20,,0.0,dv,6.147593999747187,1,ok
payment_approval,inductive_noise20,,0.0,executions_cache,4.00003045797348e-06,1,ok
payment_approval,inductive_noise20,,0.0,matchprob,3.2992102205753326e-06,9,ok
payment_approval,inductive_noise20,,0.0,mean_leaf_skipprob,4.200264811515808e-06,1,ok
payment_approval,inductive_noise20,,0.0,salign_coverage,0.00019940081983796617,9,ok
payment_approval,inductive_noise20,,0.0,skipprob,4.299916326999664e-06,9,ok
payment_approval,inductive_noise20,,0.0,traces,0.0037609999999403,1,ok
payment_approval,inductive_noise20,,0.0,voidmass_deficit_lower,7.000751793384552e-06,9,ok
payment_approval,inductive_noise20,,0.0,voidmass_deficit_upper,3.4994445741176605e-06,9,ok
payment_approval,inductive_noise20,,0.0,voidmass_movecount,2.5997869670391083e-06,9,ok
payment_approval,inductive_noise20,,0.0,voidmass_movecount_bound,2.800021320581436e-06,9,ok
payment_approval,inductive_noise20,,0.0,voidmass_process_lower,3.1990930438041687e-06,9,ok
payment_approval,inductive_noise20,,0.0,voidmass_process_upper,2.898741513490677e-06,9,ok
payment_approval,inductive_noise20,,0.0,voidsalign3,0.00011990079656243324,9,ok
payment_approval,inductive_noise20,,0.0,voidsat2,0.0004165000282227193,9,ok
payment_approval,inductive_noise20,,0.0,weight_voidage,2.2700056433677673e-05,9,ok
payment_approval,toothpaste,activity_frequency_gradual,0.1,aligned_duration_cache,0.0027256002649664,1,ok
payment_approval,toothpaste,activity_frequency_gradual,0.1,alignment_coverage_pn2_lower,0.0001793988049030304,18,ok
payment_approval,toothpaste,activity_frequency_gradual,0.1,alignment_coverage_pn2_upper,0.00011490005999803543,18,ok
payment_approval,toothpaste,activity_frequency_gradual,0.1,classical,0.0099762002937495,1,ok
payment_approval,toothpaste,activity_frequency_gradual,0.1,dv,5.951988199725747,1,ok
payment_approval,toothpaste,activity_frequency_gradual,0.1,executions_cache,5.300156772136688e-06,1,ok
payment_approval,toothpaste,activity_frequency_gradual,0.1,matchprob,5.898531526327133e-06,18,ok
payment_approval,toothpaste,activity_frequency_gradual,0.1,mean_leaf_skipprob,3.300141543149948e-06,1,ok
payment_approval,toothpaste,activity_frequency_gradual,0.1,salign_coverage,0.00019990094006061554,18,ok
payment_approval,toothpaste,activity_frequency_gradual,0.1,skipprob,5.3979456424713135e-06,18,ok
payment_approval,toothpaste,activity_frequency_gradual,0.1,traces,0.0027122995816171,1,ok
payment_approval,toothpaste,activity_frequency_gradual,0.1,voidmass_deficit_lower,1.03008933365345e-05,18,ok
payment_approval,toothpaste,activity_frequency_gradual,0.1,voidmass_deficit_upper,5.700159817934036e-06,18,ok
payment_approval,toothpaste,activity_frequency_gradual,0.1,voidmass_movecount,4.398636519908905e-06,18,ok
payment_approval,toothpaste,activity_frequency_gradual,0.1,voidmass_movecount_bound,4.899222403764725e-06,18,ok
payment_approval,toothpaste,activity_frequency_gradual,0.1,voidmass_process_lower,5.900394171476364e-06,18,ok
payment_approval,toothpaste,activity_frequency_gradual,0.1,voidmass_process_upper,4.999805241823196e-06,18,ok
payment_approval,toothpaste,activity_frequency_gradual,0.1,voidsalign3,0.00012899842113256454,18,ok
payment_approval,toothpaste,activity_frequency_gradual,0.1,voidsat2,0.0005141012370586081,18,ok
payment_approval,toothpaste,activity_frequency_gradual,0.1,weight_voidage,4.389975219964981e-05,18,ok
payment_approval,toothpaste,activity_frequency_gradual,0.2,aligned_duration_cache,0.0027737999334931,1,ok
payment_approval,toothpaste,activity_frequency_gradual,0.2,alignment_coverage_pn2_lower,0.00020110048353672028,18,ok
payment_approval,toothpaste,activity_frequency_gradual,0.2,alignment_coverage_pn2_upper,0.00012620119377970695,18,ok
payment_approval,toothpaste,activity_frequency_gradual,0.2,classical,0.0097523001022636,1,ok
payment_approval,toothpaste,activity_frequency_gradual,0.2,dv,5.877719199750572,1,ok
payment_approval,toothpaste,activity_frequency_gradual,0.2,executions_cache,5.399808287620544e-06,1,ok
payment_approval,toothpaste,activity_frequency_gradual,0.2,matchprob,5.998648703098297e-06,18,ok
payment_approval,toothpaste,activity_frequency_gradual,0.2,mean_leaf_skipprob,3.600027412176132e-06,1,ok
payment_approval,toothpaste,activity_frequency_gradual,0.2,salign_coverage,0.00023470120504498482,18,ok
payment_approval,toothpaste,activity_frequency_gradual,0.2,skipprob,6.00004568696022e-06,18,ok
payment_approval,toothpaste,activity_frequency_gradual,0.2,traces,0.002760499715805,1,ok
payment_approval,toothpaste,activity_frequency_gradual,0.2,voidmass_deficit_lower,1.0800082236528397e-05,18,ok
payment_approval,toothpaste,activity_frequency_gradual,0.2,voidmass_deficit_upper,5.8002769947052e-06,18,ok
payment_approval,toothpaste,activity_frequency_gradual,0.2,voidmass_movecount,5.500856786966324e-06,18,ok
payment_approval,toothpaste,activity_frequency_gradual,0.2,voidmass_movecount_bound,5.2996911108493805e-06,18,ok
payment_approval,toothpaste,activity_frequency_gradual,0.2,voidmass_process_lower,6.199348717927933e-06,18,ok
payment_approval,toothpaste,activity_frequency_gradual,0.2,voidmass_process_upper,5.500391125679016e-06,18,ok
payment_approval,toothpaste,activity_frequency_gradual,0.2,voidsalign3,0.0001501990482211113,18,ok
payment_approval,toothpaste,activity_frequency_gradual,0.2,voidsat2,0.0004982999525964212,18,ok
payment_approval,toothpaste,activity_frequency_gradual,0.2,weight_voidage,4.460057243704796e-05,18,ok
payment_approval,toothpaste,activity_frequency_gradual,0.3,aligned_duration_cache,0.0028466000221669,1,ok
payment_approval,toothpaste,activity_frequency_gradual,0.3,alignment_coverage_pn2_lower,0.00013520056381821632,18,ok
payment_approval,toothpaste,activity_frequency_gradual,0.3,alignment_coverage_pn2_upper,8.490076288580894e-05,18,ok
payment_approval,toothpaste,activity_frequency_gradual,0.3,classical,0.0082324999384582,1,ok
payment_approval,toothpaste,activity_frequency_gradual,0.3,dv,5.740714699961245,1,ok
payment_approval,toothpaste,activity_frequency_gradual,0.3,executions_cache,5.899928510189056e-06,1,ok
payment_approval,toothpaste,activity_frequency_gradual,0.3,matchprob,5.7998113334178925e-06,18,ok
payment_approval,toothpaste,activity_frequency_gradual,0.3,mean_leaf_skipprob,3.3997930586338043e-06,1,ok
payment_approval,toothpaste,activity_frequency_gradual,0.3,salign_coverage,0.00016990071162581444,18,ok
payment_approval,toothpaste,activity_frequency_gradual,0.3,skipprob,5.600973963737488e-06,18,ok
payment_approval,toothpaste,activity_frequency_gradual,0.3,traces,0.0028315000236034,1,ok
payment_approval,toothpaste,activity_frequency_gradual,0.3,voidmass_deficit_lower,9.40077006816864e-06,18,ok
payment_approval,toothpaste,activity_frequency_gradual,0.3,voidmass_deficit_upper,5.899462848901749e-06,18,ok
payment_approval,toothpaste,activity_frequency_gradual,0.3,voidmass_movecount,5.399342626333237e-06,18,ok
payment_approval,toothpaste,activity_frequency_gradual,0.3,voidmass_movecount_bound,4.599336534738541e-06,18,ok
payment_approval,toothpaste,activity_frequency_gradual,0.3,voidmass_process_lower,6.4997002482414246e-06,18,ok
payment_approval,toothpaste,activity_frequency_gradual,0.3,voidmass_process_upper,5.60050830245018e-06,18,ok
payment_approval,toothpaste,activity_frequency_gradual,0.3,voidsalign3,0.00010739918798208237,18,ok
payment_approval,toothpaste,activity_frequency_gradual,0.3,voidsat2,0.00046830018982281757,18,ok
payment_approval,toothpaste,activity_frequency_gradual,0.3,weight_voidage,4.25996258854866e-05,18,ok
payment_approval,toothpaste,activity_frequency_gradual,0.4,aligned_duration_cache,0.0028009000234305,1,ok
payment_approval,toothpaste,activity_frequency_gradual,0.4,alignment_coverage_pn2_lower,0.00013789953663945198,18,ok
payment_approval,toothpaste,activity_frequency_gradual,0.4,alignment_coverage_pn2_upper,8.350098505616188e-05,18,ok
payment_approval,toothpaste,activity_frequency_gradual,0.4,classical,0.006950800307095,1,ok
payment_approval,toothpaste,activity_frequency_gradual,0.4,dv,5.618623200338334,1,ok
payment_approval,toothpaste,activity_frequency_gradual,0.4,executions_cache,5.500391125679016e-06,1,ok
payment_approval,toothpaste,activity_frequency_gradual,0.4,matchprob,5.300622433423996e-06,18,ok
payment_approval,toothpaste,activity_frequency_gradual,0.4,mean_leaf_skipprob,3.000255674123764e-06,1,ok
payment_approval,toothpaste,activity_frequency_gradual,0.4,salign_coverage,0.000173899345099926,18,ok
payment_approval,toothpaste,activity_frequency_gradual,0.4,skipprob,5.500391125679016e-06,18,ok
payment_approval,toothpaste,activity_frequency_gradual,0.4,traces,0.0027879001572728,1,ok
payment_approval,toothpaste,activity_frequency_gradual,0.4,voidmass_deficit_lower,1.0299962013959885e-05,18,ok
payment_approval,toothpaste,activity_frequency_gradual,0.4,voidmass_deficit_upper,5.800742655992508e-06,18,ok
payment_approval,toothpaste,activity_frequency_gradual,0.4,voidmass_movecount,4.898756742477417e-06,18,ok
payment_approval,toothpaste,activity_frequency_gradual,0.4,voidmass_movecount_bound,5.401205271482468e-06,18,ok
payment_approval,toothpaste,activity_frequency_gradual,0.4,voidmass_process_lower,5.501788109540939e-06,18,ok
payment_approval,toothpaste,activity_frequency_gradual,0.4,voidmass_process_upper,5.200505256652832e-06,18,ok
payment_approval,toothpaste,activity_frequency_gradual,0.4,voidsalign3,0.00010899966582655907,18,ok
payment_approval,toothpaste,activity_frequency_gradual,0.4,voidsat2,0.000528999604284743,18,ok
payment_approval,toothpaste,activity_frequency_gradual,0.4,weight_voidage,4.2698346078395844e-05,18,ok
payment_approval,toothpaste,activity_frequency_gradual,0.5,aligned_duration_cache,0.002777500078082,1,ok
payment_approval,toothpaste,activity_frequency_gradual,0.5,alignment_coverage_pn2_lower,0.00010449998080730438,18,ok
payment_approval,toothpaste,activity_frequency_gradual,0.5,alignment_coverage_pn2_upper,5.950033664703369e-05,18,ok
payment_approval,toothpaste,activity_frequency_gradual,0.5,classical,0.0042481999844312,1,ok
payment_approval,toothpaste,activity_frequency_gradual,0.5,dv,5.545913100242615,1,ok
payment_approval,toothpaste,activity_frequency_gradual,0.5,executions_cache,5.09992241859436e-06,1,ok
payment_approval,toothpaste,activity_frequency_gradual,0.5,matchprob,5.6996941566467285e-06,18,ok
payment_approval,toothpaste,activity_frequency_gradual,0.5,mean_leaf_skipprob,3.000255674123764e-06,1,ok
payment_approval,toothpaste,activity_frequency_gradual,0.5,salign_coverage,0.00013169972226023674,18,ok
payment_approval,toothpaste,activity_frequency_gradual,0.5,skipprob,5.498528480529785e-06,18,ok
payment_approval,toothpaste,activity_frequency_gradual,0.5,traces,0.0027638999745249,1,ok
payment_approval,toothpaste,activity_frequency_gradual,0.5,voidmass_deficit_lower,1.00000761449337e-05,18,ok
payment_approval,toothpaste,activity_frequency_gradual,0.5,voidmass_deficit_upper,6.202142685651779e-06,18,ok
payment_approval,toothpaste,activity_frequency_gradual,0.5,voidmass_movecount,5.098525434732437e-06,18,ok
payment_approval,toothpaste,activity_frequency_gradual,0.5,voidmass_movecount_bound,5.499459803104401e-06,18,ok
payment_approval,toothpaste,activity_frequency_gradual,0.5,voidmass_process_lower,6.101094186306e-06,18,ok
payment_approval,toothpaste,activity_frequency_gradual,0.5,voidmass_process_upper,5.000270903110504e-06,18,ok
payment_approval,toothpaste,activity_frequency_gradual,0.5,voidsalign3,8.310005068778992e-05,18,ok
payment_approval,toothpaste,activity_frequency_gradual,0.5,voidsat2,0.0006105001084505998,18,ok
payment_approval,toothpaste,activity_frequency_gradual,0.5,weight_voidage,4.37004491686821e-05,18,ok
payment_approval,toothpaste,activity_frequency_gradual,0.6,aligned_duration_cache,0.0027993000112473,1,ok
payment_approval,toothpaste,activity_frequency_gradual,0.6,alignment_coverage_pn2_lower,0.00019859941676254162,18,ok
payment_approval,toothpaste,activity_frequency_gradual,0.6,alignment_coverage_pn2_upper,9.539909660816193e-05,18,ok
payment_approval,toothpaste,activity_frequency_gradual,0.6,classical,0.0068032997660338,1,ok
payment_approval,toothpaste,activity_frequency_gradual,0.6,dv,5.635951799806207,1,ok
payment_approval,toothpaste,activity_frequency_gradual,0.6,executions_cache,5.000270903110504e-06,1,ok
payment_approval,toothpaste,activity_frequency_gradual,0.6,matchprob,5.801673978567123e-06,18,ok
payment_approval,toothpaste,activity_frequency_gradual,0.6,mean_leaf_skipprob,3.4999102354049683e-06,1,ok
payment_approval,toothpaste,activity_frequency_gradual,0.6,salign_coverage,0.00020880019292235374,18,ok
payment_approval,toothpaste,activity_frequency_gradual,0.6,skipprob,5.3998082876205444e-06,18,ok
payment_approval,toothpaste,activity_frequency_gradual,0.6,traces,0.002785800024867,1,ok
payment_approval,toothpaste,activity_frequency_gradual,0.6,voidmass_deficit_lower,1.1798925697803497e-05,18,ok
payment_approval,toothpaste,activity_frequency_gradual,0.6,voidmass_deficit_upper,5.899928510189056e-06,18,ok
payment_approval,toothpaste,activity_frequency_gradual,0.6,voidmass_movecount,4.699919372797012e-06,18,ok
payment_approval,toothpaste,activity_frequency_gradual,0.6,voidmass_movecount_bound,4.90015372633934e-06,18,ok
payment_approval,toothpaste,activity_frequency_gradual,0.6,voidmass_process_lower,7.200054824352264e-06,18,ok
payment_approval,toothpaste,activity_frequency_gradual,0.6,voidmass_process_upper,5.500391125679016e-06,18,ok
payment_approval,toothpaste,activity_frequency_gradual,0.6,voidsalign3,0.0001280996948480606,18,ok
payment_approval,toothpaste,activity_frequency_gradual,0.6,voidsat2,0.0004914994351565021,18,ok
payment_approval,toothpaste,activity_frequency_gradual,0.6,weight_voidage,4.379963502287865e-05,18,ok
payment_approval,toothpaste,activity_frequency_gradual,0.7,aligned_duration_cache,0.0026382999494671,1,ok
payment_approval,toothpaste,activity_frequency_gradual,0.7,alignment_coverage_pn2_lower,0.0001679002307355404,18,ok
payment_approval,toothpaste,activity_frequency_gradual,0.7,alignment_coverage_pn2_upper,9.530084207654e-05,18,ok
payment_approval,toothpaste,activity_frequency_gradual,0.7,classical,0.0068748998455703,1,ok
payment_approval,toothpaste,activity_frequency_gradual,0.7,dv,5.662953000050038,1,ok
payment_approval,toothpaste,activity_frequency_gradual,0.7,executions_cache,5.499925464391708e-06,1,ok
payment_approval,toothpaste,activity_frequency_gradual,0.7,matchprob,5.499459803104401e-06,18,ok
payment_approval,toothpaste,activity_frequency_gradual,0.7,mean_leaf_skipprob,3.200024366378784e-06,1,ok
payment_approval,toothpaste,activity_frequency_gradual,0.7,salign_coverage,0.00020409980788826942,18,ok
payment_approval,toothpaste,activity_frequency_gradual,0.7,skipprob,5.8002769947052e-06,18,ok
payment_approval,toothpaste,activity_frequency_gradual,0.7,traces,0.0026250998489558,1,ok
payment_approval,toothpaste,activity_frequency_gradual,0.7,voidmass_deficit_lower,9.400304406881332e-06,18,ok
payment_approval,toothpaste,activity_frequency_gradual,0.7,voidmass_deficit_upper,5.900394171476364e-06,18,ok
payment_approval,toothpaste,activity_frequency_gradual,0.7,voidmass_movecount,4.499219357967377e-06,18,ok
payment_approval,toothpaste,activity_frequency_gradual,0.7,voidmass_movecount_bound,5.498062819242477e-06,18,ok
payment_approval,toothpaste,activity_frequency_gradual,0.7,voidmass_process_lower,6.5998174250125885e-06,18,ok
payment_approval,toothpaste,activity_frequency_gradual,0.7,voidmass_process_upper,5.499925464391708e-06,18,ok
payment_approval,toothpaste,activity_frequency_gradual,0.7,voidsalign3,0.00012620026245713234,18,ok
payment_approval,toothpaste,activity_frequency_gradual,0.7,voidsat2,0.0004261988215148023,18,ok
payment_approval,toothpaste,activity_frequency_gradual,0.7,weight_voidage,4.420056939125061e-05,18,ok
payment_approval,toothpaste,activity_frequency_gradual,0.8,aligned_duration_cache,0.002395300194621,1,ok
payment_approval,toothpaste,activity_frequency_gradual,0.8,alignment_coverage_pn2_lower,9.679840877652168e-05,18,ok
payment_approval,toothpaste,activity_frequency_gradual,0.8,alignment_coverage_pn2_upper,5.6101009249687195e-05,18,ok
payment_approval,toothpaste,activity_frequency_gradual,0.8,classical,0.004042699933052,1,ok
payment_approval,toothpaste,activity_frequency_gradual,0.8,dv,5.508481699973345,1,ok
payment_approval,toothpaste,activity_frequency_gradual,0.8,executions_cache,6.00004568696022e-06,1,ok
payment_approval,toothpaste,activity_frequency_gradual,0.8,matchprob,5.200505256652832e-06,18,ok
payment_approval,toothpaste,activity_frequency_gradual,0.8,mean_leaf_skipprob,3.100372850894928e-06,1,ok
payment_approval,toothpaste,activity_frequency_gradual,0.8,salign_coverage,0.00013090064749121666,18,ok
payment_approval,toothpaste,activity_frequency_gradual,0.8,skipprob,5.400273948907852e-06,18,ok
payment_approval,toothpaste,activity_frequency_gradual,0.8,traces,0.0023815999738872,1,ok
payment_approval,toothpaste,activity_frequency_gradual,0.8,voidmass_deficit_lower,9.999610483646393e-06,18,ok
payment_approval,toothpaste,activity_frequency_gradual,0.8,voidmass_deficit_upper,6.0996972024440765e-06,18,ok
payment_approval,toothpaste,activity_frequency_gradual,0.8,voidmass_movecount,4.699453711509705e-06,18,ok
payment_approval,toothpaste,activity_frequency_gradual,0.8,voidmass_movecount_bound,4.8996880650520325e-06,18,ok
payment_approval,toothpaste,activity_frequency_gradual,0.8,voidmass_process_lower,6.100162863731384e-06,18,ok
payment_approval,toothpaste,activity_frequency_gradual,0.8,voidmass_process_upper,5.5995769798755646e-06,18,ok
payment_approval,toothpaste,activity_frequency_gradual,0.8,voidsalign3,8.01985152065754e-05,18,ok
payment_approval,toothpaste,activity_frequency_gradual,0.8,voidsat2,0.00026590097695589066,18,ok
payment_approval,toothpaste,activity_frequency_gradual,0.8,weight_voidage,4.310021176934242e-05,18,ok
payment_approval,toothpaste,activity_frequency_gradual,0.9,aligned_duration_cache,0.0012669004499912,1,ok
payment_approval,toothpaste,activity_frequency_gradual,0.9,alignment_coverage_pn2_lower,0.00010079843923449516,18,ok
payment_approval,toothpaste,activity_frequency_gradual,0.9,alignment_coverage_pn2_upper,6.029987707734108e-05,18,ok
payment_approval,toothpaste,activity_frequency_gradual,0.9,classical,0.0037998999468982,1,ok
payment_approval,toothpaste,activity_frequency_gradual,0.9,dv,5.431340099778026,1,ok
payment_approval,toothpaste,activity_frequency_gradual,0.9,executions_cache,6.500165909528732e-06,1,ok
payment_approval,toothpaste,activity_frequency_gradual,0.9,matchprob,5.698297172784805e-06,18,ok
payment_approval,toothpaste,activity_frequency_gradual,0.9,mean_leaf_skipprob,2.800021320581436e-06,1,ok
payment_approval,toothpaste,activity_frequency_gradual,0.9,salign_coverage,0.000124999787658453,18,ok
payment_approval,toothpaste,activity_frequency_gradual,0.9,skipprob,5.500391125679016e-06,18,ok
payment_approval,toothpaste,activity_frequency_gradual,0.9,traces,0.001252899877727,1,ok
payment_approval,toothpaste,activity_frequency_gradual,0.9,voidmass_deficit_lower,9.200535714626312e-06,18,ok
payment_approval,toothpaste,activity_frequency_gradual,0.9,voidmass_deficit_upper,5.600042641162872e-06,18,ok
payment_approval,toothpaste,activity_frequency_gradual,0.9,voidmass_movecount,5.2996911108493805e-06,18,ok
payment_approval,toothpaste,activity_frequency_gradual,0.9,voidmass_movecount_bound,5.100388079881668e-06,18,ok
payment_approval,toothpaste,activity_frequency_gradual,0.9,voidmass_process_lower,6.299931555986404e-06,18,ok
payment_approval,toothpaste,activity_frequency_gradual,0.9,voidmass_process_upper,5.999114364385605e-06,18,ok
payment_approval,toothpaste,activity_frequency_gradual,0.9,voidsalign3,7.710093632340431e-05,18,ok
payment_approval,toothpaste,activity_frequency_gradual,0.9,voidsat2,0.0001534000039100647,18,ok
payment_approval,toothpaste,activity_frequency_gradual,0.9,weight_voidage,4.2500440031290054e-05,18,ok
payment_approval,toothpaste,activity_gradual,0.1,aligned_duration_cache,0.0029469998553395,1,ok
payment_approval,toothpaste,activity_gradual,0.1,alignment_coverage_pn2_lower,0.00035329908132548607,18,ok
payment_approval,toothpaste,activity_gradual,0.1,alignment_coverage_pn2_upper,0.00021410174667835236,18,ok
payment_approval,toothpaste,activity_gradual,0.1,classical,0.0184474000707268,1,ok
payment_approval,toothpaste,activity_gradual,0.1,dv,6.375332199968398,1,ok
payment_approval,toothpaste,activity_gradual,0.1,executions_cache,5.5995769798755646e-06,1,ok
payment_approval,toothpaste,activity_gradual,0.1,matchprob,5.900394171476364e-06,18,ok
payment_approval,toothpaste,activity_gradual,0.1,mean_leaf_skipprob,3.1995587050914764e-06,1,ok
payment_approval,toothpaste,activity_gradual,0.1,salign_coverage,0.00037730066105717375,18,ok
payment_approval,toothpaste,activity_gradual,0.1,skipprob,5.999580025672913e-06,18,ok
payment_approval,toothpaste,activity_gradual,0.1,traces,0.002930300310254,1,ok
payment_approval,toothpaste,activity_gradual,0.1,voidmass_deficit_lower,8.798670023679733e-06,18,ok
payment_approval,toothpaste,activity_gradual,0.1,voidmass_deficit_upper,5.500391125679016e-06,18,ok
payment_approval,toothpaste,activity_gradual,0.1,voidmass_movecount,6.000511348247528e-06,18,ok
payment_approval,toothpaste,activity_gradual,0.1,voidmass_movecount_bound,5.3015537559986115e-06,18,ok
payment_approval,toothpaste,activity_gradual,0.1,voidmass_process_lower,5.7998113334178925e-06,18,ok
payment_approval,toothpaste,activity_gradual,0.1,voidmass_process_upper,5.2996911108493805e-06,18,ok
payment_approval,toothpaste,activity_gradual,0.1,voidsalign3,0.000283100176602602,18,ok
payment_approval,toothpaste,activity_gradual,0.1,voidsat2,0.0005536004900931557,18,ok
payment_approval,toothpaste,activity_gradual,0.1,weight_voidage,4.550023004412651e-05,18,ok
payment_approval,toothpaste,activity_gradual,0.2,aligned_duration_cache,0.0028610997833311,1,ok
payment_approval,toothpaste,activity_gradual,0.2,alignment_coverage_pn2_lower,0.0002482985146343708,18,ok
payment_approval,toothpaste,activity_gradual,0.2,alignment_coverage_pn2_upper,0.00015300000086426735,18,ok
payment_approval,toothpaste,activity_gradual,0.2,classical,0.0126314000226557,1,ok
payment_approval,toothpaste,activity_gradual,0.2,dv,6.100407700054348,1,ok
payment_approval,toothpaste,activity_gradual,0.2,executions_cache,5.09992241859436e-06,1,ok
payment_approval,toothpaste,activity_gradual,0.2,matchprob,5.500391125679016e-06,18,ok
payment_approval,toothpaste,activity_gradual,0.2,mean_leaf_skipprob,3.09990718960762e-06,1,ok
payment_approval,toothpaste,activity_gradual,0.2,salign_coverage,0.0002833008766173697,18,ok
payment_approval,toothpaste,activity_gradual,0.2,skipprob,5.499459803104401e-06,18,ok
payment_approval,toothpaste,activity_gradual,0.2,traces,0.0028470000252127,1,ok
payment_approval,toothpaste,activity_gradual,0.2,voidmass_deficit_lower,1.1800788342952728e-05,18,ok
payment_approval,toothpaste,activity_gradual,0.2,voidmass_deficit_upper,6.299931555986404e-06,18,ok
payment_approval,toothpaste,activity_gradual,0.2,voidmass_movecount,5.300156772136688e-06,18,ok
payment_approval,toothpaste,activity_gradual,0.2,voidmass_movecount_bound,5.999580025672913e-06,18,ok
payment_approval,toothpaste,activity_gradual,0.2,voidmass_process_lower,6.499234586954117e-06,18,ok
payment_approval,toothpaste,activity_gradual,0.2,voidmass_process_upper,5.698762834072113e-06,18,ok
payment_approval,toothpaste,activity_gradual,0.2,voidsalign3,0.00018189987167716026,18,ok
payment_approval,toothpaste,activity_gradual,0.2,voidsat2,0.0005111009813844825,18,ok
payment_approval,toothpaste,activity_gradual,0.2,weight_voidage,4.5501627027988434e-05,18,ok
payment_approval,toothpaste,activity_gradual,0.3,aligned_duration_cache,0.0026982999406754,1,ok
payment_approval,toothpaste,activity_gradual,0.3,alignment_coverage_pn2_lower,0.0002445010468363762,18,ok
payment_approval,toothpaste,activity_gradual,0.3,alignment_coverage_pn2_upper,0.00015489989891648293,18,ok
payment_approval,toothpaste,activity_gradual,0.3,classical,0.0125942998565733,1,ok
payment_approval,toothpaste,activity_gradual,0.3,dv,6.083217400126159,1,ok
payment_approval,toothpaste,activity_gradual,0.3,executions_cache,5.2996911108493805e-06,1,ok
payment_approval,toothpaste,activity_gradual,0.3,matchprob,5.7998113334178925e-06,18,ok
payment_approval,toothpaste,activity_gradual,0.3,mean_leaf_skipprob,4.200264811515808e-06,1,ok
payment_approval,toothpaste,activity_gradual,0.3,salign_coverage,0.0002999003045260346,18,ok
payment_approval,toothpaste,activity_gradual,0.3,skipprob,5.400273948907852e-06,18,ok
payment_approval,toothpaste,activity_gradual,0.3,traces,0.0026843999512493,1,ok
payment_approval,toothpaste,activity_gradual,0.3,voidmass_deficit_lower,1.050066202878952e-05,18,ok
payment_approval,toothpaste,activity_gradual,0.3,voidmass_deficit_upper,6.9998204708099365e-06,18,ok
payment_approval,toothpaste,activity_gradual,0.3,voidmass_movecount,6.401445716619492e-06,18,ok
payment_approval,toothpaste,activity_gradual,0.3,voidmass_movecount_bound,5.7998113334178925e-06,18,ok
payment_approval,toothpaste,activity_gradual,0.3,voidmass_process_lower,6.100628525018692e-06,18,ok
payment_approval,toothpaste,activity_gradual,0.3,voidmass_process_upper,6.400980055332184e-06,18,ok
payment_approval,toothpaste,activity_gradual,0.3,voidsalign3,0.00018060021102428436,18,ok
payment_approval,toothpaste,activity_gradual,0.3,voidsat2,0.0005106981843709573,18,ok
payment_approval,toothpaste,activity_gradual,0.3,weight_voidage,4.399893805384636e-05,18,ok
payment_approval,toothpaste,activity_gradual,0.4,aligned_duration_cache,0.0027296999469399,1,ok
payment_approval,toothpaste,activity_gradual,0.4,alignment_coverage_pn2_lower,0.0003148992545902385,18,ok
payment_approval,toothpaste,activity_gradual,0.4,alignment_coverage_pn2_upper,0.00019400008022785187,18,ok
payment_approval,toothpaste,activity_gradual,0.4,classical,0.0136346998624503,1,ok
payment_approval,toothpaste,activity_gradual,0.4,dv,6.06327599985525,1,ok
payment_approval,toothpaste,activity_gradual,0.4,executions_cache,4.999805241823196e-06,1,ok
payment_approval,toothpaste,activity_gradual,0.4,matchprob,5.498528480529785e-06,18,ok
payment_approval,toothpaste,activity_gradual,0.4,mean_leaf_skipprob,3.600027412176132e-06,1,ok
payment_approval,toothpaste,activity_gradual,0.4,salign_coverage,0.00043480051681392786,18,ok
payment_approval,toothpaste,activity_gradual,0.4,skipprob,5.499925464391708e-06,18,ok
payment_approval,toothpaste,activity_gradual,0.4,traces,0.0027151997201144,1,ok
payment_approval,toothpaste,activity_gradual,0.4,voidmass_deficit_lower,1.0998919606208801e-05,18,ok
payment_approval,toothpaste,activity_gradual,0.4,voidmass_deficit_upper,6.299465894699097e-06,18,ok
payment_approval,toothpaste,activity_gradual,0.4,voidmass_movecount,5.098991096019745e-06,18,ok
payment_approval,toothpaste,activity_gradual,0.4,voidmass_movecount_bound,6.000977009534836e-06,18,ok
payment_approval,toothpaste,activity_gradual,0.4,voidmass_process_lower,5.999580025672913e-06,18,ok
payment_approval,toothpaste,activity_gradual,0.4,voidmass_process_upper,6.800983101129532e-06,18,ok
payment_approval,toothpaste,activity_gradual,0.4,voidsalign3,0.00024200044572353363,18,ok
payment_approval,toothpaste,activity_gradual,0.4,voidsat2,0.0006347005255519677,18,ok
payment_approval,toothpaste,activity_gradual,0.4,weight_voidage,4.489952698349953e-05,18,ok
payment_approval,toothpaste,activity_gradual,0.5,aligned_duration_cache,0.0028727003373205,1,ok
payment_approval,toothpaste,activity_gradual,0.5,alignment_coverage_pn2_lower,0.0003144000656901923,18,ok
payment_approval,toothpaste,activity_gradual,0.5,alignment_coverage_pn2_upper,0.0001759999431669712,18,ok
payment_approval,toothpaste,activity_gradual,0.5,classical,0.013795499689877,1,ok
payment_approval,toothpaste,activity_gradual,0.5,dv,6.082940200343728,1,ok
payment_approval,toothpaste,activity_gradual,0.5,executions_cache,5.000270903110504e-06,1,ok
payment_approval,toothpaste,activity_gradual,0.5,matchprob,5.8002769947052e-06,18,ok
payment_approval,toothpaste,activity_gradual,0.5,mean_leaf_skipprob,3.200024366378784e-06,1,ok
payment_approval,toothpaste,activity_gradual,0.5,salign_coverage,0.0003851987421512275,18,ok
payment_approval,toothpaste,activity_gradual,0.5,skipprob,5.799345672130585e-06,18,ok
payment_approval,toothpaste,activity_gradual,0.5,traces,0.0028584999963641,1,ok
payment_approval,toothpaste,activity_gradual,0.5,voidmass_deficit_lower,1.090019941329956e-05,18,ok
payment_approval,toothpaste,activity_gradual,0.5,voidmass_deficit_upper,6.001908332109451e-06,18,ok
payment_approval,toothpaste,activity_gradual,0.5,voidmass_movecount,5.898997187614441e-06,18,ok
payment_approval,toothpaste,activity_gradual,0.5,voidmass_movecount_bound,5.7998113334178925e-06,18,ok
payment_approval,toothpaste,activity_gradual,0.5,voidmass_process_lower,6.00004568696022e-06,18,ok
payment_approval,toothpaste,activity_gradual,0.5,voidmass_process_upper,6.0014426708221436e-06,18,ok
payment_approval,toothpaste,activity_gradual,0.5,voidsalign3,0.00024480046704411507,18,ok
payment_approval,toothpaste,activity_gradual,0.5,voidsat2,0.000598200131207695,18,ok
payment_approval,toothpaste,activity_gradual,0.5,weight_voidage,4.730047658085823e-05,18,ok
payment_approval,toothpaste,activity_gradual,0.6,aligned_duration_cache,0.0027191000990569,1,ok
payment_approval,toothpaste,activity_gradual,0.6,alignment_coverage_pn2_lower,0.00027739955112331604,18,ok
payment_approval,toothpaste,activity_gradual,0.6,alignment_coverage_pn2_upper,0.0001689000055193901,18,ok
payment_approval,toothpaste,activity_gradual,0.6,classical,0.0134772001765668,1,ok
payment_approval,toothpaste,activity_gradual,0.6,dv,5.941316700074822,1,ok
payment_approval,toothpaste,activity_gradual,0.6,executions_cache,5.000270903110504e-06,1,ok
payment_approval,toothpaste,activity_gradual,0.6,matchprob,5.6014396250247955e-06,18,ok
payment_approval,toothpaste,activity_gradual,0.6,mean_leaf_skipprob,3.09990718960762e-06,1,ok
payment_approval,toothpaste,activity_gradual,0.6,salign_coverage,0.00038440013304343187,18,ok
payment_approval,toothpaste,activity_gradual,0.6,skipprob,5.699228495359421e-06,18,ok
payment_approval,toothpaste,activity_gradual,0.6,traces,0.0027045998722314,1,ok
payment_approval,toothpaste,activity_gradual,0.6,voidmass_deficit_lower,1.1101365089416504e-05,18,ok
payment_approval,toothpaste,activity_gradual,0.6,voidmass_deficit_upper,5.60050830245018e-06,18,ok
payment_approval,toothpaste,activity_gradual,0.6,voidmass_movecount,6.000511348247528e-06,18,ok
payment_approval,toothpaste,activity_gradual,0.6,voidmass_movecount_bound,4.901085048913956e-06,18,ok
payment_approval,toothpaste,activity_gradual,0.6,voidmass_process_lower,5.6996941566467285e-06,18,ok
payment_approval,toothpaste,activity_gradual,0.6,voidmass_process_upper,5.6996941566467285e-06,18,ok
payment_approval,toothpaste,activity_gradual,0.6,voidsalign3,0.00023090094327926636,18,ok
payment_approval,toothpaste,activity_gradual,0.6,voidsat2,0.0005477010272442557,18,ok
payment_approval,toothpaste,activity_gradual,0.6,weight_voidage,4.670070484280586e-05,18,ok
payment_approval,toothpaste,activity_gradual,0.7,aligned_duration_cache,0.0028025000356137,1,ok
payment_approval,toothpaste,activity_gradual,0.7,alignment_coverage_pn2_lower,0.0002084001898765564,18,ok
payment_approval,toothpaste,activity_gradual,0.7,alignment_coverage_pn2_upper,0.00012779934331774712,18,ok
payment_approval,toothpaste,activity_gradual,0.7,classical,0.0127008999697864,1,ok
payment_approval,toothpaste,activity_gradual,0.7,dv,5.930970099754632,1,ok
payment_approval,toothpaste,activity_gradual,0.7,executions_cache,4.90015372633934e-06,1,ok
payment_approval,toothpaste,activity_gradual,0.7,matchprob,5.199108272790909e-06,18,ok
payment_approval,toothpaste,activity_gradual,0.7,mean_leaf_skipprob,3.200024366378784e-06,1,ok
payment_approval,toothpaste,activity_gradual,0.7,salign_coverage,0.0002685994841157902,18,ok
payment_approval,toothpaste,activity_gradual,0.7,skipprob,5.399342626333237e-06,18,ok
payment_approval,toothpaste,activity_gradual,0.7,traces,0.0027884002774953,1,ok
payment_approval,toothpaste,activity_gradual,0.7,voidmass_deficit_lower,1.180032268166542e-05,18,ok
payment_approval,toothpaste,activity_gradual,0.7,voidmass_deficit_upper,5.999114364385605e-06,18,ok
payment_approval,toothpaste,activity_gradual,0.7,voidmass_movecount,6.100628525018692e-06,18,ok
payment_approval,toothpaste,activity_gradual,0.7,voidmass_movecount_bound,5.300622433423996e-06,18,ok
payment_approval,toothpaste,activity_gradual,0.7,voidmass_process_lower,6.30086287856102e-06,18,ok
payment_approval,toothpaste,activity_gradual,0.7,voidmass_process_upper,5.7998113334178925e-06,18,ok
payment_approval,toothpaste,activity_gradual,0.7,voidsalign3,0.00016959942877292633,18,ok
payment_approval,toothpaste,activity_gradual,0.7,voidsat2,0.00033499998971814446,18,ok
payment_approval,toothpaste,activity_gradual,0.7,weight_voidage,4.440033808350563e-05,18,ok
payment_approval,toothpaste,activity_gradual,0.8,aligned_duration_cache,0.0020318999886512,1,ok
payment_approval,toothpaste,activity_gradual,0.8,alignment_coverage_pn2_lower,0.00012730015441775322,18,ok
payment_approval,toothpaste,activity_gradual,0.8,alignment_coverage_pn2_upper,7.579801604151726e-05,18,ok
payment_approval,toothpaste,activity_gradual,0.8,classical,0.0075038000941276,1,ok
payment_approval,toothpaste,activity_gradual,0.8,dv,5.530594499781728,1,ok
payment_approval,toothpaste,activity_gradual,0.8,executions_cache,5.200039595365524e-06,1,ok
payment_approval,toothpaste,activity_gradual,0.8,matchprob,5.298759788274765e-06,18,ok
payment_approval,toothpaste,activity_gradual,0.8,mean_leaf_skipprob,3.2996758818626404e-06,1,ok
payment_approval,toothpaste,activity_gradual,0.8,salign_coverage,0.0001863003708422184,18,ok
payment_approval,toothpaste,activity_gradual,0.8,skipprob,5.7998113334178925e-06,18,ok
payment_approval,toothpaste,activity_gradual,0.8,traces,0.0020182002335786,1,ok
payment_approval,toothpaste,activity_gradual,0.8,voidmass_deficit_lower,1.0199379175901413e-05,18,ok
payment_approval,toothpaste,activity_gradual,0.8,voidmass_deficit_upper,5.898997187614441e-06,18,ok
payment_approval,toothpaste,activity_gradual,0.8,voidmass_movecount,5.299225449562073e-06,18,ok
payment_approval,toothpaste,activity_gradual,0.8,voidmass_movecount_bound,5.90132549405098e-06,18,ok
payment_approval,toothpaste,activity_gradual,0.8,voidmass_process_lower,6.600748747587204e-06,18,ok
payment_approval,toothpaste,activity_gradual,0.8,voidmass_process_upper,5.499459803104401e-06,18,ok
payment_approval,toothpaste,activity_gradual,0.8,voidsalign3,0.00010170042514801025,18,ok
payment_approval,toothpaste,activity_gradual,0.8,voidsat2,0.00023469887673854828,18,ok
payment_approval,toothpaste,activity_gradual,0.8,weight_voidage,9.579956531524658e-05,18,ok
payment_approval,toothpaste,activity_gradual,0.9,aligned_duration_cache,0.0017313999123871,1,ok
payment_approval,toothpaste,activity_gradual,0.9,alignment_coverage_pn2_lower,7.46995210647583e-05,18,ok
payment_approval,toothpaste,activity_gradual,0.9,alignment_coverage_pn2_upper,4.670163616538048e-05,18,ok
payment_approval,toothpaste,activity_gradual,0.9,classical,0.0042032999917864,1,ok
payment_approval,toothpaste,activity_gradual,0.9,dv,5.4491934003308415,1,ok
payment_approval,toothpaste,activity_gradual,0.9,executions_cache,5.600042641162872e-06,1,ok
payment_approval,toothpaste,activity_gradual,0.9,matchprob,5.2996911108493805e-06,18,ok
payment_approval,toothpaste,activity_gradual,0.9,mean_leaf_skipprob,3.300141543149948e-06,1,ok
payment_approval,toothpaste,activity_gradual,0.9,salign_coverage,9.030057117342949e-05,18,ok
payment_approval,toothpaste,activity_gradual,0.9,skipprob,5.398876965045929e-06,18,ok
payment_approval,toothpaste,activity_gradual,0.9,traces,0.0017181001603603,1,ok
payment_approval,toothpaste,activity_gradual,0.9,voidmass_deficit_lower,9.999144822359085e-06,18,ok
payment_approval,toothpaste,activity_gradual,0.9,voidmass_deficit_upper,6.100628525018692e-06,18,ok
payment_approval,toothpaste,activity_gradual,0.9,voidmass_movecount,5.300156772136688e-06,18,ok
payment_approval,toothpaste,activity_gradual,0.9,voidmass_movecount_bound,5.700159817934036e-06,18,ok
payment_approval,toothpaste,activity_gradual,0.9,voidmass_process_lower,5.6996941566467285e-06,18,ok
payment_approval,toothpaste,activity_gradual,0.9,voidmass_process_upper,6.1998143792152405e-06,18,ok
payment_approval,toothpaste,activity_gradual,0.9,voidsalign3,5.850009620189667e-05,18,ok
payment_approval,toothpaste,activity_gradual,0.9,voidsat2,0.0001253983937203884,18,ok
payment_approval,toothpaste,activity_gradual,0.9,weight_voidage,4.269927740097046e-05,18,ok
payment_approval,toothpaste,trace,0.1,aligned_duration_cache,0.0025853998959064,1,ok
payment_approval,toothpaste,trace,0.1,alignment_coverage_pn2_lower,0.012470499612390952,18,ok
payment_approval,toothpaste,trace,0.1,alignment_coverage_pn2_upper,0.00016190018504858017,18,ok
payment_approval,toothpaste,trace,0.1,classical,0.0130163999274373,1,ok
payment_approval,toothpaste,trace,0.1,dv,5.844043700024486,1,ok
payment_approval,toothpaste,trace,0.1,executions_cache,4.90015372633934e-06,1,ok
payment_approval,toothpaste,trace,0.1,matchprob,5.3015537559986115e-06,18,ok
payment_approval,toothpaste,trace,0.1,mean_leaf_skipprob,2.800021320581436e-06,1,ok
payment_approval,toothpaste,trace,0.1,salign_coverage,0.00027990015223617156,18,ok
payment_approval,toothpaste,trace,0.1,skipprob,6.100162863731384e-06,18,ok
payment_approval,toothpaste,trace,0.1,traces,0.0025720000267028,1,ok
payment_approval,toothpaste,trace,0.1,voidmass_deficit_lower,8.00006091594696e-06,18,ok
payment_approval,toothpaste,trace,0.1,voidmass_deficit_upper,5.20097091794014e-06,18,ok
payment_approval,toothpaste,trace,0.1,voidmass_movecount,4.501547664403915e-06,18,ok
payment_approval,toothpaste,trace,0.1,voidmass_movecount_bound,4.198867827653885e-06,18,ok
payment_approval,toothpaste,trace,0.1,voidmass_process_lower,5.400273948907852e-06,18,ok
payment_approval,toothpaste,trace,0.1,voidmass_process_upper,5.00120222568512e-06,18,ok
payment_approval,toothpaste,trace,0.1,voidsalign3,0.00017899973317980766,18,ok
payment_approval,toothpaste,trace,0.1,voidsat2,0.0005105002783238332,18,ok
payment_approval,toothpaste,trace,0.1,weight_voidage,4.3200328946113586e-05,18,ok
payment_approval,toothpaste,trace,0.2,aligned_duration_cache,0.0023957001976668,1,ok
payment_approval,toothpaste,trace,0.2,alignment_coverage_pn2_lower,0.0002577994018793106,18,ok
payment_approval,toothpaste,trace,0.2,alignment_coverage_pn2_upper,0.00016020052134990692,18,ok
payment_approval,toothpaste,trace,0.2,classical,0.0131742996163666,1,ok
payment_approval,toothpaste,trace,0.2,dv,5.877680799923837,1,ok
payment_approval,toothpaste,trace,0.2,executions_cache,5.200039595365524e-06,1,ok
payment_approval,toothpaste,trace,0.2,matchprob,5.999114364385605e-06,18,ok
payment_approval,toothpaste,trace,0.2,mean_leaf_skipprob,4.00003045797348e-06,1,ok
payment_approval,toothpaste,trace,0.2,salign_coverage,0.00029529863968490123,18,ok
payment_approval,toothpaste,trace,0.2,skipprob,5.6978315114974976e-06,18,ok
payment_approval,toothpaste,trace,0.2,traces,0.0023818998597562,1,ok
payment_approval,toothpaste,trace,0.2,voidmass_deficit_lower,1.069856807589531e-05,18,ok
payment_approval,toothpaste,trace,0.2,voidmass_deficit_upper,5.900859832763672e-06,18,ok
payment_approval,toothpaste,trace,0.2,voidmass_movecount,5.400273948907852e-06,18,ok
payment_approval,toothpaste,trace,0.2,voidmass_movecount_bound,5.401205271482468e-06,18,ok
payment_approval,toothpaste,trace,0.2,voidmass_process_lower,6.500165909528732e-06,18,ok
payment_approval,toothpaste,trace,0.2,voidmass_process_upper,5.6996941566467285e-06,18,ok
payment_approval,toothpaste,trace,0.2,voidsalign3,0.00017890054732561111,18,ok
payment_approval,toothpaste,trace,0.2,voidsat2,0.0005572997033595537,18,ok
payment_approval,toothpaste,trace,0.2,weight_voidage,4.4899992644786835e-05,18,ok
payment_approval,toothpaste,trace,0.3,aligned_duration_cache,0.0020666997879743,1,ok
payment_approval,toothpaste,trace,0.3,alignment_coverage_pn2_lower,0.0001832009293138981,18,ok
payment_approval,toothpaste,trace,0.3,alignment_coverage_pn2_upper,0.00011460110545158386,18,ok
payment_approval,toothpaste,trace,0.3,classical,0.0096976999193429,1,ok
payment_approval,toothpaste,trace,0.3,dv,5.766894000116736,1,ok
payment_approval,toothpaste,trace,0.3,executions_cache,4.800036549568176e-06,1,ok
payment_approval,toothpaste,trace,0.3,matchprob,5.3998082876205444e-06,18,ok
payment_approval,toothpaste,trace,0.3,mean_leaf_skipprob,3.09990718960762e-06,1,ok
payment_approval,toothpaste,trace,0.3,salign_coverage,0.0002301991917192365,18,ok
payment_approval,toothpaste,trace,0.3,skipprob,5.799345672130585e-06,18,ok
payment_approval,toothpaste,trace,0.3,traces,0.0020530996844172,1,ok
payment_approval,toothpaste,trace,0.3,voidmass_deficit_lower,1.039961352944374e-05,18,ok
payment_approval,toothpaste,trace,0.3,voidmass_deficit_upper,5.400273948907852e-06,18,ok
payment_approval,toothpaste,trace,0.3,voidmass_movecount,5.900394171476364e-06,18,ok
payment_approval,toothpaste,trace,0.3,voidmass_movecount_bound,5.900859832763672e-06,18,ok
payment_approval,toothpaste,trace,0.3,voidmass_process_lower,6.00004568696022e-06,18,ok
payment_approval,toothpaste,trace,0.3,voidmass_process_upper,6.000977009534836e-06,18,ok
payment_approval,toothpaste,trace,0.3,voidsalign3,0.0001317993737757206,18,ok
payment_approval,toothpaste,trace,0.3,voidsat2,0.00042370054870843193,18,ok
payment_approval,toothpaste,trace,0.3,weight_voidage,4.330044612288475e-05,18,ok
payment_approval,toothpaste,trace,0.4,aligned_duration_cache,0.0020230002701282,1,ok
payment_approval,toothpaste,trace,0.4,alignment_coverage_pn2_lower,0.00018039997667074203,18,ok
payment_approval,toothpaste,trace,0.4,alignment_coverage_pn2_upper,0.00011439947411417961,18,ok
payment_approval,toothpaste,trace,0.4,classical,0.0097950999625027,1,ok
payment_approval,toothpaste,trace,0.4,dv,5.821468600071967,1,ok
payment_approval,toothpaste,trace,0.4,executions_cache,5.400273948907852e-06,1,ok
payment_approval,toothpaste,trace,0.4,matchprob,5.7998113334178925e-06,18,ok
payment_approval,toothpaste,trace,0.4,mean_leaf_skipprob,2.800021320581436e-06,1,ok
payment_approval,toothpaste,trace,0.4,salign_coverage,0.00021009892225265503,18,ok
payment_approval,toothpaste,trace,0.4,skipprob,5.2996911108493805e-06,18,ok
payment_approval,toothpaste,trace,0.4,traces,0.0020093000493943,1,ok
payment_approval,toothpaste,trace,0.4,voidmass_deficit_lower,1.0199379175901413e-05,18,ok
payment_approval,toothpaste,trace,0.4,voidmass_deficit_upper,6.599351763725281e-06,18,ok
payment_approval,toothpaste,trace,0.4,voidmass_movecount,5.3998082876205444e-06,18,ok
payment_approval,toothpaste,trace,0.4,voidmass_movecount_bound,4.999805241823196e-06,18,ok
payment_approval,toothpaste,trace,0.4,voidmass_process_lower,6.499234586954117e-06,18,ok
payment_approval,toothpaste,trace,0.4,voidmass_process_upper,6.198417395353317e-06,18,ok
payment_approval,toothpaste,trace,0.4,voidsalign3,0.00012560002505779266,18,ok
payment_approval,toothpaste,trace,0.4,voidsat2,0.00039419997483486466,18,ok
payment_approval,toothpaste,trace,0.4,weight_voidage,4.379916936159134e-05,18,ok
payment_approval,toothpaste,trace,0.5,aligned_duration_cache,0.0016900999471545,1,ok
payment_approval,toothpaste,trace,0.5,alignment_coverage_pn2_lower,0.0001533995382487774,18,ok
payment_approval,toothpaste,trace,0.5,alignment_coverage_pn2_upper,9.110197424888611e-05,18,ok
payment_approval,toothpaste,trace,0.5,classical,0.0071386001072824,1,ok
payment_approval,toothpaste,trace,0.5,dv,5.56244229990989,1,ok
payment_approval,toothpaste,trace,0.5,executions_cache,5.700159817934036e-06,1,ok
payment_approval,toothpaste,trace,0.5,matchprob,6.001908332109451e-06,18,ok
payment_approval,toothpaste,trace,0.5,mean_leaf_skipprob,3.200024366378784e-06,1,ok
payment_approval,toothpaste,trace,0.5,salign_coverage,0.000166300218552351,18,ok
payment_approval,toothpaste,trace,0.5,skipprob,5.600042641162872e-06,18,ok
payment_approval,toothpaste,trace,0.5,traces,0.0016766996122896,1,ok
payment_approval,toothpaste,trace,0.5,voidmass_deficit_lower,1.0799616575241089e-05,18,ok
payment_approval,toothpaste,trace,0.5,voidmass_deficit_upper,5.798880010843277e-06,18,ok
payment_approval,toothpaste,trace,0.5,voidmass_movecount,5.899462848901749e-06,18,ok
payment_approval,toothpaste,trace,0.5,voidmass_movecount_bound,5.2996911108493805e-06,18,ok
payment_approval,toothpaste,trace,0.5,voidmass_process_lower,6.400980055332184e-06,18,ok
payment_approval,toothpaste,trace,0.5,voidmass_process_upper,6.298534572124481e-06,18,ok
payment_approval,toothpaste,trace,0.5,voidsalign3,0.00010270019993185997,18,ok
payment_approval,toothpaste,trace,0.5,voidsat2,0.0003277994692325592,18,ok
payment_approval,toothpaste,trace,0.5,weight_voidage,4.570046439766884e-05,18,ok
payment_approval,toothpaste,trace,0.6,aligned_duration_cache,0.0013007000088691,1,ok
payment_approval,toothpaste,trace,0.6,alignment_coverage_pn2_lower,0.00016729999333620071,18,ok
payment_approval,toothpaste,trace,0.6,alignment_coverage_pn2_upper,9.409990161657333e-05,18,ok
payment_approval,toothpaste,trace,0.6,classical,0.0069308998063206,1,ok
payment_approval,toothpaste,trace,0.6,dv,5.567214900162071,1,ok
payment_approval,toothpaste,trace,0.6,executions_cache,5.09992241859436e-06,1,ok
payment_approval,toothpaste,trace,0.6,matchprob,5.700159817934036e-06,18,ok
payment_approval,toothpaste,trace,0.6,mean_leaf_skipprob,3.100372850894928e-06,1,ok
payment_approval,toothpaste,trace,0.6,salign_coverage,0.00016599847003817558,18,ok
payment_approval,toothpaste,trace,0.6,skipprob,6.100628525018692e-06,18,ok
payment_approval,toothpaste,trace,0.6,traces,0.001287399791181,1,ok
payment_approval,toothpaste,trace,0.6,voidmass_deficit_lower,1.0699965059757233e-05,18,ok
payment_approval,toothpaste,trace,0.6,voidmass_deficit_upper,6.199348717927933e-06,18,ok
payment_approval,toothpaste,trace,0.6,voidmass_movecount,5.999114364385605e-06,18,ok
payment_approval,toothpaste,trace,0.6,voidmass_movecount_bound,5.500856786966324e-06,18,ok
payment_approval,toothpaste,trace,0.6,voidmass_process_lower,6.399583071470261e-06,18,ok
payment_approval,toothpaste,trace,0.6,voidmass_process_upper,6.201211363077164e-06,18,ok
payment_approval,toothpaste,trace,0.6,voidsalign3,0.00010600034147500992,18,ok
payment_approval,toothpaste,trace,0.6,voidsat2,0.0002648993395268917,18,ok
payment_approval,toothpaste,trace,0.6,weight_voidage,4.550069570541382e-05,18,ok
payment_approval,toothpaste,trace,0.7,aligned_duration_cache,0.001308100298047,1,ok
payment_approval,toothpaste,trace,0.7,alignment_coverage_pn2_lower,0.00013800058513879776,18,ok
payment_approval,toothpaste,trace,0.7,alignment_coverage_pn2_upper,8.929893374443054e-05,18,ok
payment_approval,toothpaste,trace,0.7,classical,0.0069826003164052,1,ok
payment_approval,toothpaste,trace,0.7,dv,5.6096319002099335,1,ok
payment_approval,toothpaste,trace,0.7,executions_cache,4.999805241823196e-06,1,ok
payment_approval,toothpaste,trace,0.7,matchprob,5.300156772136688e-06,18,ok
payment_approval,toothpaste,trace,0.7,mean_leaf_skipprob,3.300141543149948e-06,1,ok
payment_approval,toothpaste,trace,0.7,salign_coverage,0.000157299917191267,18,ok
payment_approval,toothpaste,trace,0.7,skipprob,5.598645657300949e-06,18,ok
payment_approval,toothpaste,trace,0.7,traces,0.0012953002005815,1,ok
payment_approval,toothpaste,trace,0.7,voidmass_deficit_lower,9.399838745594025e-06,18,ok
payment_approval,toothpaste,trace,0.7,voidmass_deficit_upper,6.500165909528732e-06,18,ok
payment_approval,toothpaste,trace,0.7,voidmass_movecount,5.500856786966324e-06,18,ok
payment_approval,toothpaste,trace,0.7,voidmass_movecount_bound,5.999580025672913e-06,18,ok
payment_approval,toothpaste,trace,0.7,voidmass_process_lower,6.400048732757568e-06,18,ok
payment_approval,toothpaste,trace,0.7,voidmass_process_upper,6.299931555986404e-06,18,ok
payment_approval,toothpaste,trace,0.7,voidsalign3,9.890086948871613e-05,18,ok
payment_approval,toothpaste,trace,0.7,voidsat2,0.0002406993880867958,18,ok
payment_approval,toothpaste,trace,0.7,weight_voidage,4.250090569257736e-05,18,ok
payment_approval,toothpaste,trace,0.8,aligned_duration_cache,0.0008545001037418,1,ok
payment_approval,toothpaste,trace,0.8,alignment_coverage_pn2_lower,8.25994648039341e-05,18,ok
payment_approval,toothpaste,trace,0.8,alignment_coverage_pn2_upper,5.219923332333565e-05,18,ok
payment_approval,toothpaste,trace,0.8,classical,0.0038311998359858,1,ok
payment_approval,toothpaste,trace,0.8,dv,5.41767490003258,1,ok
payment_approval,toothpaste,trace,0.8,executions_cache,4.8996880650520325e-06,1,ok
payment_approval,toothpaste,trace,0.8,matchprob,5.400273948907852e-06,18,ok
payment_approval,toothpaste,trace,0.8,mean_leaf_skipprob,3.2996758818626404e-06,1,ok
payment_approval,toothpaste,trace,0.8,salign_coverage,9.400025010108948e-05,18,ok
payment_approval,toothpaste,trace,0.8,skipprob,5.300156772136688e-06,18,ok
payment_approval,toothpaste,trace,0.8,traces,0.0008419998921453,1,ok
payment_approval,toothpaste,trace,0.8,voidmass_deficit_lower,9.80030745267868e-06,18,ok
payment_approval,toothpaste,trace,0.8,voidmass_deficit_upper,6.599351763725281e-06,18,ok
payment_approval,toothpaste,trace,0.8,voidmass_movecount,5.100853741168976e-06,18,ok
payment_approval,toothpaste,trace,0.8,voidmass_movecount_bound,5.099456757307053e-06,18,ok
payment_approval,toothpaste,trace,0.8,voidmass_process_lower,6.4997002482414246e-06,18,ok
payment_approval,toothpaste,trace,0.8,voidmass_process_upper,5.198642611503601e-06,18,ok
payment_approval,toothpaste,trace,0.8,voidsalign3,5.980068817734718e-05,18,ok
payment_approval,toothpaste,trace,0.8,voidsat2,0.00018379976972937584,18,ok
payment_approval,toothpaste,trace,0.8,weight_voidage,4.2599160224199295e-05,18,ok
payment_approval,toothpaste,trace,0.9,aligned_duration_cache,0.0008674999698996,1,ok
payment_approval,toothpaste,trace,0.9,alignment_coverage_pn2_lower,8.769799023866653e-05,18,ok
payment_approval,toothpaste,trace,0.9,alignment_coverage_pn2_upper,5.2799005061388016e-05,18,ok
payment_approval,toothpaste,trace,0.9,classical,0.0037439004518091,1,ok
payment_approval,toothpaste,trace,0.9,dv,5.273247400298715,1,ok
payment_approval,toothpaste,trace,0.9,executions_cache,4.599802196025848e-06,1,ok
payment_approval,toothpaste,trace,0.9,matchprob,5.399342626333237e-06,18,ok
payment_approval,toothpaste,trace,0.9,mean_leaf_skipprob,3.200024366378784e-06,1,ok
payment_approval,toothpaste,trace,0.9,salign_coverage,9.109871461987495e-05,18,ok
payment_approval,toothpaste,trace,0.9,skipprob,5.3998082876205444e-06,18,ok
payment_approval,toothpaste,trace,0.9,traces,0.0008543999865651,1,ok
payment_approval,toothpaste,trace,0.9,voidmass_deficit_lower,9.499955922365189e-06,18,ok
payment_approval,toothpaste,trace,0.9,voidmass_deficit_upper,5.298759788274765e-06,18,ok
payment_approval,toothpaste,trace,0.9,voidmass_movecount,5.300156772136688e-06,18,ok
payment_approval,toothpaste,trace,0.9,voidmass_movecount_bound,4.79724258184433e-06,18,ok
payment_approval,toothpaste,trace,0.9,voidmass_process_lower,5.899928510189056e-06,18,ok
payment_approval,toothpaste,trace,0.9,voidmass_process_upper,5.400273948907852e-06,18,ok
payment_approval,toothpaste,trace,0.9,voidsalign3,5.849963054060936e-05,18,ok
payment_approval,toothpaste,trace,0.9,voidsat2,0.00014939997345209122,18,ok
payment_approval,toothpaste,trace,0.9,weight_voidage,4.180101677775383e-05,18,ok
payment_approval,toothpaste,,0.0,aligned_duration_cache,0.0028529996052384,1,ok
payment_approval,toothpaste,,0.0,alignment_coverage_pn2_lower,0.0002874983474612236,18,ok
payment_approval,toothpaste,,0.0,alignment_coverage_pn2_upper,0.00016289902850985527,18,ok
payment_approval,toothpaste,,0.0,classical,0.0141409998759627,1,ok
payment_approval,toothpaste,,0.0,dv,6.042352799791843,1,ok
payment_approval,toothpaste,,0.0,executions_cache,5.000270903110504e-06,1,ok
payment_approval,toothpaste,,0.0,matchprob,6.0996972024440765e-06,18,ok
payment_approval,toothpaste,,0.0,mean_leaf_skipprob,2.8996728360652924e-06,1,ok
payment_approval,toothpaste,,0.0,salign_coverage,0.0002958984114228953,18,ok
payment_approval,toothpaste,,0.0,skipprob,6.700865924358368e-06,18,ok
payment_approval,toothpaste,,0.0,traces,0.002838599961251,1,ok
payment_approval,toothpaste,,0.0,voidmass_deficit_lower,1.1899508535861969e-05,18,ok
payment_approval,toothpaste,,0.0,voidmass_deficit_upper,6.499234586954117e-06,18,ok
payment_approval,toothpaste,,0.0,voidmass_movecount,5.09992241859436e-06,18,ok
payment_approval,toothpaste,,0.0,voidmass_movecount_bound,5.600042641162872e-06,18,ok
payment_approval,toothpaste,,0.0,voidmass_process_lower,5.699228495359421e-06,18,ok
payment_approval,toothpaste,,0.0,voidmass_process_upper,5.2996911108493805e-06,18,ok
payment_approval,toothpaste,,0.0,voidsalign3,0.00018709804862737656,18,ok
payment_approval,toothpaste,,0.0,voidsat2,0.0006176005117594439,18,ok
payment_approval,toothpaste,,0.0,weight_voidage,4.700012505054474e-05,18,ok
payment_approval,toothpaste_noise10,activity_frequency_gradual,0.1,aligned_duration_cache,0.0027589998207986,1,ok
payment_approval,toothpaste_noise10,activity_frequency_gradual,0.1,alignment_coverage_pn2_lower,0.00017979973927140236,18,ok
payment_approval,toothpaste_noise10,activity_frequency_gradual,0.1,alignment_coverage_pn2_upper,0.00011320086196064949,18,ok
payment_approval,toothpaste_noise10,activity_frequency_gradual,0.1,classical,0.0098496000282466,1,ok
payment_approval,toothpaste_noise10,activity_frequency_gradual,0.1,dv,5.764389399904758,1,ok
payment_approval,toothpaste_noise10,activity_frequency_gradual,0.1,executions_cache,5.2996911108493805e-06,1,ok
payment_approval,toothpaste_noise10,activity_frequency_gradual,0.1,matchprob,5.699228495359421e-06,18,ok
payment_approval,toothpaste_noise10,activity_frequency_gradual,0.1,mean_leaf_skipprob,3.799796104431152e-06,1,ok
payment_approval,toothpaste_noise10,activity_frequency_gradual,0.1,salign_coverage,0.00020619947463274002,18,ok
payment_approval,toothpaste_noise10,activity_frequency_gradual,0.1,skipprob,5.300156772136688e-06,18,ok
payment_approval,toothpaste_noise10,activity_frequency_gradual,0.1,traces,0.002745599951595,1,ok
payment_approval,toothpaste_noise10,activity_frequency_gradual,0.1,voidmass_deficit_lower,1.0699033737182617e-05,18,ok
payment_approval,toothpaste_noise10,activity_frequency_gradual,0.1,voidmass_deficit_upper,5.798880010843277e-06,18,ok
payment_approval,toothpaste_noise10,activity_frequency_gradual,0.1,voidmass_movecount,4.899222403764725e-06,18,ok
payment_approval,toothpaste_noise10,activity_frequency_gradual,0.1,voidmass_movecount_bound,4.699453711509705e-06,18,ok
payment_approval,toothpaste_noise10,activity_frequency_gradual,0.1,voidmass_process_lower,5.899462848901749e-06,18,ok
payment_approval,toothpaste_noise10,activity_frequency_gradual,0.1,voidmass_process_upper,5.701091140508652e-06,18,ok
payment_approval,toothpaste_noise10,activity_frequency_gradual,0.1,voidsalign3,0.00013469858095049858,18,ok
payment_approval,toothpaste_noise10,activity_frequency_gradual,0.1,voidsat2,0.0005251988768577256,18,ok
payment_approval,toothpaste_noise10,activity_frequency_gradual,0.1,weight_voidage,4.399893805384636e-05,18,ok
payment_approval,toothpaste_noise10,activity_frequency_gradual,0.2,aligned_duration_cache,0.0029797996394336,1,ok
payment_approval,toothpaste_noise10,activity_frequency_gradual,0.2,alignment_coverage_pn2_lower,0.00020250072702765465,18,ok
payment_approval,toothpaste_noise10,activity_frequency_gradual,0.2,alignment_coverage_pn2_upper,0.0001221010461449623,18,ok
payment_approval,toothpaste_noise10,activity_frequency_gradual,0.2,classical,0.0101747000589966,1,ok
payment_approval,toothpaste_noise10,activity_frequency_gradual,0.2,dv,5.73511439980939,1,ok
payment_approval,toothpaste_noise10,activity_frequency_gradual,0.2,executions_cache,5.7998113334178925e-06,1,ok
payment_approval,toothpaste_noise10,activity_frequency_gradual,0.2,matchprob,5.501788109540939e-06,18,ok
payment_approval,toothpaste_noise10,activity_frequency_gradual,0.2,mean_leaf_skipprob,3.200024366378784e-06,1,ok
payment_approval,toothpaste_noise10,activity_frequency_gradual,0.2,salign_coverage,0.00024220068007707596,18,ok
payment_approval,toothpaste_noise10,activity_frequency_gradual,0.2,skipprob,6.000977009534836e-06,18,ok
payment_approval,toothpaste_noise10,activity_frequency_gradual,0.2,traces,0.0029651997610926,1,ok
payment_approval,toothpaste_noise10,activity_frequency_gradual,0.2,voidmass_deficit_lower,1.1397525668144226e-05,18,ok
payment_approval,toothpaste_noise10,activity_frequency_gradual,0.2,voidmass_deficit_upper,5.700625479221344e-06,18,ok
payment_approval,toothpaste_noise10,activity_frequency_gradual,0.2,voidmass_movecount,4.999805241823196e-06,18,ok
payment_approval,toothpaste_noise10,activity_frequency_gradual,0.2,voidmass_movecount_bound,5.098991096019745e-06,18,ok
payment_approval,toothpaste_noise10,activity_frequency_gradual,0.2,voidmass_process_lower,6.100162863731384e-06,18,ok
payment_approval,toothpaste_noise10,activity_frequency_gradual,0.2,voidmass_process_upper,5.501322448253632e-06,18,ok
payment_approval,toothpaste_noise10,activity_frequency_gradual,0.2,voidsalign3,0.00015440071001648903,18,ok
payment_approval,toothpaste_noise10,activity_frequency_gradual,0.2,voidsat2,0.00048649916425339153,18,ok
payment_approval,toothpaste_noise10,activity_frequency_gradual,0.2,weight_voidage,4.4700223952531815e-05,18,ok
payment_approval,toothpaste_noise10,activity_frequency_gradual,0.3,aligned_duration_cache,0.0027953996323049,1,ok
payment_approval,toothpaste_noise10,activity_frequency_gradual,0.3,alignment_coverage_pn2_lower,0.0001421011984348297,18,ok
payment_approval,toothpaste_noise10,activity_frequency_gradual,0.3,alignment_coverage_pn2_upper,8.680205792188644e-05,18,ok
payment_approval,toothpaste_noise10,activity_frequency_gradual,0.3,classical,0.0071735000237822,1,ok
payment_approval,toothpaste_noise10,activity_frequency_gradual,0.3,dv,5.636427300050855,1,ok
payment_approval,toothpaste_noise10,activity_frequency_gradual,0.3,executions_cache,5.2996911108493805e-06,1,ok
payment_approval,toothpaste_noise10,activity_frequency_gradual,0.3,matchprob,5.598645657300949e-06,18,ok
payment_approval,toothpaste_noise10,activity_frequency_gradual,0.3,mean_leaf_skipprob,3.300141543149948e-06,1,ok
payment_approval,toothpaste_noise10,activity_frequency_gradual,0.3,salign_coverage,0.0001741996966302395,18,ok
payment_approval,toothpaste_noise10,activity_frequency_gradual,0.3,skipprob,5.498528480529785e-06,18,ok
payment_approval,toothpaste_noise10,activity_frequency_gradual,0.3,traces,0.0027811001054942,1,ok
payment_approval,toothpaste_noise10,activity_frequency_gradual,0.3,voidmass_deficit_lower,1.0399147868156433e-05,18,ok
payment_approval,toothpaste_noise10,activity_frequency_gradual,0.3,voidmass_deficit_upper,5.400273948907852e-06,18,ok
payment_approval,toothpaste_noise10,activity_frequency_gradual,0.3,voidmass_movecount,4.600733518600464e-06,18,ok
payment_approval,toothpaste_noise10,activity_frequency_gradual,0.3,voidmass_movecount_bound,5.000270903110504e-06,18,ok
payment_approval,toothpaste_noise10,activity_frequency_gradual,0.3,voidmass_process_lower,5.501322448253632e-06,18,ok
payment_approval,toothpaste_noise10,activity_frequency_gradual,0.3,voidmass_process_upper,5.09992241859436e-06,18,ok
payment_approval,toothpaste_noise10,activity_frequency_gradual,0.3,voidsalign3,0.00010849954560399055,18,ok
payment_approval,toothpaste_noise10,activity_frequency_gradual,0.3,voidsat2,0.0004686997272073694,18,ok
payment_approval,toothpaste_noise10,activity_frequency_gradual,0.3,weight_voidage,4.4800806790590286e-05,18,ok
payment_approval,toothpaste_noise10,activity_frequency_gradual,0.4,aligned_duration_cache,0.0029774997383356,1,ok
payment_approval,toothpaste_noise10,activity_frequency_gradual,0.4,alignment_coverage_pn2_lower,0.0001411987468600273,18,ok
payment_approval,toothpaste_noise10,activity_frequency_gradual,0.4,alignment_coverage_pn2_upper,8.490029722452164e-05,18,ok
payment_approval,toothpaste_noise10,activity_frequency_gradual,0.4,classical,0.0073624998331069,1,ok
payment_approval,toothpaste_noise10,activity_frequency_gradual,0.4,dv,5.592788599897176,1,ok
payment_approval,toothpaste_noise10,activity_frequency_gradual,0.4,executions_cache,5.2996911108493805e-06,1,ok
payment_approval,toothpaste_noise10,activity_frequency_gradual,0.4,matchprob,5.899462848901749e-06,18,ok
payment_approval,toothpaste_noise10,activity_frequency_gradual,0.4,mean_leaf_skipprob,3.200024366378784e-06,1,ok
payment_approval,toothpaste_noise10,activity_frequency_gradual,0.4,salign_coverage,0.0001796991564333439,18,ok
payment_approval,toothpaste_noise10,activity_frequency_gradual,0.4,skipprob,5.3998082876205444e-06,18,ok
payment_approval,toothpaste_noise10,activity_frequency_gradual,0.4,traces,0.002964399755001,1,ok
payment_approval,toothpaste_noise10,activity_frequency_gradual,0.4,voidmass_deficit_lower,9.500887244939804e-06,18,ok
payment_approval,toothpaste_noise10,activity_frequency_gradual,0.4,voidmass_deficit_upper,6.400514394044876e-06,18,ok
payment_approval,toothpaste_noise10,activity_frequency_gradual,0.4,voidmass_movecount,5.498994141817093e-06,18,ok
payment_approval,toothpaste_noise10,activity_frequency_gradual,0.4,voidmass_movecount_bound,4.700850695371628e-06,18,ok
payment_approval,toothpaste_noise10,activity_frequency_gradual,0.4,voidmass_process_lower,5.600042641162872e-06,18,ok
payment_approval,toothpaste_noise10,activity_frequency_gradual,0.4,voidmass_process_upper,6.0014426708221436e-06,18,ok
payment_approval,toothpaste_noise10,activity_frequency_gradual,0.4,voidsalign3,0.00011899974197149277,18,ok
payment_approval,toothpaste_noise10,activity_frequency_gradual,0.4,voidsat2,0.0005773995071648801,18,ok
payment_approval,toothpaste_noise10,activity_frequency_gradual,0.4,weight_voidage,4.589976742863655e-05,18,ok
payment_approval,toothpaste_noise10,activity_frequency_gradual,0.5,aligned_duration_cache,0.002883699722588,1,ok
payment_approval,toothpaste_noise10,activity_frequency_gradual,0.5,alignment_coverage_pn2_lower,0.00010170135647058487,18,ok
payment_approval,toothpaste_noise10,activity_frequency_gradual,0.5,alignment_coverage_pn2_upper,6.329920142889023e-05,18,ok
payment_approval,toothpaste_noise10,activity_frequency_gradual,0.5,classical,0.0047130002640187,1,ok
payment_approval,toothpaste_noise10,activity_frequency_gradual,0.5,dv,5.474791499786079,1,ok
payment_approval,toothpaste_noise10,activity_frequency_gradual,0.5,executions_cache,5.7998113334178925e-06,1,ok
payment_approval,toothpaste_noise10,activity_frequency_gradual,0.5,matchprob,5.300156772136688e-06,18,ok
payment_approval,toothpaste_noise10,activity_frequency_gradual,0.5,mean_leaf_skipprob,3.300141543149948e-06,1,ok
payment_approval,toothpaste_noise10,activity_frequency_gradual,0.5,salign_coverage,0.00013139937072992325,18,ok
payment_approval,toothpaste_noise10,activity_frequency_gradual,0.5,skipprob,5.2996911108493805e-06,18,ok
payment_approval,toothpaste_noise10,activity_frequency_gradual,0.5,traces,0.0028699999675154,1,ok
payment_approval,toothpaste_noise10,activity_frequency_gradual,0.5,voidmass_deficit_lower,9.798910468816757e-06,18,ok
payment_approval,toothpaste_noise10,activity_frequency_gradual,0.5,voidmass_deficit_upper,5.799345672130585e-06,18,ok
payment_approval,toothpaste_noise10,activity_frequency_gradual,0.5,voidmass_movecount,5.899928510189056e-06,18,ok
payment_approval,toothpaste_noise10,activity_frequency_gradual,0.5,voidmass_movecount_bound,4.90015372633934e-06,18,ok
payment_approval,toothpaste_noise10,activity_frequency_gradual,0.5,voidmass_process_lower,6.498303264379501e-06,18,ok
payment_approval,toothpaste_noise10,activity_frequency_gradual,0.5,voidmass_process_upper,5.1995739340782166e-06,18,ok
payment_approval,toothpaste_noise10,activity_frequency_gradual,0.5,voidsalign3,8.529936894774437e-05,18,ok
payment_approval,toothpaste_noise10,activity_frequency_gradual,0.5,voidsat2,0.0005883015692233552,18,ok
payment_approval,toothpaste_noise10,activity_frequency_gradual,0.5,weight_voidage,4.249904304742813e-05,18,ok
payment_approval,toothpaste_noise10,activity_frequency_gradual,0.6,aligned_duration_cache,0.0027565001510083,1,ok
payment_approval,toothpaste_noise10,activity_frequency_gradual,0.6,alignment_coverage_pn2_lower,0.0001634005457162857,18,ok
payment_approval,toothpaste_noise10,activity_frequency_gradual,0.6,alignment_coverage_pn2_upper,9.66005027294159e-05,18,ok
payment_approval,toothpaste_noise10,activity_frequency_gradual,0.6,classical,0.0069522000849246,1,ok
payment_approval,toothpaste_noise10,activity_frequency_gradual,0.6,dv,5.615158200263977,1,ok
payment_approval,toothpaste_noise10,activity_frequency_gradual,0.6,executions_cache,5.300156772136688e-06,1,ok
payment_approval,toothpaste_noise10,activity_frequency_gradual,0.6,matchprob,5.100388079881668e-06,18,ok
payment_approval,toothpaste_noise10,activity_frequency_gradual,0.6,mean_leaf_skipprob,3.200024366378784e-06,1,ok
payment_approval,toothpaste_noise10,activity_frequency_gradual,0.6,salign_coverage,0.00019749905914068222,18,ok
payment_approval,toothpaste_noise10,activity_frequency_gradual,0.6,skipprob,5.300622433423996e-06,18,ok
payment_approval,toothpaste_noise10,activity_frequency_gradual,0.6,traces,0.0027436995878815,1,ok
payment_approval,toothpaste_noise10,activity_frequency_gradual,0.6,voidmass_deficit_lower,1.109996810555458e-05,18,ok
payment_approval,toothpaste_noise10,activity_frequency_gradual,0.6,voidmass_deficit_upper,5.7998113334178925e-06,18,ok
payment_approval,toothpaste_noise10,activity_frequency_gradual,0.6,voidmass_movecount,5.5995769798755646e-06,18,ok
payment_approval,toothpaste_noise10,activity_frequency_gradual,0.6,voidmass_movecount_bound,5.299225449562073e-06,18,ok
payment_approval,toothpaste_noise10,activity_frequency_gradual,0.6,voidmass_process_lower,6.998889148235321e-06,18,ok
payment_approval,toothpaste_noise10,activity_frequency_gradual,0.6,voidmass_process_upper,4.999805241823196e-06,18,ok
payment_approval,toothpaste_noise10,activity_frequency_gradual,0.6,voidsalign3,0.0001272992230951786,18,ok
payment_approval,toothpaste_noise10,activity_frequency_gradual,0.6,voidsat2,0.00048540113493790167,18,ok
payment_approval,toothpaste_noise10,activity_frequency_gradual,0.6,weight_voidage,4.3400563299655914e-05,18,ok
payment_approval,toothpaste_noise10,activity_frequency_gradual,0.7,aligned_duration_cache,0.0028099999763071,1,ok
payment_approval,toothpaste_noise10,activity_frequency_gradual,0.7,alignment_coverage_pn2_lower,0.00016529951244592667,18,ok
payment_approval,toothpaste_noise10,activity_frequency_gradual,0.7,alignment_coverage_pn2_upper,9.409990161657333e-05,18,ok
payment_approval,toothpaste_noise10,activity_frequency_gradual,0.7,classical,0.0071351998485624,1,ok
payment_approval,toothpaste_noise10,activity_frequency_gradual,0.7,dv,5.634652100037783,1,ok
payment_approval,toothpaste_noise10,activity_frequency_gradual,0.7,executions_cache,5.700159817934036e-06,1,ok
payment_approval,toothpaste_noise10,activity_frequency_gradual,0.7,matchprob,5.6996941566467285e-06,18,ok
payment_approval,toothpaste_noise10,activity_frequency_gradual,0.7,mean_leaf_skipprob,3.200024366378784e-06,1,ok
payment_approval,toothpaste_noise10,activity_frequency_gradual,0.7,salign_coverage,0.00019780034199357033,18,ok
payment_approval,toothpaste_noise10,activity_frequency_gradual,0.7,skipprob,6.100162863731384e-06,18,ok
payment_approval,toothpaste_noise10,activity_frequency_gradual,0.7,traces,0.0027954000979661,1,ok
payment_approval,toothpaste_noise10,activity_frequency_gradual,0.7,voidmass_deficit_lower,1.0499265044927597e-05,18,ok
payment_approval,toothpaste_noise10,activity_frequency_gradual,0.7,voidmass_deficit_upper,5.8002769947052e-06,18,ok
payment_approval,toothpaste_noise10,activity_frequency_gradual,0.7,voidmass_movecount,5.500391125679016e-06,18,ok
payment_approval,toothpaste_noise10,activity_frequency_gradual,0.7,voidmass_movecount_bound,5.000736564397812e-06,18,ok
payment_approval,toothpaste_noise10,activity_frequency_gradual,0.7,voidmass_process_lower,6.600283086299896e-06,18,ok
payment_approval,toothpaste_noise10,activity_frequency_gradual,0.7,voidmass_process_upper,5.999580025672913e-06,18,ok
payment_approval,toothpaste_noise10,activity_frequency_gradual,0.7,voidsalign3,0.00012420117855072021,18,ok
payment_approval,toothpaste_noise10,activity_frequency_gradual,0.7,voidsat2,0.0003963001072406176,18,ok
payment_approval,toothpaste_noise10,activity_frequency_gradual,0.7,weight_voidage,4.3400097638368607e-05,18,ok
payment_approval,toothpaste_noise10,activity_frequency_gradual,0.8,aligned_duration_cache,0.0024473001249134,1,ok
payment_approval,toothpaste_noise10,activity_frequency_gradual,0.8,alignment_coverage_pn2_lower,0.00011829938739538193,18,ok
payment_approval,toothpaste_noise10,activity_frequency_gradual,0.8,alignment_coverage_pn2_upper,6.789900362491608e-05,18,ok
payment_approval,toothpaste_noise10,activity_frequency_gradual,0.8,classical,0.0042204000055789,1,ok
payment_approval,toothpaste_noise10,activity_frequency_gradual,0.8,dv,5.522131999954581,1,ok
payment_approval,toothpaste_noise10,activity_frequency_gradual,0.8,executions_cache,5.399808287620544e-06,1,ok
payment_approval,toothpaste_noise10,activity_frequency_gradual,0.8,matchprob,6.298534572124481e-06,18,ok
payment_approval,toothpaste_noise10,activity_frequency_gradual,0.8,mean_leaf_skipprob,3.1995587050914764e-06,1,ok
payment_approval,toothpaste_noise10,activity_frequency_gradual,0.8,salign_coverage,0.00015829922631382942,18,ok
payment_approval,toothpaste_noise10,activity_frequency_gradual,0.8,skipprob,5.899928510189056e-06,18,ok
payment_approval,toothpaste_noise10,activity_frequency_gradual,0.8,traces,0.0024343999102711,1,ok
payment_approval,toothpaste_noise10,activity_frequency_gradual,0.8,voidmass_deficit_lower,1.139892265200615e-05,18,ok
payment_approval,toothpaste_noise10,activity_frequency_gradual,0.8,voidmass_deficit_upper,6.800051778554916e-06,18,ok
payment_approval,toothpaste_noise10,activity_frequency_gradual,0.8,voidmass_movecount,5.999114364385605e-06,18,ok
payment_approval,toothpaste_noise10,activity_frequency_gradual,0.8,voidmass_movecount_bound,5.499459803104401e-06,18,ok
payment_approval,toothpaste_noise10,activity_frequency_gradual,0.8,voidmass_process_lower,8.100178092718124e-06,18,ok
payment_approval,toothpaste_noise10,activity_frequency_gradual,0.8,voidmass_process_upper,6.598886102437973e-06,18,ok
payment_approval,toothpaste_noise10,activity_frequency_gradual,0.8,voidsalign3,9.50000248849392e-05,18,ok
payment_approval,toothpaste_noise10,activity_frequency_gradual,0.8,voidsat2,0.00032999971881508827,18,ok
payment_approval,toothpaste_noise10,activity_frequency_gradual,0.8,weight_voidage,5.409959703683853e-05,18,ok
payment_approval,toothpaste_noise10,activity_frequency_gradual,0.9,aligned_duration_cache,0.0012444998137652,1,ok
payment_approval,toothpaste_noise10,activity_frequency_gradual,0.9,alignment_coverage_pn2_lower,9.919935837388039e-05,18,ok
payment_approval,toothpaste_noise10,activity_frequency_gradual,0.9,alignment_coverage_pn2_upper,5.5901240557432175e-05,18,ok
payment_approval,toothpaste_noise10,activity_frequency_gradual,0.9,classical,0.0037513999268412,1,ok
payment_approval,toothpaste_noise10,activity_frequency_gradual,0.9,dv,5.464127200189978,1,ok
payment_approval,toothpaste_noise10,activity_frequency_gradual,0.9,executions_cache,5.2996911108493805e-06,1,ok
payment_approval,toothpaste_noise10,activity_frequency_gradual,0.9,matchprob,5.8002769947052e-06,18,ok
payment_approval,toothpaste_noise10,activity_frequency_gradual,0.9,mean_leaf_skipprob,2.9997900128364563e-06,1,ok
payment_approval,toothpaste_noise10,activity_frequency_gradual,0.9,salign_coverage,0.0001313001848757267,18,ok
payment_approval,toothpaste_noise10,activity_frequency_gradual,0.9,skipprob,5.401205271482468e-06,18,ok
payment_approval,toothpaste_noise10,activity_frequency_gradual,0.9,traces,0.0012316997162997,1,ok
payment_approval,toothpaste_noise10,activity_frequency_gradual,0.9,voidmass_deficit_lower,9.20100137591362e-06,18,ok
payment_approval,toothpaste_noise10,activity_frequency_gradual,0.9,voidmass_deficit_upper,5.899928510189056e-06,18,ok
payment_approval,toothpaste_noise10,activity_frequency_gradual,0.9,voidmass_movecount,5.099456757307053e-06,18,ok
payment_approval,toothpaste_noise10,activity_frequency_gradual,0.9,voidmass_movecount_bound,4.699453711509705e-06,18,ok
payment_approval,toothpaste_noise10,activity_frequency_gradual,0.9,voidmass_process_lower,5.899462848901749e-06,18,ok
payment_approval,toothpaste_noise10,activity_frequency_gradual,0.9,voidmass_process_upper,5.3015537559986115e-06,18,ok
payment_approval,toothpaste_noise10,activity_frequency_gradual,0.9,voidsalign3,8.960021659731865e-05,18,ok
payment_approval,toothpaste_noise10,activity_frequency_gradual,0.9,voidsat2,0.0001500006765127182,18,ok
payment_approval,toothpaste_noise10,activity_frequency_gradual,0.9,weight_voidage,4.390021786093712e-05,18,ok
payment_approval,toothpaste_noise10,activity_gradual,0.1,aligned_duration_cache,0.0027420003898441,1,ok
payment_approval,toothpaste_noise10,activity_gradual,0.1,alignment_coverage_pn2_lower,0.0003407001495360829,18,ok
payment_approval,toothpaste_noise10,activity_gradual,0.1,alignment_coverage_pn2_upper,0.00022689951583743095,18,ok
payment_approval,toothpaste_noise10,activity_gradual,0.1,classical,0.0180811998434364,1,ok
payment_approval,toothpaste_noise10,activity_gradual,0.1,dv,6.0205247001722455,1,ok
payment_approval,toothpaste_noise10,activity_gradual,0.1,executions_cache,4.699919372797012e-06,1,ok
payment_approval,toothpaste_noise10,activity_gradual,0.1,matchprob,5.698762834072113e-06,18,ok
payment_approval,toothpaste_noise10,activity_gradual,0.1,mean_leaf_skipprob,2.8996728360652924e-06,1,ok
payment_approval,toothpaste_noise10,activity_gradual,0.1,salign_coverage,0.0003903992474078379,18,ok
payment_approval,toothpaste_noise10,activity_gradual,0.1,skipprob,6.0996972024440765e-06,18,ok
payment_approval,toothpaste_noise10,activity_gradual,0.1,traces,0.0027279001660645,1,ok
payment_approval,toothpaste_noise10,activity_gradual,0.1,voidmass_deficit_lower,1.1399853974580765e-05,18,ok
payment_approval,toothpaste_noise10,activity_gradual,0.1,voidmass_deficit_upper,5.900394171476364e-06,18,ok
payment_approval,toothpaste_noise10,activity_gradual,0.1,voidmass_movecount,5.899928510189056e-06,18,ok
payment_approval,toothpaste_noise10,activity_gradual,0.1,voidmass_movecount_bound,5.8002769947052e-06,18,ok
payment_approval,toothpaste_noise10,activity_gradual,0.1,voidmass_process_lower,6.800517439842224e-06,18,ok
payment_approval,toothpaste_noise10,activity_gradual,0.1,voidmass_process_upper,6.500165909528732e-06,18,ok
payment_approval,toothpaste_noise10,activity_gradual,0.1,voidsalign3,0.00024609873071312904,18,ok
payment_approval,toothpaste_noise10,activity_gradual,0.1,voidsat2,0.0005929986946284154,18,ok
payment_approval,toothpaste_noise10,activity_gradual,0.1,weight_voidage,4.4798944145441055e-05,18,ok
payment_approval,toothpaste_noise10,activity_gradual,0.2,aligned_duration_cache,0.0027904999442398,1,ok
payment_approval,toothpaste_noise10,activity_gradual,0.2,alignment_coverage_pn2_lower,0.0002643982879816916,18,ok
payment_approval,toothpaste_noise10,activity_gradual,0.2,alignment_coverage_pn2_upper,0.0001553012989461422,18,ok
payment_approval,toothpaste_noise10,activity_gradual,0.2,classical,0.0140931000933051,1,ok
payment_approval,toothpaste_noise10,activity_gradual,0.2,dv,5.913474500179291,1,ok
payment_approval,toothpaste_noise10,activity_gradual,0.2,executions_cache,4.599802196025848e-06,1,ok
payment_approval,toothpaste_noise10,activity_gradual,0.2,matchprob,5.999114364385605e-06,18,ok
payment_approval,toothpaste_noise10,activity_gradual,0.2,mean_leaf_skipprob,3.200024366378784e-06,1,ok
payment_approval,toothpaste_noise10,activity_gradual,0.2,salign_coverage,0.0002923985011875513,18,ok
payment_approval,toothpaste_noise10,activity_gradual,0.2,skipprob,5.799345672130585e-06,18,ok
payment_approval,toothpaste_noise10,activity_gradual,0.2,traces,0.0027777999639511,1,ok
payment_approval,toothpaste_noise10,activity_gradual,0.2,voidmass_deficit_lower,1.2100208550691605e-05,18,ok
payment_approval,toothpaste_noise10,activity_gradual,0.2,voidmass_deficit_upper,5.798880010843277e-06,18,ok
payment_approval,toothpaste_noise10,activity_gradual,0.2,voidmass_movecount,5.2996911108493805e-06,18,ok
payment_approval,toothpaste_noise10,activity_gradual,0.2,voidmass_movecount_bound,5.999114364385605e-06,18,ok
payment_approval,toothpaste_noise10,activity_gradual,0.2,voidmass_process_lower,6.9998204708099365e-06,18,ok
payment_approval,toothpaste_noise10,activity_gradual,0.2,voidmass_process_upper,5.100853741168976e-06,18,ok
payment_approval,toothpaste_noise10,activity_gradual,0.2,voidsalign3,0.0001911013387143612,18,ok
payment_approval,toothpaste_noise10,activity_gradual,0.2,voidsat2,0.0005203010514378257,18,ok
payment_approval,toothpaste_noise10,activity_gradual,0.2,weight_voidage,4.5200809836387634e-05,18,ok
payment_approval,toothpaste_noise10,activity_gradual,0.3,aligned_duration_cache,0.0027748998254537,1,ok
payment_approval,toothpaste_noise10,activity_gradual,0.3,alignment_coverage_pn2_lower,0.00024880049750208855,18,ok
payment_approval,toothpaste_noise10,activity_gradual,0.3,alignment_coverage_pn2_upper,0.00015409989282488823,18,ok
payment_approval,toothpaste_noise10,activity_gradual,0.3,classical,0.012810599990189,1,ok
payment_approval,toothpaste_noise10,activity_gradual,0.3,dv,5.857745199929923,1,ok
payment_approval,toothpaste_noise10,activity_gradual,0.3,executions_cache,4.70038503408432e-06,1,ok
payment_approval,toothpaste_noise10,activity_gradual,0.3,matchprob,5.6014396250247955e-06,18,ok
payment_approval,toothpaste_noise10,activity_gradual,0.3,mean_leaf_skipprob,2.9997900128364563e-06,1,ok
payment_approval,toothpaste_noise10,activity_gradual,0.3,salign_coverage,0.0005961996503173534,18,ok
payment_approval,toothpaste_noise10,activity_gradual,0.3,skipprob,6.102025508880615e-06,18,ok
payment_approval,toothpaste_noise10,activity_gradual,0.3,traces,0.0027617001906037,1,ok
payment_approval,toothpaste_noise10,activity_gradual,0.3,voidmass_deficit_lower,9.699258953332901e-06,18,ok
payment_approval,toothpaste_noise10,activity_gradual,0.3,voidmass_deficit_upper,6.00004568696022e-06,18,ok
payment_approval,toothpaste_noise10,activity_gradual,0.3,voidmass_movecount,5.401670932769775e-06,18,ok
payment_approval,toothpaste_noise10,activity_gradual,0.3,voidmass_movecount_bound,6.600283086299896e-06,18,ok
payment_approval,toothpaste_noise10,activity_gradual,0.3,voidmass_process_lower,6.899703294038773e-06,18,ok
payment_approval,toothpaste_noise10,activity_gradual,0.3,voidmass_process_upper,6.600283086299896e-06,18,ok
payment_approval,toothpaste_noise10,activity_gradual,0.3,voidsalign3,0.0001792008988559246,18,ok
payment_approval,toothpaste_noise10,activity_gradual,0.3,voidsat2,0.0004953001625835286,18,ok
payment_approval,toothpaste_noise10,activity_gradual,0.3,weight_voidage,4.379916936159134e-05,18,ok
payment_approval,toothpaste_noise10,activity_gradual,0.4,aligned_duration_cache,0.002745000179857,1,ok
payment_approval,toothpaste_noise10,activity_gradual,0.4,alignment_coverage_pn2_lower,0.00029090140014883343,18,ok
payment_approval,toothpaste_noise10,activity_gradual,0.4,alignment_coverage_pn2_upper,0.00018349988386034966,18,ok
payment_approval,toothpaste_noise10,activity_gradual,0.4,classical,0.0146009996533393,1,ok
payment_approval,toothpaste_noise10,activity_gradual,0.4,dv,5.871811300050467,1,ok
payment_approval,toothpaste_noise10,activity_gradual,0.4,executions_cache,5.100388079881668e-06,1,ok
payment_approval,toothpaste_noise10,activity_gradual,0.4,matchprob,5.60050830245018e-06,18,ok
payment_approval,toothpaste_noise10,activity_gradual,0.4,mean_leaf_skipprob,2.699904143810272e-06,1,ok
payment_approval,toothpaste_noise10,activity_gradual,0.4,salign_coverage,0.0003714011982082647,18,ok
payment_approval,toothpaste_noise10,activity_gradual,0.4,skipprob,5.699228495359421e-06,18,ok
payment_approval,toothpaste_noise10,activity_gradual,0.4,traces,0.0027312999591231,1,ok
payment_approval,toothpaste_noise10,activity_gradual,0.4,voidmass_deficit_lower,7.600989192724228e-06,18,ok
payment_approval,toothpaste_noise10,activity_gradual,0.4,voidmass_deficit_upper,5.1995739340782166e-06,18,ok
payment_approval,toothpaste_noise10,activity_gradual,0.4,voidmass_movecount,5.200039595365524e-06,18,ok
payment_approval,toothpaste_noise10,activity_gradual,0.4,voidmass_movecount_bound,5.099456757307053e-06,18,ok
payment_approval,toothpaste_noise10,activity_gradual,0.4,voidmass_process_lower,5.199108272790909e-06,18,ok
payment_approval,toothpaste_noise10,activity_gradual,0.4,voidmass_process_upper,5.200039595365524e-06,18,ok
payment_approval,toothpaste_noise10,activity_gradual,0.4,voidsalign3,0.00023900019004940987,18,ok
payment_approval,toothpaste_noise10,activity_gradual,0.4,voidsat2,0.0014427010901272273,18,ok
payment_approval,toothpaste_noise10,activity_gradual,0.4,weight_voidage,4.369951784610748e-05,18,ok
payment_approval,toothpaste_noise10,activity_gradual,0.5,aligned_duration_cache,0.0026632999069988,1,ok
payment_approval,toothpaste_noise10,activity_gradual,0.5,alignment_coverage_pn2_lower,0.00028650090098376207,18,ok
payment_approval,toothpaste_noise10,activity_gradual,0.5,alignment_coverage_pn2_upper,0.00017640041187405586,18,ok
payment_approval,toothpaste_noise10,activity_gradual,0.5,classical,0.0138174002058804,1,ok
payment_approval,toothpaste_noise10,activity_gradual,0.5,dv,5.937497099861503,1,ok
payment_approval,toothpaste_noise10,activity_gradual,0.5,executions_cache,5.000270903110504e-06,1,ok
payment_approval,toothpaste_noise10,activity_gradual,0.5,matchprob,6.100162863731384e-06,18,ok
payment_approval,toothpaste_noise10,activity_gradual,0.5,mean_leaf_skipprob,3.300141543149948e-06,1,ok
payment_approval,toothpaste_noise10,activity_gradual,0.5,salign_coverage,0.0003775996156036263,18,ok
payment_approval,toothpaste_noise10,activity_gradual,0.5,skipprob,5.700159817934036e-06,18,ok
payment_approval,toothpaste_noise10,activity_gradual,0.5,traces,0.002650000154972,1,ok
payment_approval,toothpaste_noise10,activity_gradual,0.5,voidmass_deficit_lower,7.599592208862305e-06,18,ok
payment_approval,toothpaste_noise10,activity_gradual,0.5,voidmass_deficit_upper,5.098525434732437e-06,18,ok
payment_approval,toothpaste_noise10,activity_gradual,0.5,voidmass_movecount,4.698988050222397e-06,18,ok
payment_approval,toothpaste_noise10,activity_gradual,0.5,voidmass_movecount_bound,5.000736564397812e-06,18,ok
payment_approval,toothpaste_noise10,activity_gradual,0.5,voidmass_process_lower,5.298759788274765e-06,18,ok
payment_approval,toothpaste_noise10,activity_gradual,0.5,voidmass_process_upper,5.099456757307053e-06,18,ok
payment_approval,toothpaste_noise10,activity_gradual,0.5,voidsalign3,0.00023910077288746834,18,ok
payment_approval,toothpaste_noise10,activity_gradual,0.5,voidsat2,0.0014574998058378226,18,ok
payment_approval,toothpaste_noise10,activity_gradual,0.5,weight_voidage,4.5299530029296875e-05,18,ok
payment_approval,toothpaste_noise10,activity_gradual,0.6,aligned_duration_cache,0.0033522001467645,1,ok
payment_approval,toothpaste_noise10,activity_gradual,0.6,alignment_coverage_pn2_lower,0.0009346008300779648,18,ok
payment_approval,toothpaste_noise10,activity_gradual,0.6,alignment_coverage_pn2_upper,0.00017369957640767097,18,ok
payment_approval,toothpaste_noise10,activity_gradual,0.6,classical,0.0133404000662267,1,ok
payment_approval,toothpaste_noise10,activity_gradual,0.6,dv,5.808785900007933,1,ok
payment_approval,toothpaste_noise10,activity_gradual,0.6,executions_cache,5.200039595365524e-06,1,ok
payment_approval,toothpaste_noise10,activity_gradual,0.6,matchprob,6.000977009534836e-06,18,ok
payment_approval,toothpaste_noise10,activity_gradual,0.6,mean_leaf_skipprob,3.899913281202316e-06,1,ok
payment_approval,toothpaste_noise10,activity_gradual,0.6,salign_coverage,0.00038610072806475086,18,ok
payment_approval,toothpaste_noise10,activity_gradual,0.6,skipprob,5.700625479221344e-06,18,ok
payment_approval,toothpaste_noise10,activity_gradual,0.6,traces,0.0033395998179912,1,ok
payment_approval,toothpaste_noise10,activity_gradual,0.6,voidmass_deficit_lower,1.0100658982992172e-05,18,ok
payment_approval,toothpaste_noise10,activity_gradual,0.6,voidmass_deficit_upper,5.801208317279816e-06,18,ok
payment_approval,toothpaste_noise10,activity_gradual,0.6,voidmass_movecount,5.098991096019745e-06,18,ok
payment_approval,toothpaste_noise10,activity_gradual,0.6,voidmass_movecount_bound,4.799105226993561e-06,18,ok
payment_approval,toothpaste_noise10,activity_gradual,0.6,voidmass_process_lower,6.198417395353317e-06,18,ok
payment_approval,toothpaste_noise10,activity_gradual,0.6,voidmass_process_upper,5.200505256652832e-06,18,ok
payment_approval,toothpaste_noise10,activity_gradual,0.6,voidsalign3,0.00023150024935603142,18,ok
payment_approval,toothpaste_noise10,activity_gradual,0.6,voidsat2,0.0005416977219283297,18,ok
payment_approval,toothpaste_noise10,activity_gradual,0.6,weight_voidage,4.710117354989052e-05,18,ok
payment_approval,toothpaste_noise10,activity_gradual,0.7,aligned_duration_cache,0.0034431000240147,1,ok
payment_approval,toothpaste_noise10,activity_gradual,0.7,alignment_coverage_pn2_lower,0.00021530035883188248,18,ok
payment_approval,toothpaste_noise10,activity_gradual,0.7,alignment_coverage_pn2_upper,0.00013300077989697456,18,ok
payment_approval,toothpaste_noise10,activity_gradual,0.7,classical,0.012547300197184,1,ok
payment_approval,toothpaste_noise10,activity_gradual,0.7,dv,5.87292640004307,1,ok
payment_approval,toothpaste_noise10,activity_gradual,0.7,executions_cache,5.499925464391708e-06,1,ok
payment_approval,toothpaste_noise10,activity_gradual,0.7,matchprob,5.600042641162872e-06,18,ok
payment_approval,toothpaste_noise10,activity_gradual,0.7,mean_leaf_skipprob,3.300141543149948e-06,1,ok
payment_approval,toothpaste_noise10,activity_gradual,0.7,salign_coverage,0.00031850021332502246,18,ok
payment_approval,toothpaste_noise10,activity_gradual,0.7,skipprob,5.498528480529785e-06,18,ok
payment_approval,toothpaste_noise10,activity_gradual,0.7,traces,0.0034294002689421,1,ok
payment_approval,toothpaste_noise10,activity_gradual,0.7,voidmass_deficit_lower,1.1899508535861969e-05,18,ok
payment_approval,toothpaste_noise10,activity_gradual,0.7,voidmass_deficit_upper,5.899462848901749e-06,18,ok
payment_approval,toothpaste_noise10,activity_gradual,0.7,voidmass_movecount,5.700159817934036e-06,18,ok
payment_approval,toothpaste_noise10,activity_gradual,0.7,voidmass_movecount_bound,5.901791155338287e-06,18,ok
payment_approval,toothpaste_noise10,activity_gradual,0.7,voidmass_process_lower,6.998889148235321e-06,18,ok
payment_approval,toothpaste_noise10,activity_gradual,0.7,voidmass_process_upper,5.999114364385605e-06,18,ok
payment_approval,toothpaste_noise10,activity_gradual,0.7,voidsalign3,0.0001592002809047699,18,ok
payment_approval,toothpaste_noise10,activity_gradual,0.7,voidsat2,0.0003371988423167989,18,ok
payment_approval,toothpaste_noise10,activity_gradual,0.7,weight_voidage,4.490092396736145e-05,18,ok
payment_approval,toothpaste_noise10,activity_gradual,0.8,aligned_duration_cache,0.0020504998974502,1,ok
payment_approval,toothpaste_noise10,activity_gradual,0.8,alignment_coverage_pn2_lower,0.0001374008134007454,18,ok
payment_approval,toothpaste_noise10,activity_gradual,0.8,alignment_coverage_pn2_upper,8.449843153357506e-05,18,ok
payment_approval,toothpaste_noise10,activity_gradual,0.8,classical,0.0076590999960899,1,ok
payment_approval,toothpaste_noise10,activity_gradual,0.8,dv,5.459254300221801,1,ok
payment_approval,toothpaste_noise10,activity_gradual,0.8,executions_cache,5.09992241859436e-06,1,ok
payment_approval,toothpaste_noise10,activity_gradual,0.8,matchprob,6.200280040502548e-06,18,ok
payment_approval,toothpaste_noise10,activity_gradual,0.8,mean_leaf_skipprob,3.09990718960762e-06,1,ok
payment_approval,toothpaste_noise10,activity_gradual,0.8,salign_coverage,0.00020310096442699432,18,ok
payment_approval,toothpaste_noise10,activity_gradual,0.8,skipprob,6.9998204708099365e-06,18,ok
payment_approval,toothpaste_noise10,activity_gradual,0.8,traces,0.0020373999141156,1,ok
payment_approval,toothpaste_noise10,activity_gradual,0.8,voidmass_deficit_lower,8.799135684967041e-06,18,ok
payment_approval,toothpaste_noise10,activity_gradual,0.8,voidmass_deficit_upper,5.500856786966324e-06,18,ok
payment_approval,toothpaste_noise10,activity_gradual,0.8,voidmass_movecount,5.201902240514755e-06,18,ok
payment_approval,toothpaste_noise10,activity_gradual,0.8,voidmass_movecount_bound,4.600267857313156e-06,18,ok
payment_approval,toothpaste_noise10,activity_gradual,0.8,voidmass_process_lower,5.299225449562073e-06,18,ok
payment_approval,toothpaste_noise10,activity_gradual,0.8,voidmass_process_upper,5.6996941566467285e-06,18,ok
payment_approval,toothpaste_noise10,activity_gradual,0.8,voidsalign3,0.00010700011625885963,18,ok
payment_approval,toothpaste_noise10,activity_gradual,0.8,voidsat2,0.00024969829246401787,18,ok
payment_approval,toothpaste_noise10,activity_gradual,0.8,weight_voidage,0.024948100093752142,18,ok
payment_approval,toothpaste_noise10,activity_gradual,0.9,aligned_duration_cache,0.001684000249952,1,ok
payment_approval,toothpaste_noise10,activity_gradual,0.9,alignment_coverage_pn2_lower,7.590046152472496e-05,18,ok
payment_approval,toothpaste_noise10,activity_gradual,0.9,alignment_coverage_pn2_upper,4.629930481314659e-05,18,ok
payment_approval,toothpaste_noise10,activity_gradual,0.9,classical,0.0038864999078214,1,ok
payment_approval,toothpaste_noise10,activity_gradual,0.9,dv,5.278953799977899,1,ok
payment_approval,toothpaste_noise10,activity_gradual,0.9,executions_cache,5.499925464391708e-06,1,ok
payment_approval,toothpaste_noise10,activity_gradual,0.9,matchprob,5.000736564397812e-06,18,ok
payment_approval,toothpaste_noise10,activity_gradual,0.9,mean_leaf_skipprob,3.09990718960762e-06,1,ok
payment_approval,toothpaste_noise10,activity_gradual,0.9,salign_coverage,9.369943290948866e-05,18,ok
payment_approval,toothpaste_noise10,activity_gradual,0.9,skipprob,5.200039595365524e-06,18,ok
payment_approval,toothpaste_noise10,activity_gradual,0.9,traces,0.0016704001463949,1,ok
payment_approval,toothpaste_noise10,activity_gradual,0.9,voidmass_deficit_lower,9.700655937194824e-06,18,ok
payment_approval,toothpaste_noise10,activity_gradual,0.9,voidmass_deficit_upper,5.800742655992508e-06,18,ok
payment_approval,toothpaste_noise10,activity_gradual,0.9,voidmass_movecount,5.300156772136688e-06,18,ok
payment_approval,toothpaste_noise10,activity_gradual,0.9,voidmass_movecount_bound,5.100853741168976e-06,18,ok
payment_approval,toothpaste_noise10,activity_gradual,0.9,voidmass_process_lower,6.100628525018692e-06,18,ok
payment_approval,toothpaste_noise10,activity_gradual,0.9,voidmass_process_upper,6.099231541156769e-06,18,ok
payment_approval,toothpaste_noise10,activity_gradual,0.9,voidsalign3,5.770055577158928e-05,18,ok
payment_approval,toothpaste_noise10,activity_gradual,0.9,voidsat2,0.0001246999017894268,18,ok
payment_approval,toothpaste_noise10,activity_gradual,0.9,weight_voidage,4.280032590031624e-05,18,ok
payment_approval,toothpaste_noise10,trace,0.1,aligned_duration_cache,0.0023858002386987,1,ok
payment_approval,toothpaste_noise10,trace,0.1,alignment_coverage_pn2_lower,0.0002475995570421219,18,ok
payment_approval,toothpaste_noise10,trace,0.1,alignment_coverage_pn2_upper,0.00015849992632865906,18,ok
payment_approval,toothpaste_noise10,trace,0.1,classical,0.0135918003506958,1,ok
payment_approval,toothpaste_noise10,trace,0.1,dv,5.900491199921817,1,ok
payment_approval,toothpaste_noise10,trace,0.1,executions_cache,5.899928510189056e-06,1,ok
payment_approval,toothpaste_noise10,trace,0.1,matchprob,5.3998082876205444e-06,18,ok
payment_approval,toothpaste_noise10,trace,0.1,mean_leaf_skipprob,3.09990718960762e-06,1,ok
payment_approval,toothpaste_noise10,trace,0.1,salign_coverage,0.00027319882065055494,18,ok
payment_approval,toothpaste_noise10,trace,0.1,skipprob,5.899462848901749e-06,18,ok
payment_approval,toothpaste_noise10,trace,0.1,traces,0.0023715002462267,1,ok
payment_approval,toothpaste_noise10,trace,0.1,voidmass_deficit_lower,1.0098796337842941e-05,18,ok
payment_approval,toothpaste_noise10,trace,0.1,voidmass_deficit_upper,5.40073961019516e-06,18,ok
payment_approval,toothpaste_noise10,trace,0.1,voidmass_movecount,4.699453711509705e-06,18,ok
payment_approval,toothpaste_noise10,trace,0.1,voidmass_movecount_bound,4.800502210855484e-06,18,ok
payment_approval,toothpaste_noise10,trace,0.1,voidmass_process_lower,5.7015568017959595e-06,18,ok
payment_approval,toothpaste_noise10,trace,0.1,voidmass_process_upper,4.901085048913956e-06,18,ok
payment_approval,toothpaste_noise10,trace,0.1,voidsalign3,0.00017869984731078148,18,ok
payment_approval,toothpaste_noise10,trace,0.1,voidsat2,0.0005167000927030935,18,ok
payment_approval,toothpaste_noise10,trace,0.1,weight_voidage,4.3400563299655914e-05,18,ok
payment_approval,toothpaste_noise10,trace,0.2,aligned_duration_cache,0.0024360003881156,1,ok
payment_approval,toothpaste_noise10,trace,0.2,alignment_coverage_pn2_lower,0.0002494007349014282,18,ok
payment_approval,toothpaste_noise10,trace,0.2,alignment_coverage_pn2_upper,0.00015949923545122147,18,ok
payment_approval,toothpaste_noise10,trace,0.2,classical,0.013614899944514,1,ok
payment_approval,toothpaste_noise10,trace,0.2,dv,5.924855799879879,1,ok
payment_approval,toothpaste_noise10,trace,0.2,executions_cache,4.800036549568176e-06,1,ok
payment_approval,toothpaste_noise10,trace,0.2,matchprob,5.7998113334178925e-06,18,ok
payment_approval,toothpaste_noise10,trace,0.2,mean_leaf_skipprob,2.9997900128364563e-06,1,ok
payment_approval,toothpaste_noise10,trace,0.2,salign_coverage,0.00027660094201559346,18,ok
payment_approval,toothpaste_noise10,trace,0.2,skipprob,5.5995769798755646e-06,18,ok
payment_approval,toothpaste_noise10,trace,0.2,traces,0.0024223001673817,1,ok
payment_approval,toothpaste_noise10,trace,0.2,voidmass_deficit_lower,1.0700896382331848e-05,18,ok
payment_approval,toothpaste_noise10,trace,0.2,voidmass_deficit_upper,5.598179996013641e-06,18,ok
payment_approval,toothpaste_noise10,trace,0.2,voidmass_movecount,5.000736564397812e-06,18,ok
payment_approval,toothpaste_noise10,trace,0.2,voidmass_movecount_bound,5.500391125679016e-06,18,ok
payment_approval,toothpaste_noise10,trace,0.2,voidmass_process_lower,5.600042641162872e-06,18,ok
payment_approval,toothpaste_noise10,trace,0.2,voidmass_process_upper,5.300156772136688e-06,18,ok
payment_approval,toothpaste_noise10,trace,0.2,voidsalign3,0.00018079811707139015,18,ok
payment_approval,toothpaste_noise10,trace,0.2,voidsat2,0.0005477005615829498,18,ok
payment_approval,toothpaste_noise10,trace,0.2,weight_voidage,4.460010677576065e-05,18,ok
payment_approval,toothpaste_noise10,trace,0.3,aligned_duration_cache,0.0021502999588847,1,ok
payment_approval,toothpaste_noise10,trace,0.3,alignment_coverage_pn2_lower,0.00017529912292957306,18,ok
payment_approval,toothpaste_noise10,trace,0.3,alignment_coverage_pn2_upper,0.00011550029739737511,18,ok
payment_approval,toothpaste_noise10,trace,0.3,classical,0.0104605997912585,1,ok
payment_approval,toothpaste_noise10,trace,0.3,dv,5.745029000099748,1,ok
payment_approval,toothpaste_noise10,trace,0.3,executions_cache,4.999805241823196e-06,1,ok
payment_approval,toothpaste_noise10,trace,0.3,matchprob,5.999114364385605e-06,18,ok
payment_approval,toothpaste_noise10,trace,0.3,mean_leaf_skipprob,3.200024366378784e-06,1,ok
payment_approval,toothpaste_noise10,trace,0.3,salign_coverage,0.0002000010572373867,18,ok
payment_approval,toothpaste_noise10,trace,0.3,skipprob,5.5995769798755646e-06,18,ok
payment_approval,toothpaste_noise10,trace,0.3,traces,0.0021350001916289,1,ok
payment_approval,toothpaste_noise10,trace,0.3,voidmass_deficit_lower,1.0400079190731049e-05,18,ok
payment_approval,toothpaste_noise10,trace,0.3,voidmass_deficit_upper,5.798880010843277e-06,18,ok
payment_approval,toothpaste_noise10,trace,0.3,voidmass_movecount,5.398876965045929e-06,18,ok
payment_approval,toothpaste_noise10,trace,0.3,voidmass_movecount_bound,5.099456757307053e-06,18,ok
payment_approval,toothpaste_noise10,trace,0.3,voidmass_process_lower,5.7998113334178925e-06,18,ok
payment_approval,toothpaste_noise10,trace,0.3,voidmass_process_upper,5.8002769947052e-06,18,ok
payment_approval,toothpaste_noise10,trace,0.3,voidsalign3,0.00012799864634871483,18,ok
payment_approval,toothpaste_noise10,trace,0.3,voidsat2,0.00038019986823196246,18,ok
payment_approval,toothpaste_noise10,trace,0.3,weight_voidage,4.33996319770813e-05,18,ok
payment_approval,toothpaste_noise10,trace,0.4,aligned_duration_cache,0.0020741997286677,1,ok
payment_approval,toothpaste_noise10,trace,0.4,alignment_coverage_pn2_lower,0.00017560040578246117,18,ok
payment_approval,toothpaste_noise10,trace,0.4,alignment_coverage_pn2_upper,0.00011319993063807487,18,ok
payment_approval,toothpaste_noise10,trace,0.4,classical,0.0097437999211251,1,ok
payment_approval,toothpaste_noise10,trace,0.4,dv,5.74581309966743,1,ok
payment_approval,toothpaste_noise10,trace,0.4,executions_cache,5.499925464391708e-06,1,ok
payment_approval,toothpaste_noise10,trace,0.4,matchprob,5.40073961019516e-06,18,ok
payment_approval,toothpaste_noise10,trace,0.4,mean_leaf_skipprob,3.200024366378784e-06,1,ok
payment_approval,toothpaste_noise10,trace,0.4,salign_coverage,0.00020780041813850403,18,ok
payment_approval,toothpaste_noise10,trace,0.4,skipprob,5.600042641162872e-06,18,ok
payment_approval,toothpaste_noise10,trace,0.4,traces,0.0020608999766409,1,ok
payment_approval,toothpaste_noise10,trace,0.4,voidmass_deficit_lower,9.0012326836586e-06,18,ok
payment_approval,toothpaste_noise10,trace,0.4,voidmass_deficit_upper,5.398411303758621e-06,18,ok
payment_approval,toothpaste_noise10,trace,0.4,voidmass_movecount,4.699919372797012e-06,18,ok
payment_approval,toothpaste_noise10,trace,0.4,voidmass_movecount_bound,4.699453711509705e-06,18,ok
payment_approval,toothpaste_noise10,trace,0.4,voidmass_process_lower,6.000977009534836e-06,18,ok
payment_approval,toothpaste_noise10,trace,0.4,voidmass_process_upper,5.402136594057083e-06,18,ok
payment_approval,toothpaste_noise10,trace,0.4,voidsalign3,0.00012810016050934792,18,ok
payment_approval,toothpaste_noise10,trace,0.4,voidsat2,0.00039339950308194584,18,ok
payment_approval,toothpaste_noise10,trace,0.4,weight_voidage,4.220055416226387e-05,18,ok
payment_approval,toothpaste_noise10,trace,0.5,aligned_duration_cache,0.0016753003001213,1,ok
payment_approval,toothpaste_noise10,trace,0.5,alignment_coverage_pn2_lower,0.00014009885489940643,18,ok
payment_approval,toothpaste_noise10,trace,0.5,alignment_coverage_pn2_upper,9.569991379976273e-05,18,ok
payment_approval,toothpaste_noise10,trace,0.5,classical,0.0071543999947607,1,ok
payment_approval,toothpaste_noise10,trace,0.5,dv,5.642467200290412,1,ok
payment_approval,toothpaste_noise10,trace,0.5,executions_cache,5.09992241859436e-06,1,ok
payment_approval,toothpaste_noise10,trace,0.5,matchprob,5.90132549405098e-06,18,ok
payment_approval,toothpaste_noise10,trace,0.5,mean_leaf_skipprob,3.200024366378784e-06,1,ok
payment_approval,toothpaste_noise10,trace,0.5,salign_coverage,0.00016279984265565872,18,ok
payment_approval,toothpaste_noise10,trace,0.5,skipprob,5.600973963737488e-06,18,ok
payment_approval,toothpaste_noise10,trace,0.5,traces,0.0016615996137261,1,ok
payment_approval,toothpaste_noise10,trace,0.5,voidmass_deficit_lower,1.00000761449337e-05,18,ok
payment_approval,toothpaste_noise10,trace,0.5,voidmass_deficit_upper,1.5000347048044205e-05,18,ok
payment_approval,toothpaste_noise10,trace,0.5,voidmass_movecount,5.5995769798755646e-06,18,ok
payment_approval,toothpaste_noise10,trace,0.5,voidmass_movecount_bound,5.499459803104401e-06,18,ok
payment_approval,toothpaste_noise10,trace,0.5,voidmass_process_lower,5.799345672130585e-06,18,ok
payment_approval,toothpaste_noise10,trace,0.5,voidmass_process_upper,5.499459803104401e-06,18,ok
payment_approval,toothpaste_noise10,trace,0.5,voidsalign3,0.00010289996862411499,18,ok
payment_approval,toothpaste_noise10,trace,0.5,voidsat2,0.00033030053600668907,18,ok
payment_approval,toothpaste_noise10,trace,0.5,weight_voidage,4.619872197508812e-05,18,ok
payment_approval,toothpaste_noise10,trace,0.6,aligned_duration_cache,0.0013453001156449,1,ok
payment_approval,toothpaste_noise10,trace,0.6,alignment_coverage_pn2_lower,0.0001404997892677784,18,ok
payment_approval,toothpaste_noise10,trace,0.6,alignment_coverage_pn2_upper,8.95010307431221e-05,18,ok
payment_approval,toothpaste_noise10,trace,0.6,classical,0.0072559001855552,1,ok
payment_approval,toothpaste_noise10,trace,0.6,dv,5.647253399714828,1,ok
payment_approval,toothpaste_noise10,trace,0.6,executions_cache,5.400273948907852e-06,1,ok
payment_approval,toothpaste_noise10,trace,0.6,matchprob,5.100853741168976e-06,18,ok
payment_approval,toothpaste_noise10,trace,0.6,mean_leaf_skipprob,3.200024366378784e-06,1,ok
payment_approval,toothpaste_noise10,trace,0.6,salign_coverage,0.00015619909390807152,18,ok
payment_approval,toothpaste_noise10,trace,0.6,skipprob,5.899928510189056e-06,18,ok
payment_approval,toothpaste_noise10,trace,0.6,traces,0.0013300999999046,1,ok
payment_approval,toothpaste_noise10,trace,0.6,voidmass_deficit_lower,1.00000761449337e-05,18,ok
payment_approval,toothpaste_noise10,trace,0.6,voidmass_deficit_upper,5.600973963737488e-06,18,ok
payment_approval,toothpaste_noise10,trace,0.6,voidmass_movecount,5.00120222568512e-06,18,ok
payment_approval,toothpaste_noise10,trace,0.6,voidmass_movecount_bound,4.698988050222397e-06,18,ok
payment_approval,toothpaste_noise10,trace,0.6,voidmass_process_lower,5.600042641162872e-06,18,ok
payment_approval,toothpaste_noise10,trace,0.6,voidmass_process_upper,5.200039595365524e-06,18,ok
payment_approval,toothpaste_noise10,trace,0.6,voidsalign3,0.00010139821097254753,18,ok
payment_approval,toothpaste_noise10,trace,0.6,voidsat2,0.0002467995509505272,18,ok
payment_approval,toothpaste_noise10,trace,0.6,weight_voidage,4.319986328482628e-05,18,ok
payment_approval,toothpaste_noise10,trace,0.7,aligned_duration_cache,0.0013179001398384,1,ok
payment_approval,toothpaste_noise10,trace,0.7,alignment_coverage_pn2_lower,0.00013879919424653053,18,ok
payment_approval,toothpaste_noise10,trace,0.7,alignment_coverage_pn2_upper,9.129941463470459e-05,18,ok
payment_approval,toothpaste_noise10,trace,0.7,classical,0.0069118998944759,1,ok
payment_approval,toothpaste_noise10,trace,0.7,dv,5.633702400140464,1,ok
payment_approval,toothpaste_noise10,trace,0.7,executions_cache,4.90015372633934e-06,1,ok
payment_approval,toothpaste_noise10,trace,0.7,matchprob,5.898531526327133e-06,18,ok
payment_approval,toothpaste_noise10,trace,0.7,mean_leaf_skipprob,3.700144588947296e-06,1,ok
payment_approval,toothpaste_noise10,trace,0.7,salign_coverage,0.00015910016372799873,18,ok
payment_approval,toothpaste_noise10,trace,0.7,skipprob,5.3998082876205444e-06,18,ok
payment_approval,toothpaste_noise10,trace,0.7,traces,0.0013044998049736,1,ok
payment_approval,toothpaste_noise10,trace,0.7,voidmass_deficit_lower,9.601004421710968e-06,18,ok
payment_approval,toothpaste_noise10,trace,0.7,voidmass_deficit_upper,6.000977009534836e-06,18,ok
payment_approval,toothpaste_noise10,trace,0.7,voidmass_movecount,4.999339580535889e-06,18,ok
payment_approval,toothpaste_noise10,trace,0.7,voidmass_movecount_bound,5.300622433423996e-06,18,ok
payment_approval,toothpaste_noise10,trace,0.7,voidmass_process_lower,6.600748747587204e-06,18,ok
payment_approval,toothpaste_noise10,trace,0.7,voidmass_process_upper,5.500391125679016e-06,18,ok
payment_approval,toothpaste_noise10,trace,0.7,voidsalign3,0.00010049901902675629,18,ok
payment_approval,toothpaste_noise10,trace,0.7,voidsat2,0.00028170039877295494,18,ok
payment_approval,toothpaste_noise10,trace,0.7,weight_voidage,4.869978874921799e-05,18,ok
payment_approval,toothpaste_noise10,trace,0.8,aligned_duration_cache,0.0008819000795483,1,ok
payment_approval,toothpaste_noise10,trace,0.8,alignment_coverage_pn2_lower,8.32010991871357e-05,18,ok
payment_approval,toothpaste_noise10,trace,0.8,alignment_coverage_pn2_upper,5.180062726140022e-05,18,ok
payment_approval,toothpaste_noise10,trace,0.8,classical,0.0037672999314963,1,ok
payment_approval,toothpaste_noise10,trace,0.8,dv,5.362544599920511,1,ok
payment_approval,toothpaste_noise10,trace,0.8,executions_cache,4.7995708882808685e-06,1,ok
payment_approval,toothpaste_noise10,trace,0.8,matchprob,5.498994141817093e-06,18,ok
payment_approval,toothpaste_noise10,trace,0.8,mean_leaf_skipprob,3.100372850894928e-06,1,ok
payment_approval,toothpaste_noise10,trace,0.8,salign_coverage,9.63001511991024e-05,18,ok
payment_approval,toothpaste_noise10,trace,0.8,skipprob,5.498994141817093e-06,18,ok
payment_approval,toothpaste_noise10,trace,0.8,traces,0.0008693998679518,1,ok
payment_approval,toothpaste_noise10,trace,0.8,voidmass_deficit_lower,9.000301361083984e-06,18,ok
payment_approval,toothpaste_noise10,trace,0.8,voidmass_deficit_upper,6.399117410182953e-06,18,ok
payment_approval,toothpaste_noise10,trace,0.8,voidmass_movecount,5.6996941566467285e-06,18,ok
payment_approval,toothpaste_noise10,trace,0.8,voidmass_movecount_bound,5.400273948907852e-06,18,ok
payment_approval,toothpaste_noise10,trace,0.8,voidmass_process_lower,6.201211363077164e-06,18,ok
payment_approval,toothpaste_noise10,trace,0.8,voidmass_process_upper,5.8002769947052e-06,18,ok
payment_approval,toothpaste_noise10,trace,0.8,voidsalign3,5.9001147747039795e-05,18,ok
payment_approval,toothpaste_noise10,trace,0.8,voidsat2,0.0001529008150100708,18,ok
payment_approval,toothpaste_noise10,trace,0.8,weight_voidage,4.159938544034958e-05,18,ok
payment_approval,toothpaste_noise10,trace,0.9,aligned_duration_cache,0.0009063999168574,1,ok
payment_approval,toothpaste_noise10,trace,0.9,alignment_coverage_pn2_lower,8.600018918514252e-05,18,ok
payment_approval,toothpaste_noise10,trace,0.9,alignment_coverage_pn2_upper,5.240039899945259e-05,18,ok
payment_approval,toothpaste_noise10,trace,0.9,classical,0.0040027000941336,1,ok
payment_approval,toothpaste_noise10,trace,0.9,dv,5.487371199764311,1,ok
payment_approval,toothpaste_noise10,trace,0.9,executions_cache,5.2996911108493805e-06,1,ok
payment_approval,toothpaste_noise10,trace,0.9,matchprob,5.500391125679016e-06,18,ok
payment_approval,toothpaste_noise10,trace,0.9,mean_leaf_skipprob,3.4999102354049683e-06,1,ok
payment_approval,toothpaste_noise10,trace,0.9,salign_coverage,9.38992016017437e-05,18,ok
payment_approval,toothpaste_noise10,trace,0.9,skipprob,5.2996911108493805e-06,18,ok
payment_approval,toothpaste_noise10,trace,0.9,traces,0.0008930000476539,1,ok
payment_approval,toothpaste_noise10,trace,0.9,voidmass_deficit_lower,9.800773113965988e-06,18,ok
payment_approval,toothpaste_noise10,trace,0.9,voidmass_deficit_upper,5.1995739340782166e-06,18,ok
payment_approval,toothpaste_noise10,trace,0.9,voidmass_movecount,4.3995678424835205e-06,18,ok
payment_approval,toothpaste_noise10,trace,0.9,voidmass_movecount_bound,6.1998143792152405e-06,18,ok
payment_approval,toothpaste_noise10,trace,0.9,voidmass_process_lower,6.299465894699097e-06,18,ok
payment_approval,toothpaste_noise10,trace,0.9,voidmass_process_upper,5.500391125679016e-06,18,ok
payment_approval,toothpaste_noise10,trace,0.9,voidsalign3,6.179884076118469e-05,18,ok
payment_approval,toothpaste_noise10,trace,0.9,voidsat2,0.00016750022768974304,18,ok
payment_approval,toothpaste_noise10,trace,0.9,weight_voidage,4.3200328946113586e-05,18,ok
payment_approval,toothpaste_noise10,,0.0,aligned_duration_cache,0.0027485000900924,1,ok
payment_approval,toothpaste_noise10,,0.0,alignment_coverage_pn2_lower,0.0002624988555907894,18,ok
payment_approval,toothpaste_noise10,,0.0,alignment_coverage_pn2_upper,0.00015989923849701881,18,ok
payment_approval,toothpaste_noise10,,0.0,classical,0.0174686000682413,1,ok
payment_approval,toothpaste_noise10,,0.0,dv,5.896128899883479,1,ok
payment_approval,toothpaste_noise10,,0.0,executions_cache,5.09992241859436e-06,1,ok
payment_approval,toothpaste_noise10,,0.0,matchprob,6.100628525018692e-06,18,ok
payment_approval,toothpaste_noise10,,0.0,mean_leaf_skipprob,3.100372850894928e-06,1,ok
payment_approval,toothpaste_noise10,,0.0,salign_coverage,0.0002891006879508058,18,ok
payment_approval,toothpaste_noise10,,0.0,skipprob,6.200280040502548e-06,18,ok
payment_approval,toothpaste_noise10,,0.0,traces,0.0027362001128494,1,ok
payment_approval,toothpaste_noise10,,0.0,voidmass_deficit_lower,1.0799150913953781e-05,18,ok
payment_approval,toothpaste_noise10,,0.0,voidmass_deficit_upper,6.100628525018692e-06,18,ok
payment_approval,toothpaste_noise10,,0.0,voidmass_movecount,4.699919372797012e-06,18,ok
payment_approval,toothpaste_noise10,,0.0,voidmass_movecount_bound,5.60050830245018e-06,18,ok
payment_approval,toothpaste_noise10,,0.0,voidmass_process_lower,7.000751793384552e-06,18,ok
payment_approval,toothpaste_noise10,,0.0,voidmass_process_upper,6.200280040502548e-06,18,ok
payment_approval,toothpaste_noise10,,0.0,voidsalign3,0.00018059974536299706,18,ok
payment_approval,toothpaste_noise10,,0.0,voidsat2,0.0006051994860171595,18,ok
payment_approval,toothpaste_noise10,,0.0,weight_voidage,4.419870674610138e-05,18,ok
