log,combo,degradation_dim,degradation_level,metric_or_stage,seconds,rows,status
BPI_Challenge_2013_closed_problems,inductive_noise20,activity_frequency_gradual,0.1,aligned_duration_cache,1.0703557999804616,1,ok
BPI_Challenge_2013_closed_problems,inductive_noise20,activity_frequency_gradual,0.1,alignment_coverage_pn2_lower,0.0121695003472261,14,ok
BPI_Challenge_2013_closed_problems,inductive_noise20,activity_frequency_gradual,0.1,alignment_coverage_pn2_upper,0.006814498454331711,14,ok
BPI_Challenge_2013_closed_problems,inductive_noise20,activity_frequency_gradual,0.1,classical,14.473233600147069,1,ok
BPI_Challenge_2013_closed_problems,inductive_noise20,activity_frequency_gradual,0.1,dv,10.41862630005926,1,ok
BPI_Challenge_2013_closed_problems,inductive_noise20,activity_frequency_gradual,0.1,executions_cache,9.799841791391373e-06,1,ok
BPI_Challenge_2013_closed_problems,inductive_noise20,activity_frequency_gradual,0.1,matchprob,6.1998143792152405e-06,14,ok
BPI_Challenge_2013_closed_problems,inductive_noise20,activity_frequency_gradual,0.1,mean_leaf_skipprob,4.699919372797012e-06,1,ok
BPI_Challenge_2013_closed_problems,inductive_noise20,activity_frequency_gradual,0.1,salign_coverage,0.0115879001095885,14,ok
BPI_Challenge_2013_closed_problems,inductive_noise20,activity_frequency_gradual,0.1,skipprob,6.800051778554916e-06,14,ok
BPI_Challenge_2013_closed_problems,inductive_noise20,activity_frequency_gradual,0.1,traces,1.0703346002846956,1,ok
BPI_Challenge_2013_closed_problems,inductive_noise20,activity_frequency_gradual,0.1,voidmass_deficit_lower,1.6301870346069336e-05,14,ok
BPI_Challenge_2013_closed_problems,inductive_noise20,activity_frequency_gradual,0.1,voidmass_deficit_upper,6.4997002482414246e-06,14,ok
BPI_Challenge_2013_closed_problems,inductive_noise20,activity_frequency_gradual,0.1,voidmass_movecount,7.398892194032669e-06,14,ok
BPI_Challenge_2013_closed_problems,inductive_noise20,activity_frequency_gradual,0.1,voidmass_movecount_bound,6.00004568696022e-06,14,ok
BPI_Challenge_2013_closed_problems,inductive_noise20,activity_frequency_gradual,0.1,voidmass_process_lower,6.998423486948013e-06,14,ok
BPI_Challenge_2013_closed_problems,inductive_noise20,activity_frequency_gradual,0.1,voidmass_process_upper,5.899462848901749e-06,14,ok
BPI_Challenge_2013_closed_problems,inductive_noise20,activity_frequency_gradual,0.1,voidsalign3,0.006764000747352384,14,ok
BPI_Challenge_2013_closed_problems,inductive_noise20,activity_frequency_gradual,0.1,voidsat2,0.1121269003488115,14,ok
BPI_Challenge_2013_closed_problems,inductive_noise20,activity_frequency_gradual,0.1,weight_voidage,5.460018292069435e-05,14,ok
BPI_Challenge_2013_closed_problems,inductive_noise20,activity_frequency_gradual,0.2,aligned_duration_cache,1.1414550999179482,1,ok
BPI_Challenge_2013_closed_problems,inductive_noise20,activity_frequency_gradual,0.2,alignment_coverage_pn2_lower,0.006129200570284802,14,ok
BPI_Challenge_2013_closed_problems,inductive_noise20,activity_frequency_gradual,0.2,alignment_coverage_pn2_upper,0.0033371984027323943,14,ok
BPI_Challenge_2013_closed_problems,inductive_noise20,activity_frequency_gradual,0.2,classical,7.289364899974316,1,ok
BPI_Challenge_2013_closed_problems,inductive_noise20,activity_frequency_gradual,0.2,dv,8.770111599937081,1,ok
BPI_Challenge_2013_closed_problems,inductive_noise20,activity_frequency_gradual,0.2,executions_cache,1.0699965059757233e-05,1,ok
BPI_Challenge_2013_closed_problems,inductive_noise20,activity_frequency_gradual,0.2,matchprob,5.099456757307053e-06,14,ok
BPI_Challenge_2013_closed_problems,inductive_noise20,activity_frequency_gradual,0.2,mean_leaf_skipprob,9.799841791391373e-06,1,ok
BPI_Challenge_2013_closed_problems,inductive_noise20,activity_frequency_gradual,0.2,salign_coverage,0.0059241000562901,14,ok
BPI_Challenge_2013_closed_problems,inductive_noise20,activity_frequency_gradual,0.2,skipprob,5.500391125679016e-06,14,ok
BPI_Challenge_2013_closed_problems,inductive_noise20,activity_frequency_gradual,0.2,traces,1.1414319002069533,1,ok
BPI_Challenge_2013_closed_problems,inductive_noise20,activity_frequency_gradual,0.2,voidmass_deficit_lower,1.4699995517730711e-05,14,ok
BPI_Challenge_2013_closed_problems,inductive_noise20,activity_frequency_gradual,0.2,voidmass_deficit_upper,5.398876965045929e-06,14,ok
BPI_Challenge_2013_closed_problems,inductive_noise20,activity_frequency_gradual,0.2,voidmass_movecount,6.200280040502548e-06,14,ok
BPI_Challenge_2013_closed_problems,inductive_noise20,activity_frequency_gradual,0.2,voidmass_movecount_bound,5.100388079881668e-06,14,ok
BPI_Challenge_2013_closed_problems,inductive_noise20,activity_frequency_gradual,0.2,voidmass_process_lower,5.8002769947052e-06,14,ok
BPI_Challenge_2013_closed_problems,inductive_noise20,activity_frequency_gradual,0.2,voidmass_process_upper,4.999805241823196e-06,14,ok
BPI_Challenge_2013_closed_problems,inductive_noise20,activity_frequency_gradual,0.2,voidsalign3,0.0034587997943159917,14,ok
BPI_Challenge_2013_closed_problems,inductive_noise20,activity_frequency_gradual,0.2,voidsat2,0.1001744004897767,14,ok
BPI_Challenge_2013_closed_problems,inductive_noise20,activity_frequency_gradual,0.2,weight_voidage,4.559988155961037e-05,14,ok
BPI_Challenge_2013_closed_problems,inductive_noise20,activity_frequency_gradual,0.3,aligned_duration_cache,1.066906400024891,1,ok
BPI_Challenge_2013_closed_problems,inductive_noise20,activity_frequency_gradual,0.3,alignment_coverage_pn2_lower,0.005164599046110522,14,ok
BPI_Challenge_2013_closed_problems,inductive_noise20,activity_frequency_gradual,0.3,alignment_coverage_pn2_upper,0.002448200248181406,14,ok
BPI_Challenge_2013_closed_problems,inductive_noise20,activity_frequency_gradual,0.3,classical,2.6048774998635054,1,ok
BPI_Challenge_2013_closed_problems,inductive_noise20,activity_frequency_gradual,0.3,dv,9.219761000014842,1,ok
BPI_Challenge_2013_closed_problems,inductive_noise20,activity_frequency_gradual,0.3,executions_cache,1.0200310498476028e-05,1,ok
BPI_Challenge_2013_closed_problems,inductive_noise20,activity_frequency_gradual,0.3,matchprob,6.300397217273712e-06,14,ok
BPI_Challenge_2013_closed_problems,inductive_noise20,activity_frequency_gradual,0.3,mean_leaf_skipprob,4.600267857313156e-06,1,ok
BPI_Challenge_2013_closed_problems,inductive_noise20,activity_frequency_gradual,0.3,salign_coverage,0.005038699135183838,14,ok
BPI_Challenge_2013_closed_problems,inductive_noise20,activity_frequency_gradual,0.3,skipprob,7.899012416601181e-06,14,ok
BPI_Challenge_2013_closed_problems,inductive_noise20,activity_frequency_gradual,0.3,traces,1.0668850000947714,1,ok
BPI_Challenge_2013_closed_problems,inductive_noise20,activity_frequency_gradual,0.3,voidmass_deficit_lower,2.03009694814682e-05,14,ok
BPI_Challenge_2013_closed_problems,inductive_noise20,activity_frequency_gradual,0.3,voidmass_deficit_upper,9.100418537855148e-06,14,ok
BPI_Challenge_2013_closed_problems,inductive_noise20,activity_frequency_gradual,0.3,voidmass_movecount,8.80146399140358e-06,14,ok
BPI_Challenge_2013_closed_problems,inductive_noise20,activity_frequency_gradual,0.3,voidmass_movecount_bound,8.899252861738205e-06,14,ok
BPI_Challenge_2013_closed_problems,inductive_noise20,activity_frequency_gradual,0.3,voidmass_process_lower,8.701346814632416e-06,14,ok
BPI_Challenge_2013_closed_problems,inductive_noise20,activity_frequency_gradual,0.3,voidmass_process_upper,7.599592208862305e-06,14,ok
BPI_Challenge_2013_closed_problems,inductive_noise20,activity_frequency_gradual,0.3,voidsalign3,0.002528899349271844,14,ok
BPI_Challenge_2013_closed_problems,inductive_noise20,activity_frequency_gradual,0.3,voidsat2,0.1024528001435094,14,ok
BPI_Challenge_2013_closed_problems,inductive_noise20,activity_frequency_gradual,0.3,weight_voidage,6.430083885788918e-05,14,ok
BPI_Challenge_2013_closed_problems,inductive_noise20,activity_frequency_gradual,0.4,aligned_duration_cache,1.023561000358313,1,ok
BPI_Challenge_2013_closed_problems,inductive_noise20,activity_frequency_gradual,0.4,alignment_coverage_pn2_lower,0.0017032008618113486,14,ok
BPI_Challenge_2013_closed_problems,inductive_noise20,activity_frequency_gradual,0.4,alignment_coverage_pn2_upper,0.0009372001513836568,14,ok
BPI_Challenge_2013_closed_problems,inductive_noise20,activity_frequency_gradual,0.4,classical,0.7970129000023007,1,ok
BPI_Challenge_2013_closed_problems,inductive_noise20,activity_frequency_gradual,0.4,dv,9.476534999907017,1,ok
BPI_Challenge_2013_closed_problems,inductive_noise20,activity_frequency_gradual,0.4,executions_cache,1.2699980288743973e-05,1,ok
BPI_Challenge_2013_closed_problems,inductive_noise20,activity_frequency_gradual,0.4,matchprob,5.7998113334178925e-06,14,ok
BPI_Challenge_2013_closed_problems,inductive_noise20,activity_frequency_gradual,0.4,mean_leaf_skipprob,4.00003045797348e-06,1,ok
BPI_Challenge_2013_closed_problems,inductive_noise20,activity_frequency_gradual,0.4,salign_coverage,0.0018029995262619633,14,ok
BPI_Challenge_2013_closed_problems,inductive_noise20,activity_frequency_gradual,0.4,skipprob,5.6996941566467285e-06,14,ok
BPI_Challenge_2013_closed_problems,inductive_noise20,activity_frequency_gradual,0.4,traces,1.023535500280559,1,ok
BPI_Challenge_2013_closed_problems,inductive_noise20,activity_frequency_gradual,0.4,voidmass_deficit_lower,1.2299511581659317e-05,14,ok
BPI_Challenge_2013_closed_problems,inductive_noise20,activity_frequency_gradual,0.4,voidmass_deficit_upper,6.900634616613388e-06,14,ok
BPI_Challenge_2013_closed_problems,inductive_noise20,activity_frequency_gradual,0.4,voidmass_movecount,5.900394171476364e-06,14,ok
BPI_Challenge_2013_closed_problems,inductive_noise20,activity_frequency_gradual,0.4,voidmass_movecount_bound,5.499459803104401e-06,14,ok
BPI_Challenge_2013_closed_problems,inductive_noise20,activity_frequency_gradual,0.4,voidmass_process_lower,6.300397217273712e-06,14,ok
BPI_Challenge_2013_closed_problems,inductive_noise20,activity_frequency_gradual,0.4,voidmass_process_upper,6.00004568696022e-06,14,ok
BPI_Challenge_2013_closed_problems,inductive_noise20,activity_frequency_gradual,0.4,voidsalign3,0.0010025999508796813,14,ok
BPI_Challenge_2013_closed_problems,inductive_noise20,activity_frequency_gradual,0.4,voidsat2,0.0813012006692581,14,ok
BPI_Challenge_2013_closed_problems,inductive_noise20,activity_frequency_gradual,0.4,weight_voidage,4.559988155961037e-05,14,ok
BPI_Challenge_2013_closed_problems,inductive_noise20,activity_frequency_gradual,0.5,aligned_duration_cache,0.954971400089562,1,ok
BPI_Challenge_2013_closed_problems,inductive_noise20,activity_frequency_gradual,0.5,alignment_coverage_pn2_lower,0.0018542995676396306,14,ok
BPI_Challenge_2013_closed_problems,inductive_noise20,activity_frequency_gradual,0.5,alignment_coverage_pn2_upper,0.0007831002585588289,14,ok
BPI_Challenge_2013_closed_problems,inductive_noise20,activity_frequency_gradual,0.5,classical,0.6120837000198662,1,ok
BPI_Challenge_2013_closed_problems,inductive_noise20,activity_frequency_gradual,0.5,dv,9.601332500111312,1,ok
BPI_Challenge_2013_closed_problems,inductive_noise20,activity_frequency_gradual,0.5,executions_cache,9.899958968162537e-06,1,ok
BPI_Challenge_2013_closed_problems,inductive_noise20,activity_frequency_gradual,0.5,matchprob,6.299931555986404e-06,14,ok
BPI_Challenge_2013_closed_problems,inductive_noise20,activity_frequency_gradual,0.5,mean_leaf_skipprob,4.1997991502285e-06,1,ok
BPI_Challenge_2013_closed_problems,inductive_noise20,activity_frequency_gradual,0.5,salign_coverage,0.0017770999111231236,14,ok
BPI_Challenge_2013_closed_problems,inductive_noise20,activity_frequency_gradual,0.5,skipprob,7.100868970155716e-06,14,ok
BPI_Challenge_2013_closed_problems,inductive_noise20,activity_frequency_gradual,0.5,traces,0.9549460997805,1,ok
BPI_Challenge_2013_closed_problems,inductive_noise20,activity_frequency_gradual,0.5,voidmass_deficit_lower,1.750001683831215e-05,14,ok
BPI_Challenge_2013_closed_problems,inductive_noise20,activity_frequency_gradual,0.5,voidmass_deficit_upper,8.300412446260452e-06,14,ok
BPI_Challenge_2013_closed_problems,inductive_noise20,activity_frequency_gradual,0.5,voidmass_movecount,8.200295269489288e-06,14,ok
BPI_Challenge_2013_closed_problems,inductive_noise20,activity_frequency_gradual,0.5,voidmass_movecount_bound,7.399357855319977e-06,14,ok
BPI_Challenge_2013_closed_problems,inductive_noise20,activity_frequency_gradual,0.5,voidmass_process_lower,8.90018418431282e-06,14,ok
BPI_Challenge_2013_closed_problems,inductive_noise20,activity_frequency_gradual,0.5,voidmass_process_upper,7.0999376475811005e-06,14,ok
BPI_Challenge_2013_closed_problems,inductive_noise20,activity_frequency_gradual,0.5,voidsalign3,0.0008505000732837364,14,ok
BPI_Challenge_2013_closed_problems,inductive_noise20,activity_frequency_gradual,0.5,voidsat2,0.0740661998279385,14,ok
BPI_Challenge_2013_closed_problems,inductive_noise20,activity_frequency_gradual,0.5,weight_voidage,6.650015711784363e-05,14,ok
BPI_Challenge_2013_closed_problems,inductive_noise20,activity_frequency_gradual,0.6,aligned_duration_cache,0.9132079002447426,1,ok
BPI_Challenge_2013_closed_problems,inductive_noise20,activity_frequency_gradual,0.6,alignment_coverage_pn2_lower,0.001070399768650199,14,ok
BPI_Challenge_2013_closed_problems,inductive_noise20,activity_frequency_gradual,0.6,alignment_coverage_pn2_upper,0.0006024995818731992,14,ok
BPI_Challenge_2013_closed_problems,inductive_noise20,activity_frequency_gradual,0.6,classical,0.472990000154823,1,ok
BPI_Challenge_2013_closed_problems,inductive_noise20,activity_frequency_gradual,0.6,dv,8.079317700117826,1,ok
BPI_Challenge_2013_closed_problems,inductive_noise20,activity_frequency_gradual,0.6,executions_cache,1.0600313544273376e-05,1,ok
BPI_Challenge_2013_closed_problems,inductive_noise20,activity_frequency_gradual,0.6,matchprob,5.298294126987457e-06,14,ok
BPI_Challenge_2013_closed_problems,inductive_noise20,activity_frequency_gradual,0.6,mean_leaf_skipprob,4.1997991502285e-06,1,ok
BPI_Challenge_2013_closed_problems,inductive_noise20,activity_frequency_gradual,0.6,salign_coverage,0.0011038999073206227,14,ok
BPI_Challenge_2013_closed_problems,inductive_noise20,activity_frequency_gradual,0.6,skipprob,5.1995739340782166e-06,14,ok
BPI_Challenge_2013_closed_problems,inductive_noise20,activity_frequency_gradual,0.6,traces,0.9131833999417722,1,ok
BPI_Challenge_2013_closed_problems,inductive_noise20,activity_frequency_gradual,0.6,voidmass_deficit_lower,9.200070053339005e-06,14,ok
BPI_Challenge_2013_closed_problems,inductive_noise20,activity_frequency_gradual,0.6,voidmass_deficit_upper,4.900619387626648e-06,14,ok
BPI_Challenge_2013_closed_problems,inductive_noise20,activity_frequency_gradual,0.6,voidmass_movecount,4.90015372633934e-06,14,ok
BPI_Challenge_2013_closed_problems,inductive_noise20,activity_frequency_gradual,0.6,voidmass_movecount_bound,4.599802196025848e-06,14,ok
BPI_Challenge_2013_closed_problems,inductive_noise20,activity_frequency_gradual,0.6,voidmass_process_lower,5.699228495359421e-06,14,ok
BPI_Challenge_2013_closed_problems,inductive_noise20,activity_frequency_gradual,0.6,voidmass_process_upper,4.600267857313156e-06,14,ok
BPI_Challenge_2013_closed_problems,inductive_noise20,activity_frequency_gradual,0.6,voidsalign3,0.00068639870733003,14,ok
BPI_Challenge_2013_closed_problems,inductive_noise20,activity_frequency_gradual,0.6,voidsat2,0.0530117000453167,14,ok
BPI_Challenge_2013_closed_problems,inductive_noise20,activity_frequency_gradual,0.6,weight_voidage,3.7699006497859955e-05,14,ok
BPI_Challenge_2013_closed_problems,inductive_noise20,activity_frequency_gradual,0.7,aligned_duration_cache,0.7235423000529408,1,ok
BPI_Challenge_2013_closed_problems,inductive_noise20,activity_frequency_gradual,0.7,alignment_coverage_pn2_lower,0.0006895009428262668,14,ok
BPI_Challenge_2013_closed_problems,inductive_noise20,activity_frequency_gradual,0.7,alignment_coverage_pn2_upper,0.00039999838918447495,14,ok
BPI_Challenge_2013_closed_problems,inductive_noise20,activity_frequency_gradual,0.7,classical,0.369817600119859,1,ok
BPI_Challenge_2013_closed_problems,inductive_noise20,activity_frequency_gradual,0.7,dv,7.401495900005102,1,ok
BPI_Challenge_2013_closed_problems,inductive_noise20,activity_frequency_gradual,0.7,executions_cache,8.999835699796677e-06,1,ok
BPI_Challenge_2013_closed_problems,inductive_noise20,activity_frequency_gradual,0.7,matchprob,4.999805241823196e-06,14,ok
BPI_Challenge_2013_closed_problems,inductive_noise20,activity_frequency_gradual,0.7,mean_leaf_skipprob,4.00003045797348e-06,1,ok
BPI_Challenge_2013_closed_problems,inductive_noise20,activity_frequency_gradual,0.7,salign_coverage,0.0007688999176024137,14,ok
BPI_Challenge_2013_closed_problems,inductive_noise20,activity_frequency_gradual,0.7,skipprob,5.299225449562073e-06,14,ok
BPI_Challenge_2013_closed_problems,inductive_noise20,activity_frequency_gradual,0.7,traces,0.7235214002430439,1,ok
BPI_Challenge_2013_closed_problems,inductive_noise20,activity_frequency_gradual,0.7,voidmass_deficit_lower,9.898561984300613e-06,14,ok
BPI_Challenge_2013_closed_problems,inductive_noise20,activity_frequency_gradual,0.7,voidmass_deficit_upper,5.499925464391708e-06,14,ok
BPI_Challenge_2013_closed_problems,inductive_noise20,activity_frequency_gradual,0.7,voidmass_movecount,5.100853741168976e-06,14,ok
BPI_Challenge_2013_closed_problems,inductive_noise20,activity_frequency_gradual,0.7,voidmass_movecount_bound,5.399342626333237e-06,14,ok
BPI_Challenge_2013_closed_problems,inductive_noise20,activity_frequency_gradual,0.7,voidmass_process_lower,5.700159817934036e-06,14,ok
BPI_Challenge_2013_closed_problems,inductive_noise20,activity_frequency_gradual,0.7,voidmass_process_upper,5.3998082876205444e-06,14,ok
BPI_Challenge_2013_closed_problems,inductive_noise20,activity_frequency_gradual,0.7,voidsalign3,0.0004418985918164253,14,ok
BPI_Challenge_2013_closed_problems,inductive_noise20,activity_frequency_gradual,0.7,voidsat2,0.039871600456535,14,ok
BPI_Challenge_2013_closed_problems,inductive_noise20,activity_frequency_gradual,0.7,weight_voidage,3.969995304942131e-05,14,ok
BPI_Challenge_2013_closed_problems,inductive_noise20,activity_frequency_gradual,0.8,aligned_duration_cache,0.5752114998176694,1,ok
BPI_Challenge_2013_closed_problems,inductive_noise20,activity_frequency_gradual,0.8,alignment_coverage_pn2_lower,0.0005545001477002447,14,ok
BPI_Challenge_2013_closed_problems,inductive_noise20,activity_frequency_gradual,0.8,alignment_coverage_pn2_upper,0.00028820009902119637,14,ok
BPI_Challenge_2013_closed_problems,inductive_noise20,activity_frequency_gradual,0.8,classical,0.2764628999866545,1,ok
BPI_Challenge_2013_closed_problems,inductive_noise20,activity_frequency_gradual,0.8,dv,7.045694699976593,1,ok
BPI_Challenge_2013_closed_problems,inductive_noise20,activity_frequency_gradual,0.8,executions_cache,8.699949830770493e-06,1,ok
BPI_Challenge_2013_closed_problems,inductive_noise20,activity_frequency_gradual,0.8,matchprob,4.700850695371628e-06,14,ok
BPI_Challenge_2013_closed_problems,inductive_noise20,activity_frequency_gradual,0.8,mean_leaf_skipprob,3.4999102354049683e-06,1,ok
BPI_Challenge_2013_closed_problems,inductive_noise20,activity_frequency_gradual,0.8,salign_coverage,0.0005474002100526789,14,ok
BPI_Challenge_2013_closed_problems,inductive_noise20,activity_frequency_gradual,0.8,skipprob,4.800502210855484e-06,14,ok
BPI_Challenge_2013_closed_problems,inductive_noise20,activity_frequency_gradual,0.8,traces,0.5751851997338235,1,ok
BPI_Challenge_2013_closed_problems,inductive_noise20,activity_frequency_gradual,0.8,voidmass_deficit_lower,8.499715477228165e-06,14,ok
BPI_Challenge_2013_closed_problems,inductive_noise20,activity_frequency_gradual,0.8,voidmass_deficit_upper,5.100853741168976e-06,14,ok
BPI_Challenge_2013_closed_problems,inductive_noise20,activity_frequency_gradual,0.8,voidmass_movecount,4.400033503770828e-06,14,ok
BPI_Challenge_2013_closed_problems,inductive_noise20,activity_frequency_gradual,0.8,voidmass_movecount_bound,4.70038503408432e-06,14,ok
BPI_Challenge_2013_closed_problems,inductive_noise20,activity_frequency_gradual,0.8,voidmass_process_lower,4.8996880650520325e-06,14,ok
BPI_Challenge_2013_closed_problems,inductive_noise20,activity_frequency_gradual,0.8,voidmass_process_upper,4.30084764957428e-06,14,ok
BPI_Challenge_2013_closed_problems,inductive_noise20,activity_frequency_gradual,0.8,voidsalign3,0.000334699172526598,14,ok
BPI_Challenge_2013_closed_problems,inductive_noise20,activity_frequency_gradual,0.8,voidsat2,0.026294199749826802,14,ok
BPI_Challenge_2013_closed_problems,inductive_noise20,activity_frequency_gradual,0.8,weight_voidage,3.629922866821289e-05,14,ok
BPI_Challenge_2013_closed_problems,inductive_noise20,activity_frequency_gradual,0.9,aligned_duration_cache,0.3835634998977184,1,ok
BPI_Challenge_2013_closed_problems,inductive_noise20,activity_frequency_gradual,0.9,alignment_coverage_pn2_lower,0.00020670099183917046,14,ok
BPI_Challenge_2013_closed_problems,inductive_noise20,activity_frequency_gradual,0.9,alignment_coverage_pn2_upper,0.00011269841343164444,14,ok
BPI_Challenge_2013_closed_problems,inductive_noise20,activity_frequency_gradual,0.9,classical,0.2219444997608661,1,ok
BPI_Challenge_2013_closed_problems,inductive_noise20,activity_frequency_gradual,0.9,dv,6.9242883999831975,1,ok
BPI_Challenge_2013_closed_problems,inductive_noise20,activity_frequency_gradual,0.9,executions_cache,9.200070053339005e-06,1,ok
BPI_Challenge_2013_closed_problems,inductive_noise20,activity_frequency_gradual,0.9,matchprob,4.298985004425049e-06,14,ok
BPI_Challenge_2013_closed_problems,inductive_noise20,activity_frequency_gradual,0.9,mean_leaf_skipprob,3.600027412176132e-06,1,ok
BPI_Challenge_2013_closed_problems,inductive_noise20,activity_frequency_gradual,0.9,salign_coverage,0.0002726996317504903,14,ok
BPI_Challenge_2013_closed_problems,inductive_noise20,activity_frequency_gradual,0.9,skipprob,4.699453711509705e-06,14,ok
BPI_Challenge_2013_closed_problems,inductive_noise20,activity_frequency_gradual,0.9,traces,0.3835415998473763,1,ok
BPI_Challenge_2013_closed_problems,inductive_noise20,activity_frequency_gradual,0.9,voidmass_deficit_lower,9.299255907535553e-06,14,ok
BPI_Challenge_2013_closed_problems,inductive_noise20,activity_frequency_gradual,0.9,voidmass_deficit_upper,4.30084764957428e-06,14,ok
BPI_Challenge_2013_closed_problems,inductive_noise20,activity_frequency_gradual,0.9,voidmass_movecount,4.600267857313156e-06,14,ok
BPI_Challenge_2013_closed_problems,inductive_noise20,activity_frequency_gradual,0.9,voidmass_movecount_bound,4.000496119260788e-06,14,ok
BPI_Challenge_2013_closed_problems,inductive_noise20,activity_frequency_gradual,0.9,voidmass_process_lower,4.800502210855484e-06,14,ok
BPI_Challenge_2013_closed_problems,inductive_noise20,activity_frequency_gradual,0.9,voidmass_process_upper,3.900844603776932e-06,14,ok
BPI_Challenge_2013_closed_problems,inductive_noise20,activity_frequency_gradual,0.9,voidsalign3,0.0001384001225233078,14,ok
BPI_Challenge_2013_closed_problems,inductive_noise20,activity_frequency_gradual,0.9,voidsat2,0.0130774001590902,14,ok
BPI_Challenge_2013_closed_problems,inductive_noise20,activity_frequency_gradual,0.9,weight_voidage,3.53008508682251e-05,14,ok
BPI_Challenge_2013_closed_problems,inductive_noise20,activity_gradual,0.1,aligned_duration_cache,1.0842767995782197,1,ok
BPI_Challenge_2013_closed_problems,inductive_noise20,activity_gradual,0.1,alignment_coverage_pn2_lower,0.0184824015013865,14,ok
BPI_Challenge_2013_closed_problems,inductive_noise20,activity_gradual,0.1,alignment_coverage_pn2_upper,0.0101618999615305,14,ok
BPI_Challenge_2013_closed_problems,inductive_noise20,activity_gradual,0.1,classical,22.07452519983053,1,ok
BPI_Challenge_2013_closed_problems,inductive_noise20,activity_gradual,0.1,dv,9.810051099862903,1,ok
BPI_Challenge_2013_closed_problems,inductive_noise20,activity_gradual,0.1,executions_cache,1.0999850928783417e-05,1,ok
BPI_Challenge_2013_closed_problems,inductive_noise20,activity_gradual,0.1,matchprob,5.8002769947052e-06,14,ok
BPI_Challenge_2013_closed_problems,inductive_noise20,activity_gradual,0.1,mean_leaf_skipprob,8.699949830770493e-06,1,ok
BPI_Challenge_2013_closed_problems,inductive_noise20,activity_gradual,0.1,salign_coverage,0.0168356006033711,14,ok
BPI_Challenge_2013_closed_problems,inductive_noise20,activity_gradual,0.1,skipprob,6.100162863731384e-06,14,ok
BPI_Challenge_2013_closed_problems,inductive_noise20,activity_gradual,0.1,traces,1.0842551002278924,1,ok
BPI_Challenge_2013_closed_problems,inductive_noise20,activity_gradual,0.1,voidmass_deficit_lower,1.4400109648704529e-05,14,ok
BPI_Challenge_2013_closed_problems,inductive_noise20,activity_gradual,0.1,voidmass_deficit_upper,6.200745701789856e-06,14,ok
BPI_Challenge_2013_closed_problems,inductive_noise20,activity_gradual,0.1,voidmass_movecount,7.80029222369194e-06,14,ok
BPI_Challenge_2013_closed_problems,inductive_noise20,activity_gradual,0.1,voidmass_movecount_bound,5.700159817934036e-06,14,ok
BPI_Challenge_2013_closed_problems,inductive_noise20,activity_gradual,0.1,voidmass_process_lower,6.799120455980301e-06,14,ok
BPI_Challenge_2013_closed_problems,inductive_noise20,activity_gradual,0.1,voidmass_process_upper,5.600042641162872e-06,14,ok
BPI_Challenge_2013_closed_problems,inductive_noise20,activity_gradual,0.1,voidsalign3,0.0098747005686157,14,ok
BPI_Challenge_2013_closed_problems,inductive_noise20,activity_gradual,0.1,voidsat2,0.1197056006640189,14,ok
BPI_Challenge_2013_closed_problems,inductive_noise20,activity_gradual,0.1,weight_voidage,5.019968375563621e-05,14,ok
BPI_Challenge_2013_closed_problems,inductive_noise20,activity_gradual,0.2,aligned_duration_cache,1.055893000215292,1,ok
BPI_Challenge_2013_closed_problems,inductive_noise20,activity_gradual,0.2,alignment_coverage_pn2_lower,0.012196699623017799,14,ok
BPI_Challenge_2013_closed_problems,inductive_noise20,activity_gradual,0.2,alignment_coverage_pn2_upper,0.007078399881719903,14,ok
BPI_Challenge_2013_closed_problems,inductive_noise20,activity_gradual,0.2,classical,15.225215699989349,1,ok
BPI_Challenge_2013_closed_problems,inductive_noise20,activity_gradual,0.2,dv,9.249042900279164,1,ok
BPI_Challenge_2013_closed_problems,inductive_noise20,activity_gradual,0.2,executions_cache,1.1300202459096909e-05,1,ok
BPI_Challenge_2013_closed_problems,inductive_noise20,activity_gradual,0.2,matchprob,6.299931555986404e-06,14,ok
BPI_Challenge_2013_closed_problems,inductive_noise20,activity_gradual,0.2,mean_leaf_skipprob,6.400048732757568e-06,1,ok
BPI_Challenge_2013_closed_problems,inductive_noise20,activity_gradual,0.2,salign_coverage,0.0114109003916377,14,ok
BPI_Challenge_2013_closed_problems,inductive_noise20,activity_gradual,0.2,skipprob,7.299706339836121e-06,14,ok
BPI_Challenge_2013_closed_problems,inductive_noise20,activity_gradual,0.2,traces,1.05587110016495,1,ok
BPI_Challenge_2013_closed_problems,inductive_noise20,activity_gradual,0.2,voidmass_deficit_lower,1.7399434000253677e-05,14,ok
BPI_Challenge_2013_closed_problems,inductive_noise20,activity_gradual,0.2,voidmass_deficit_upper,6.200745701789856e-06,14,ok
BPI_Challenge_2013_closed_problems,inductive_noise20,activity_gradual,0.2,voidmass_movecount,6.901100277900696e-06,14,ok
BPI_Challenge_2013_closed_problems,inductive_noise20,activity_gradual,0.2,voidmass_movecount_bound,6.4997002482414246e-06,14,ok
BPI_Challenge_2013_closed_problems,inductive_noise20,activity_gradual,0.2,voidmass_process_lower,6.800517439842224e-06,14,ok
BPI_Challenge_2013_closed_problems,inductive_noise20,activity_gradual,0.2,voidmass_process_upper,5.300622433423996e-06,14,ok
BPI_Challenge_2013_closed_problems,inductive_noise20,activity_gradual,0.2,voidsalign3,0.006820299662649258,14,ok
BPI_Challenge_2013_closed_problems,inductive_noise20,activity_gradual,0.2,voidsat2,0.1147614009678357,14,ok
BPI_Challenge_2013_closed_problems,inductive_noise20,activity_gradual,0.2,weight_voidage,5.530007183551788e-05,14,ok
BPI_Challenge_2013_closed_problems,inductive_noise20,activity_gradual,0.3,aligned_duration_cache,1.08320780005306,1,ok
BPI_Challenge_2013_closed_problems,inductive_noise20,activity_gradual,0.3,alignment_coverage_pn2_lower,0.0069195008836680175,14,ok
BPI_Challenge_2013_closed_problems,inductive_noise20,activity_gradual,0.3,alignment_coverage_pn2_upper,0.0037487987428899672,14,ok
BPI_Challenge_2013_closed_problems,inductive_noise20,activity_gradual,0.3,classical,9.137628700118512,1,ok
BPI_Challenge_2013_closed_problems,inductive_noise20,activity_gradual,0.3,dv,8.75058119976893,1,ok
BPI_Challenge_2013_closed_problems,inductive_noise20,activity_gradual,0.3,executions_cache,1.0300427675247192e-05,1,ok
BPI_Challenge_2013_closed_problems,inductive_noise20,activity_gradual,0.3,matchprob,5.501322448253632e-06,14,ok
BPI_Challenge_2013_closed_problems,inductive_noise20,activity_gradual,0.3,mean_leaf_skipprob,4.500150680541992e-06,1,ok
BPI_Challenge_2013_closed_problems,inductive_noise20,activity_gradual,0.3,salign_coverage,0.006718499120324176,14,ok
BPI_Challenge_2013_closed_problems,inductive_noise20,activity_gradual,0.3,skipprob,6.300397217273712e-06,14,ok
BPI_Challenge_2013_closed_problems,inductive_noise20,activity_gradual,0.3,traces,1.0831802999600768,1,ok
BPI_Challenge_2013_closed_problems,inductive_noise20,activity_gradual,0.3,voidmass_deficit_lower,1.4099292457103728e-05,14,ok
BPI_Challenge_2013_closed_problems,inductive_noise20,activity_gradual,0.3,voidmass_deficit_upper,5.500391125679016e-06,14,ok
BPI_Challenge_2013_closed_problems,inductive_noise20,activity_gradual,0.3,voidmass_movecount,6.5979547798633575e-06,14,ok
BPI_Challenge_2013_closed_problems,inductive_noise20,activity_gradual,0.3,voidmass_movecount_bound,6.00004568696022e-06,14,ok
BPI_Challenge_2013_closed_problems,inductive_noise20,activity_gradual,0.3,voidmass_process_lower,7.100403308868408e-06,14,ok
BPI_Challenge_2013_closed_problems,inductive_noise20,activity_gradual,0.3,voidmass_process_upper,5.700159817934036e-06,14,ok
BPI_Challenge_2013_closed_problems,inductive_noise20,activity_gradual,0.3,voidsalign3,0.003893900196999106,14,ok
BPI_Challenge_2013_closed_problems,inductive_noise20,activity_gradual,0.3,voidsat2,0.1025108005851501,14,ok
BPI_Challenge_2013_closed_problems,inductive_noise20,activity_gradual,0.3,weight_voidage,4.6100933104753494e-05,14,ok
BPI_Challenge_2013_closed_problems,inductive_noise20,activity_gradual,0.4,aligned_duration_cache,1.045096700079739,1,ok
BPI_Challenge_2013_closed_problems,inductive_noise20,activity_gradual,0.4,alignment_coverage_pn2_lower,0.005569899454712554,14,ok
BPI_Challenge_2013_closed_problems,inductive_noise20,activity_gradual,0.4,alignment_coverage_pn2_upper,0.0027953004464503,14,ok
BPI_Challenge_2013_closed_problems,inductive_noise20,activity_gradual,0.4,classical,6.272346999961883,1,ok
BPI_Challenge_2013_closed_problems,inductive_noise20,activity_gradual,0.4,dv,8.75693150004372,1,ok
BPI_Challenge_2013_closed_problems,inductive_noise20,activity_gradual,0.4,executions_cache,9.600073099136353e-06,1,ok
BPI_Challenge_2013_closed_problems,inductive_noise20,activity_gradual,0.4,matchprob,5.698762834072113e-06,14,ok
BPI_Challenge_2013_closed_problems,inductive_noise20,activity_gradual,0.4,mean_leaf_skipprob,5.000270903110504e-06,1,ok
BPI_Challenge_2013_closed_problems,inductive_noise20,activity_gradual,0.4,salign_coverage,0.005235999356954829,14,ok
BPI_Challenge_2013_closed_problems,inductive_noise20,activity_gradual,0.4,skipprob,7.0999376475811005e-06,14,ok
BPI_Challenge_2013_closed_problems,inductive_noise20,activity_gradual,0.4,traces,1.0450749997980893,1,ok
BPI_Challenge_2013_closed_problems,inductive_noise20,activity_gradual,0.4,voidmass_deficit_lower,1.8499325960874557e-05,14,ok
BPI_Challenge_2013_closed_problems,inductive_noise20,activity_gradual,0.4,voidmass_deficit_upper,6.800517439842224e-06,14,ok
BPI_Challenge_2013_closed_problems,inductive_noise20,activity_gradual,0.4,voidmass_movecount,8.500181138515472e-06,14,ok
BPI_Challenge_2013_closed_problems,inductive_noise20,activity_gradual,0.4,voidmass_movecount_bound,6.399583071470261e-06,14,ok
BPI_Challenge_2013_closed_problems,inductive_noise20,activity_gradual,0.4,voidmass_process_lower,6.6999346017837524e-06,14,ok
BPI_Challenge_2013_closed_problems,inductive_noise20,activity_gradual,0.4,voidmass_process_upper,6.000977009534836e-06,14,ok
BPI_Challenge_2013_closed_problems,inductive_noise20,activity_gradual,0.4,voidsalign3,0.0033357008360324035,14,ok
BPI_Challenge_2013_closed_problems,inductive_noise20,activity_gradual,0.4,voidsat2,0.0984546011313791,14,ok
BPI_Challenge_2013_closed_problems,inductive_noise20,activity_gradual,0.4,weight_voidage,5.30988909304142e-05,14,ok
BPI_Challenge_2013_closed_problems,inductive_noise20,activity_gradual,0.5,aligned_duration_cache,1.0705880001187325,1,ok
BPI_Challenge_2013_closed_problems,inductive_noise20,activity_gradual,0.5,alignment_coverage_pn2_lower,0.0058880001306530864,14,ok
BPI_Challenge_2013_closed_problems,inductive_noise20,activity_gradual,0.5,alignment_coverage_pn2_upper,0.0014068000018594993,14,ok
BPI_Challenge_2013_closed_problems,inductive_noise20,activity_gradual,0.5,classical,0.9501817999407648,1,ok
BPI_Challenge_2013_closed_problems,inductive_noise20,activity_gradual,0.5,dv,8.484689000062644,1,ok
BPI_Challenge_2013_closed_problems,inductive_noise20,activity_gradual,0.5,executions_cache,9.700190275907516e-06,1,ok
BPI_Challenge_2013_closed_problems,inductive_noise20,activity_gradual,0.5,matchprob,5.500856786966324e-06,14,ok
BPI_Challenge_2013_closed_problems,inductive_noise20,activity_gradual,0.5,mean_leaf_skipprob,3.700144588947296e-06,1,ok
BPI_Challenge_2013_closed_problems,inductive_noise20,activity_gradual,0.5,salign_coverage,0.002989599946886043,14,ok
BPI_Challenge_2013_closed_problems,inductive_noise20,activity_gradual,0.5,skipprob,6.400514394044876e-06,14,ok
BPI_Challenge_2013_closed_problems,inductive_noise20,activity_gradual,0.5,traces,1.070565900299698,1,ok
BPI_Challenge_2013_closed_problems,inductive_noise20,activity_gradual,0.5,voidmass_deficit_lower,1.2800563126802444e-05,14,ok
BPI_Challenge_2013_closed_problems,inductive_noise20,activity_gradual,0.5,voidmass_deficit_upper,5.2996911108493805e-06,14,ok
BPI_Challenge_2013_closed_problems,inductive_noise20,activity_gradual,0.5,voidmass_movecount,6.100628525018692e-06,14,ok
BPI_Challenge_2013_closed_problems,inductive_noise20,activity_gradual,0.5,voidmass_movecount_bound,5.600042641162872e-06,14,ok
BPI_Challenge_2013_closed_problems,inductive_noise20,activity_gradual,0.5,voidmass_process_lower,6.0014426708221436e-06,14,ok
BPI_Challenge_2013_closed_problems,inductive_noise20,activity_gradual,0.5,voidmass_process_upper,4.800967872142792e-06,14,ok
BPI_Challenge_2013_closed_problems,inductive_noise20,activity_gradual,0.5,voidsalign3,0.0014717993326483262,14,ok
BPI_Challenge_2013_closed_problems,inductive_noise20,activity_gradual,0.5,voidsat2,0.0840260004624719,14,ok
BPI_Challenge_2013_closed_problems,inductive_noise20,activity_gradual,0.5,weight_voidage,4.409998655319214e-05,14,ok
BPI_Challenge_2013_closed_problems,inductive_noise20,activity_gradual,0.6,aligned_duration_cache,1.042077399790287,1,ok
BPI_Challenge_2013_closed_problems,inductive_noise20,activity_gradual,0.6,alignment_coverage_pn2_lower,0.003617500886320723,14,ok
BPI_Challenge_2013_closed_problems,inductive_noise20,activity_gradual,0.6,alignment_coverage_pn2_upper,0.0016831983812151743,14,ok
BPI_Challenge_2013_closed_problems,inductive_noise20,activity_gradual,0.6,classical,0.939074099995196,1,ok
BPI_Challenge_2013_closed_problems,inductive_noise20,activity_gradual,0.6,dv,8.465763899963349,1,ok
BPI_Challenge_2013_closed_problems,inductive_noise20,activity_gradual,0.6,executions_cache,8.599832653999329e-06,1,ok
BPI_Challenge_2013_closed_problems,inductive_noise20,activity_gradual,0.6,matchprob,6.200745701789856e-06,14,ok
BPI_Challenge_2013_closed_problems,inductive_noise20,activity_gradual,0.6,mean_leaf_skipprob,3.699678927659989e-06,1,ok
BPI_Challenge_2013_closed_problems,inductive_noise20,activity_gradual,0.6,salign_coverage,0.0036188992671664674,14,ok
BPI_Challenge_2013_closed_problems,inductive_noise20,activity_gradual,0.6,skipprob,7.899478077888489e-06,14,ok
BPI_Challenge_2013_closed_problems,inductive_noise20,activity_gradual,0.6,traces,1.042055199854076,1,ok
BPI_Challenge_2013_closed_problems,inductive_noise20,activity_gradual,0.6,voidmass_deficit_lower,1.550000160932541e-05,14,ok
BPI_Challenge_2013_closed_problems,inductive_noise20,activity_gradual,0.6,voidmass_deficit_upper,6.999354809522629e-06,14,ok
BPI_Challenge_2013_closed_problems,inductive_noise20,activity_gradual,0.6,voidmass_movecount,7.000286132097244e-06,14,ok
BPI_Challenge_2013_closed_problems,inductive_noise20,activity_gradual,0.6,voidmass_movecount_bound,7.000286132097244e-06,14,ok
BPI_Challenge_2013_closed_problems,inductive_noise20,activity_gradual,0.6,voidmass_process_lower,7.899478077888489e-06,14,ok
BPI_Challenge_2013_closed_problems,inductive_noise20,activity_gradual,0.6,voidmass_process_upper,6.600748747587204e-06,14,ok
BPI_Challenge_2013_closed_problems,inductive_noise20,activity_gradual,0.6,voidsalign3,0.0019354000687596027,14,ok
BPI_Challenge_2013_closed_problems,inductive_noise20,activity_gradual,0.6,voidsat2,0.09562980150803871,14,ok
BPI_Challenge_2013_closed_problems,inductive_noise20,activity_gradual,0.6,weight_voidage,5.869800224900246e-05,14,ok
BPI_Challenge_2013_closed_problems,inductive_noise20,activity_gradual,0.7,aligned_duration_cache,1.0787865999154749,1,ok
BPI_Challenge_2013_closed_problems,inductive_noise20,activity_gradual,0.7,alignment_coverage_pn2_lower,0.002147301100194311,14,ok
BPI_Challenge_2013_closed_problems,inductive_noise20,activity_gradual,0.7,alignment_coverage_pn2_upper,0.0011291997507212057,14,ok
BPI_Challenge_2013_closed_problems,inductive_noise20,activity_gradual,0.7,classical,0.6410224996507168,1,ok
BPI_Challenge_2013_closed_problems,inductive_noise20,activity_gradual,0.7,dv,8.420012400019914,1,ok
BPI_Challenge_2013_closed_problems,inductive_noise20,activity_gradual,0.7,executions_cache,1.019984483718872e-05,1,ok
BPI_Challenge_2013_closed_problems,inductive_noise20,activity_gradual,0.7,matchprob,5.6996941566467285e-06,14,ok
BPI_Challenge_2013_closed_problems,inductive_noise20,activity_gradual,0.7,mean_leaf_skipprob,3.799796104431152e-06,1,ok
BPI_Challenge_2013_closed_problems,inductive_noise20,activity_gradual,0.7,salign_coverage,0.002279600128531326,14,ok
BPI_Challenge_2013_closed_problems,inductive_noise20,activity_gradual,0.7,skipprob,6.099231541156769e-06,14,ok
BPI_Challenge_2013_closed_problems,inductive_noise20,activity_gradual,0.7,traces,1.0787642002105713,1,ok
BPI_Challenge_2013_closed_problems,inductive_noise20,activity_gradual,0.7,voidmass_deficit_lower,1.3600103557109833e-05,14,ok
BPI_Challenge_2013_closed_problems,inductive_noise20,activity_gradual,0.7,voidmass_deficit_upper,5.8002769947052e-06,14,ok
BPI_Challenge_2013_closed_problems,inductive_noise20,activity_gradual,0.7,voidmass_movecount,6.400048732757568e-06,14,ok
BPI_Challenge_2013_closed_problems,inductive_noise20,activity_gradual,0.7,voidmass_movecount_bound,5.700625479221344e-06,14,ok
BPI_Challenge_2013_closed_problems,inductive_noise20,activity_gradual,0.7,voidmass_process_lower,1.109996810555458e-05,14,ok
BPI_Challenge_2013_closed_problems,inductive_noise20,activity_gradual,0.7,voidmass_process_upper,5.401205271482468e-06,14,ok
BPI_Challenge_2013_closed_problems,inductive_noise20,activity_gradual,0.7,voidsalign3,0.0012302002869545334,14,ok
BPI_Challenge_2013_closed_problems,inductive_noise20,activity_gradual,0.7,voidsat2,0.0840807990171009,14,ok
BPI_Challenge_2013_closed_problems,inductive_noise20,activity_gradual,0.7,weight_voidage,4.369951784610748e-05,14,ok
BPI_Challenge_2013_closed_problems,inductive_noise20,activity_gradual,0.8,aligned_duration_cache,0.953446100000292,1,ok
BPI_Challenge_2013_closed_problems,inductive_noise20,activity_gradual,0.8,alignment_coverage_pn2_lower,0.0014664996415373912,14,ok
BPI_Challenge_2013_closed_problems,inductive_noise20,activity_gradual,0.8,alignment_coverage_pn2_upper,0.0007841000333426059,14,ok
BPI_Challenge_2013_closed_problems,inductive_noise20,activity_gradual,0.8,classical,0.5785631998442113,1,ok
BPI_Challenge_2013_closed_problems,inductive_noise20,activity_gradual,0.8,dv,8.36621670005843,1,ok
BPI_Challenge_2013_closed_problems,inductive_noise20,activity_gradual,0.8,executions_cache,8.999835699796677e-06,1,ok
BPI_Challenge_2013_closed_problems,inductive_noise20,activity_gradual,0.8,matchprob,4.70038503408432e-06,14,ok
BPI_Challenge_2013_closed_problems,inductive_noise20,activity_gradual,0.8,mean_leaf_skipprob,3.699678927659989e-06,1,ok
BPI_Challenge_2013_closed_problems,inductive_noise20,activity_gradual,0.8,salign_coverage,0.0014499989338217067,14,ok
BPI_Challenge_2013_closed_problems,inductive_noise20,activity_gradual,0.8,skipprob,5.300622433423996e-06,14,ok
BPI_Challenge_2013_closed_problems,inductive_noise20,activity_gradual,0.8,traces,0.953423200175166,1,ok
BPI_Challenge_2013_closed_problems,inductive_noise20,activity_gradual,0.8,voidmass_deficit_lower,1.2198928743600845e-05,14,ok
BPI_Challenge_2013_closed_problems,inductive_noise20,activity_gradual,0.8,voidmass_deficit_upper,6.498768925666809e-06,14,ok
BPI_Challenge_2013_closed_problems,inductive_noise20,activity_gradual,0.8,voidmass_movecount,6.200745701789856e-06,14,ok
BPI_Challenge_2013_closed_problems,inductive_noise20,activity_gradual,0.8,voidmass_movecount_bound,5.498994141817093e-06,14,ok
BPI_Challenge_2013_closed_problems,inductive_noise20,activity_gradual,0.8,voidmass_process_lower,5.800742655992508e-06,14,ok
BPI_Challenge_2013_closed_problems,inductive_noise20,activity_gradual,0.8,voidmass_process_upper,5.1995739340782166e-06,14,ok
BPI_Challenge_2013_closed_problems,inductive_noise20,activity_gradual,0.8,voidsalign3,0.0008429004810748143,14,ok
BPI_Challenge_2013_closed_problems,inductive_noise20,activity_gradual,0.8,voidsat2,0.0677326996810729,14,ok
BPI_Challenge_2013_closed_problems,inductive_noise20,activity_gradual,0.8,weight_voidage,4.3000560253858566e-05,14,ok
BPI_Challenge_2013_closed_problems,inductive_noise20,activity_gradual,0.9,aligned_duration_cache,0.6598649998195469,1,ok
BPI_Challenge_2013_closed_problems,inductive_noise20,activity_gradual,0.9,alignment_coverage_pn2_lower,0.0005523995496331883,14,ok
BPI_Challenge_2013_closed_problems,inductive_noise20,activity_gradual,0.9,alignment_coverage_pn2_upper,0.00029610004276037216,14,ok
BPI_Challenge_2013_closed_problems,inductive_noise20,activity_gradual,0.9,classical,0.3095145998522639,1,ok
BPI_Challenge_2013_closed_problems,inductive_noise20,activity_gradual,0.9,dv,7.35045380005613,1,ok
BPI_Challenge_2013_closed_problems,inductive_noise20,activity_gradual,0.9,executions_cache,9.399838745594025e-06,1,ok
BPI_Challenge_2013_closed_problems,inductive_noise20,activity_gradual,0.9,matchprob,5.400273948907852e-06,14,ok
BPI_Challenge_2013_closed_problems,inductive_noise20,activity_gradual,0.9,mean_leaf_skipprob,3.80026176571846e-06,1,ok
BPI_Challenge_2013_closed_problems,inductive_noise20,activity_gradual,0.9,salign_coverage,0.0006160000339149806,14,ok
BPI_Challenge_2013_closed_problems,inductive_noise20,activity_gradual,0.9,skipprob,5.598645657300949e-06,14,ok
BPI_Challenge_2013_closed_problems,inductive_noise20,activity_gradual,0.9,traces,0.6598416999913752,1,ok
BPI_Challenge_2013_closed_problems,inductive_noise20,activity_gradual,0.9,voidmass_deficit_lower,9.501352906227112e-06,14,ok
BPI_Challenge_2013_closed_problems,inductive_noise20,activity_gradual,0.9,voidmass_deficit_upper,5.999114364385605e-06,14,ok
BPI_Challenge_2013_closed_problems,inductive_noise20,activity_gradual,0.9,voidmass_movecount,4.999805241823196e-06,14,ok
BPI_Challenge_2013_closed_problems,inductive_noise20,activity_gradual,0.9,voidmass_movecount_bound,4.8996880650520325e-06,14,ok
BPI_Challenge_2013_closed_problems,inductive_noise20,activity_gradual,0.9,voidmass_process_lower,5.999580025672913e-06,14,ok
BPI_Challenge_2013_closed_problems,inductive_noise20,activity_gradual,0.9,voidmass_process_upper,5.399342626333237e-06,14,ok
BPI_Challenge_2013_closed_problems,inductive_noise20,activity_gradual,0.9,voidsalign3,0.00034010084345936775,14,ok
BPI_Challenge_2013_closed_problems,inductive_noise20,activity_gradual,0.9,voidsat2,0.033934500068425404,14,ok
BPI_Challenge_2013_closed_problems,inductive_noise20,activity_gradual,0.9,weight_voidage,4.479940980672836e-05,14,ok
BPI_Challenge_2013_closed_problems,inductive_noise20,trace,0.1,aligned_duration_cache,0.9545266996137798,1,ok
BPI_Challenge_2013_closed_problems,inductive_noise20,trace,0.1,alignment_coverage_pn2_lower,0.021226400043814698,14,ok
BPI_Challenge_2013_closed_problems,inductive_noise20,trace,0.1,alignment_coverage_pn2_upper,0.0123721985146394,14,ok
BPI_Challenge_2013_closed_problems,inductive_noise20,trace,0.1,classical,22.839856499806046,1,ok
BPI_Challenge_2013_closed_problems,inductive_noise20,trace,0.1,dv,9.859000699594615,1,ok
BPI_Challenge_2013_closed_problems,inductive_noise20,trace,0.1,executions_cache,1.380033791065216e-05,1,ok
BPI_Challenge_2013_closed_problems,inductive_noise20,trace,0.1,matchprob,6.899703294038773e-06,14,ok
BPI_Challenge_2013_closed_problems,inductive_noise20,trace,0.1,mean_leaf_skipprob,4.999805241823196e-06,1,ok
BPI_Challenge_2013_closed_problems,inductive_noise20,trace,0.1,salign_coverage,0.0190563001669935,14,ok
BPI_Challenge_2013_closed_problems,inductive_noise20,trace,0.1,skipprob,7.899478077888489e-06,14,ok
BPI_Challenge_2013_closed_problems,inductive_noise20,trace,0.1,traces,0.9545057998038828,1,ok
BPI_Challenge_2013_closed_problems,inductive_noise20,trace,0.1,voidmass_deficit_lower,1.910002902150154e-05,14,ok
BPI_Challenge_2013_closed_problems,inductive_noise20,trace,0.1,voidmass_deficit_upper,6.50063157081604e-06,14,ok
BPI_Challenge_2013_closed_problems,inductive_noise20,trace,0.1,voidmass_movecount,7.3998235166072845e-06,14,ok
BPI_Challenge_2013_closed_problems,inductive_noise20,trace,0.1,voidmass_movecount_bound,5.899928510189056e-06,14,ok
BPI_Challenge_2013_closed_problems,inductive_noise20,trace,0.1,voidmass_process_lower,7.599592208862305e-06,14,ok
BPI_Challenge_2013_closed_problems,inductive_noise20,trace,0.1,voidmass_process_upper,6.299465894699097e-06,14,ok
BPI_Challenge_2013_closed_problems,inductive_noise20,trace,0.1,voidsalign3,0.0116656995378429,14,ok
BPI_Challenge_2013_closed_problems,inductive_noise20,trace,0.1,voidsat2,0.1159064010716967,14,ok
BPI_Challenge_2013_closed_problems,inductive_noise20,trace,0.1,weight_voidage,5.559995770454407e-05,14,ok
BPI_Challenge_2013_closed_problems,inductive_noise20,trace,0.2,aligned_duration_cache,0.8776420997455716,1,ok
BPI_Challenge_2013_closed_problems,inductive_noise20,trace,0.2,alignment_coverage_pn2_lower,0.0191974993795149,14,ok
BPI_Challenge_2013_closed_problems,inductive_noise20,trace,0.2,alignment_coverage_pn2_upper,0.0108428001403799,14,ok
BPI_Challenge_2013_closed_problems,inductive_noise20,trace,0.2,classical,15.839203500188887,1,ok
BPI_Challenge_2013_closed_problems,inductive_noise20,trace,0.2,dv,9.650054499972612,1,ok
BPI_Challenge_2013_closed_problems,inductive_noise20,trace,0.2,executions_cache,1.2500211596488953e-05,1,ok
BPI_Challenge_2013_closed_problems,inductive_noise20,trace,0.2,matchprob,6.000511348247528e-06,14,ok
BPI_Challenge_2013_closed_problems,inductive_noise20,trace,0.2,mean_leaf_skipprob,4.800036549568176e-06,1,ok
BPI_Challenge_2013_closed_problems,inductive_noise20,trace,0.2,salign_coverage,0.0172289004549378,14,ok
BPI_Challenge_2013_closed_problems,inductive_noise20,trace,0.2,skipprob,6.898771971464157e-06,14,ok
BPI_Challenge_2013_closed_problems,inductive_noise20,trace,0.2,traces,0.8776193000376225,1,ok
BPI_Challenge_2013_closed_problems,inductive_noise20,trace,0.2,voidmass_deficit_lower,1.7500482499599457e-05,14,ok
BPI_Challenge_2013_closed_problems,inductive_noise20,trace,0.2,voidmass_deficit_upper,6.6999346017837524e-06,14,ok
BPI_Challenge_2013_closed_problems,inductive_noise20,trace,0.2,voidmass_movecount,7.000286132097244e-06,14,ok
BPI_Challenge_2013_closed_problems,inductive_noise20,trace,0.2,voidmass_movecount_bound,5.1995739340782166e-06,14,ok
BPI_Challenge_2013_closed_problems,inductive_noise20,trace,0.2,voidmass_process_lower,6.6999346017837524e-06,14,ok
BPI_Challenge_2013_closed_problems,inductive_noise20,trace,0.2,voidmass_process_upper,5.799345672130585e-06,14,ok
BPI_Challenge_2013_closed_problems,inductive_noise20,trace,0.2,voidsalign3,0.010478100273757401,14,ok
BPI_Challenge_2013_closed_problems,inductive_noise20,trace,0.2,voidsat2,0.1006702999584371,14,ok
BPI_Challenge_2013_closed_problems,inductive_noise20,trace,0.2,weight_voidage,5.209958180785179e-05,14,ok
BPI_Challenge_2013_closed_problems,inductive_noise20,trace,0.3,aligned_duration_cache,0.786046199966222,1,ok
BPI_Challenge_2013_closed_problems,inductive_noise20,trace,0.3,alignment_coverage_pn2_lower,0.0167054003104561,14,ok
BPI_Challenge_2013_closed_problems,inductive_noise20,trace,0.3,alignment_coverage_pn2_upper,0.0094873001798979,14,ok
BPI_Challenge_2013_closed_problems,inductive_noise20,trace,0.3,classical,15.997828900348397,1,ok
BPI_Challenge_2013_closed_problems,inductive_noise20,trace,0.3,dv,9.60872090002522,1,ok
BPI_Challenge_2013_closed_problems,inductive_noise20,trace,0.3,executions_cache,1.200009137392044e-05,1,ok
BPI_Challenge_2013_closed_problems,inductive_noise20,trace,0.3,matchprob,5.999114364385605e-06,14,ok
BPI_Challenge_2013_closed_problems,inductive_noise20,trace,0.3,mean_leaf_skipprob,4.8996880650520325e-06,1,ok
BPI_Challenge_2013_closed_problems,inductive_noise20,trace,0.3,salign_coverage,0.015119100455194,14,ok
BPI_Challenge_2013_closed_problems,inductive_noise20,trace,0.3,skipprob,6.70040026307106e-06,14,ok
BPI_Challenge_2013_closed_problems,inductive_noise20,trace,0.3,traces,0.7860244000330567,1,ok
BPI_Challenge_2013_closed_problems,inductive_noise20,trace,0.3,voidmass_deficit_lower,1.800060272216797e-05,14,ok
BPI_Challenge_2013_closed_problems,inductive_noise20,trace,0.3,voidmass_deficit_upper,6.600283086299896e-06,14,ok
BPI_Challenge_2013_closed_problems,inductive_noise20,trace,0.3,voidmass_movecount,7.298775017261505e-06,14,ok
BPI_Challenge_2013_closed_problems,inductive_noise20,trace,0.3,voidmass_movecount_bound,5.900394171476364e-06,14,ok
BPI_Challenge_2013_closed_problems,inductive_noise20,trace,0.3,voidmass_process_lower,6.000511348247528e-06,14,ok
BPI_Challenge_2013_closed_problems,inductive_noise20,trace,0.3,voidmass_process_upper,5.899928510189056e-06,14,ok
BPI_Challenge_2013_closed_problems,inductive_noise20,trace,0.3,voidsalign3,0.009344700258224401,14,ok
BPI_Challenge_2013_closed_problems,inductive_noise20,trace,0.3,voidsat2,0.0875494992360465,14,ok
BPI_Challenge_2013_closed_problems,inductive_noise20,trace,0.3,weight_voidage,5.469890311360359e-05,14,ok
BPI_Challenge_2013_closed_problems,inductive_noise20,trace,0.4,aligned_duration_cache,0.644803199917078,1,ok
BPI_Challenge_2013_closed_problems,inductive_noise20,trace,0.4,alignment_coverage_pn2_lower,0.014827301725744601,14,ok
BPI_Challenge_2013_closed_problems,inductive_noise20,trace,0.4,alignment_coverage_pn2_upper,0.0085689011029891,14,ok
BPI_Challenge_2013_closed_problems,inductive_noise20,trace,0.4,classical,13.507113500032574,1,ok
BPI_Challenge_2013_closed_problems,inductive_noise20,trace,0.4,dv,9.533007599879056,1,ok
BPI_Challenge_2013_closed_problems,inductive_noise20,trace,0.4,executions_cache,1.12997367978096e-05,1,ok
BPI_Challenge_2013_closed_problems,inductive_noise20,trace,0.4,matchprob,5.2996911108493805e-06,14,ok
BPI_Challenge_2013_closed_problems,inductive_noise20,trace,0.4,mean_leaf_skipprob,5.100388079881668e-06,1,ok
BPI_Challenge_2013_closed_problems,inductive_noise20,trace,0.4,salign_coverage,0.0135415997356168,14,ok
BPI_Challenge_2013_closed_problems,inductive_noise20,trace,0.4,skipprob,6.90016895532608e-06,14,ok
BPI_Challenge_2013_closed_problems,inductive_noise20,trace,0.4,traces,0.6447801999747753,1,ok
BPI_Challenge_2013_closed_problems,inductive_noise20,trace,0.4,voidmass_deficit_lower,1.8600840121507645e-05,14,ok
BPI_Challenge_2013_closed_problems,inductive_noise20,trace,0.4,voidmass_deficit_upper,5.400273948907852e-06,14,ok
BPI_Challenge_2013_closed_problems,inductive_noise20,trace,0.4,voidmass_movecount,7.400289177894592e-06,14,ok
BPI_Challenge_2013_closed_problems,inductive_noise20,trace,0.4,voidmass_movecount_bound,5.800742655992508e-06,14,ok
BPI_Challenge_2013_closed_problems,inductive_noise20,trace,0.4,voidmass_process_lower,7.200520485639572e-06,14,ok
BPI_Challenge_2013_closed_problems,inductive_noise20,trace,0.4,voidmass_process_upper,5.498994141817093e-06,14,ok
BPI_Challenge_2013_closed_problems,inductive_noise20,trace,0.4,voidsalign3,0.008213500026613,14,ok
BPI_Challenge_2013_closed_problems,inductive_noise20,trace,0.4,voidsat2,0.075933299493044,14,ok
BPI_Challenge_2013_closed_problems,inductive_noise20,trace,0.4,weight_voidage,5.419924855232239e-05,14,ok
BPI_Challenge_2013_closed_problems,inductive_noise20,trace,0.5,aligned_duration_cache,0.5435422998853028,1,ok
BPI_Challenge_2013_closed_problems,inductive_noise20,trace,0.5,alignment_coverage_pn2_lower,0.0145630994811648,14,ok
BPI_Challenge_2013_closed_problems,inductive_noise20,trace,0.5,alignment_coverage_pn2_upper,0.0083973002620035,14,ok
BPI_Challenge_2013_closed_problems,inductive_noise20,trace,0.5,classical,13.446462200023234,1,ok
BPI_Challenge_2013_closed_problems,inductive_noise20,trace,0.5,dv,9.315030300058424,1,ok
BPI_Challenge_2013_closed_problems,inductive_noise20,trace,0.5,executions_cache,1.3000331819057465e-05,1,ok
BPI_Challenge_2013_closed_problems,inductive_noise20,trace,0.5,matchprob,6.4997002482414246e-06,14,ok
BPI_Challenge_2013_closed_problems,inductive_noise20,trace,0.5,mean_leaf_skipprob,6.299931555986404e-06,1,ok
BPI_Challenge_2013_closed_problems,inductive_noise20,trace,0.5,salign_coverage,0.0132006006315346,14,ok
BPI_Challenge_2013_closed_problems,inductive_noise20,trace,0.5,skipprob,7.899012416601181e-06,14,ok
BPI_Challenge_2013_closed_problems,inductive_noise20,trace,0.5,traces,0.5435202000662684,1,ok
BPI_Challenge_2013_closed_problems,inductive_noise20,trace,0.5,voidmass_deficit_lower,1.9799452275037766e-05,14,ok
BPI_Challenge_2013_closed_problems,inductive_noise20,trace,0.5,voidmass_deficit_upper,7.999595254659653e-06,14,ok
BPI_Challenge_2013_closed_problems,inductive_noise20,trace,0.5,voidmass_movecount,8.700881153345108e-06,14,ok
BPI_Challenge_2013_closed_problems,inductive_noise20,trace,0.5,voidmass_movecount_bound,6.700865924358368e-06,14,ok
BPI_Challenge_2013_closed_problems,inductive_noise20,trace,0.5,voidmass_process_lower,7.401220500469208e-06,14,ok
BPI_Challenge_2013_closed_problems,inductive_noise20,trace,0.5,voidmass_process_upper,7.200054824352264e-06,14,ok
BPI_Challenge_2013_closed_problems,inductive_noise20,trace,0.5,voidsalign3,0.008379200473427155,14,ok
BPI_Challenge_2013_closed_problems,inductive_noise20,trace,0.5,voidsat2,0.0695122992619865,14,ok
BPI_Challenge_2013_closed_problems,inductive_noise20,trace,0.5,weight_voidage,5.87007962167263e-05,14,ok
BPI_Challenge_2013_closed_problems,inductive_noise20,trace,0.6,aligned_duration_cache,0.4506482002325356,1,ok
BPI_Challenge_2013_closed_problems,inductive_noise20,trace,0.6,alignment_coverage_pn2_lower,0.0117907002568238,14,ok
BPI_Challenge_2013_closed_problems,inductive_noise20,trace,0.6,alignment_coverage_pn2_upper,0.006819899659603336,14,ok
BPI_Challenge_2013_closed_problems,inductive_noise20,trace,0.6,classical,12.495552899781616,1,ok
BPI_Challenge_2013_closed_problems,inductive_noise20,trace,0.6,dv,9.270065099932252,1,ok
BPI_Challenge_2013_closed_problems,inductive_noise20,trace,0.6,executions_cache,1.3400334864854813e-05,1,ok
BPI_Challenge_2013_closed_problems,inductive_noise20,trace,0.6,matchprob,5.300156772136688e-06,14,ok
BPI_Challenge_2013_closed_problems,inductive_noise20,trace,0.6,mean_leaf_skipprob,4.299916326999664e-06,1,ok
BPI_Challenge_2013_closed_problems,inductive_noise20,trace,0.6,salign_coverage,0.0107284011319274,14,ok
BPI_Challenge_2013_closed_problems,inductive_noise20,trace,0.6,skipprob,5.799345672130585e-06,14,ok
BPI_Challenge_2013_closed_problems,inductive_noise20,trace,0.6,traces,0.4506244002841413,1,ok
BPI_Challenge_2013_closed_problems,inductive_noise20,trace,0.6,voidmass_deficit_lower,1.380033791065216e-05,14,ok
BPI_Challenge_2013_closed_problems,inductive_noise20,trace,0.6,voidmass_deficit_upper,5.999580025672913e-06,14,ok
BPI_Challenge_2013_closed_problems,inductive_noise20,trace,0.6,voidmass_movecount,5.899928510189056e-06,14,ok
BPI_Challenge_2013_closed_problems,inductive_noise20,trace,0.6,voidmass_movecount_bound,5.400273948907852e-06,14,ok
BPI_Challenge_2013_closed_problems,inductive_noise20,trace,0.6,voidmass_process_lower,6.1998143792152405e-06,14,ok
BPI_Challenge_2013_closed_problems,inductive_noise20,trace,0.6,voidmass_process_upper,4.999805241823196e-06,14,ok
BPI_Challenge_2013_closed_problems,inductive_noise20,trace,0.6,voidsalign3,0.006887100171297265,14,ok
BPI_Challenge_2013_closed_problems,inductive_noise20,trace,0.6,voidsat2,0.0503367995843285,14,ok
BPI_Challenge_2013_closed_problems,inductive_noise20,trace,0.6,weight_voidage,4.4500455260276794e-05,14,ok
BPI_Challenge_2013_closed_problems,inductive_noise20,trace,0.7,aligned_duration_cache,0.3245748002082109,1,ok
BPI_Challenge_2013_closed_problems,inductive_noise20,trace,0.7,alignment_coverage_pn2_lower,0.0093783009797327,14,ok
BPI_Challenge_2013_closed_problems,inductive_noise20,trace,0.7,alignment_coverage_pn2_upper,0.005393799394368369,14,ok
BPI_Challenge_2013_closed_problems,inductive_noise20,trace,0.7,classical,13.129425500053912,1,ok
BPI_Challenge_2013_closed_problems,inductive_noise20,trace,0.7,dv,8.993788100313395,1,ok
BPI_Challenge_2013_closed_problems,inductive_noise20,trace,0.7,executions_cache,1.0599847882986069e-05,1,ok
BPI_Challenge_2013_closed_problems,inductive_noise20,trace,0.7,matchprob,5.399342626333237e-06,14,ok
BPI_Challenge_2013_closed_problems,inductive_noise20,trace,0.7,mean_leaf_skipprob,5.400273948907852e-06,1,ok
BPI_Challenge_2013_closed_problems,inductive_noise20,trace,0.7,salign_coverage,0.0084233004599803,14,ok
BPI_Challenge_2013_closed_problems,inductive_noise20,trace,0.7,skipprob,5.600042641162872e-06,14,ok
BPI_Challenge_2013_closed_problems,inductive_noise20,trace,0.7,traces,0.3245533998124301,1,ok
BPI_Challenge_2013_closed_problems,inductive_noise20,trace,0.7,voidmass_deficit_lower,1.4299992471933365e-05,14,ok
BPI_Challenge_2013_closed_problems,inductive_noise20,trace,0.7,voidmass_deficit_upper,6.100162863731384e-06,14,ok
BPI_Challenge_2013_closed_problems,inductive_noise20,trace,0.7,voidmass_movecount,5.999580025672913e-06,14,ok
BPI_Challenge_2013_closed_problems,inductive_noise20,trace,0.7,voidmass_movecount_bound,5.000270903110504e-06,14,ok
BPI_Challenge_2013_closed_problems,inductive_noise20,trace,0.7,voidmass_process_lower,6.400514394044876e-06,14,ok
BPI_Challenge_2013_closed_problems,inductive_noise20,trace,0.7,voidmass_process_upper,5.500856786966324e-06,14,ok
BPI_Challenge_2013_closed_problems,inductive_noise20,trace,0.7,voidsalign3,0.005154499784111378,14,ok
BPI_Challenge_2013_closed_problems,inductive_noise20,trace,0.7,voidsat2,0.0378059996291989,14,ok
BPI_Challenge_2013_closed_problems,inductive_noise20,trace,0.7,weight_voidage,4.349881783127785e-05,14,ok
BPI_Challenge_2013_closed_problems,inductive_noise20,trace,0.8,aligned_duration_cache,0.2150733997114002,1,ok
BPI_Challenge_2013_closed_problems,inductive_noise20,trace,0.8,alignment_coverage_pn2_lower,0.005582999438046947,14,ok
BPI_Challenge_2013_closed_problems,inductive_noise20,trace,0.8,alignment_coverage_pn2_upper,0.00332250073552081,14,ok
BPI_Challenge_2013_closed_problems,inductive_noise20,trace,0.8,classical,1.2067543999291956,1,ok
BPI_Challenge_2013_closed_problems,inductive_noise20,trace,0.8,dv,10.18326610000804,1,ok
BPI_Challenge_2013_closed_problems,inductive_noise20,trace,0.8,executions_cache,1.019984483718872e-05,1,ok
BPI_Challenge_2013_closed_problems,inductive_noise20,trace,0.8,matchprob,4.699453711509705e-06,14,ok
BPI_Challenge_2013_closed_problems,inductive_noise20,trace,0.8,mean_leaf_skipprob,3.4999102354049683e-06,1,ok
BPI_Challenge_2013_closed_problems,inductive_noise20,trace,0.8,salign_coverage,0.005121899768709591,14,ok
BPI_Challenge_2013_closed_problems,inductive_noise20,trace,0.8,skipprob,5.000736564397812e-06,14,ok
BPI_Challenge_2013_closed_problems,inductive_noise20,trace,0.8,traces,0.2150509003549814,1,ok
BPI_Challenge_2013_closed_problems,inductive_noise20,trace,0.8,voidmass_deficit_lower,1.0599382221698761e-05,14,ok
BPI_Challenge_2013_closed_problems,inductive_noise20,trace,0.8,voidmass_deficit_upper,5.099456757307053e-06,14,ok
BPI_Challenge_2013_closed_problems,inductive_noise20,trace,0.8,voidmass_movecount,5.300622433423996e-06,14,ok
BPI_Challenge_2013_closed_problems,inductive_noise20,trace,0.8,voidmass_movecount_bound,5.400273948907852e-06,14,ok
BPI_Challenge_2013_closed_problems,inductive_noise20,trace,0.8,voidmass_process_lower,5.500856786966324e-06,14,ok
BPI_Challenge_2013_closed_problems,inductive_noise20,trace,0.8,voidmass_process_upper,4.90015372633934e-06,14,ok
BPI_Challenge_2013_closed_problems,inductive_noise20,trace,0.8,voidsalign3,0.0033032000064847243,14,ok
BPI_Challenge_2013_closed_problems,inductive_noise20,trace,0.8,voidsat2,0.022986899130045802,14,ok
BPI_Challenge_2013_closed_problems,inductive_noise20,trace,0.8,weight_voidage,4.089949652552605e-05,14,ok
BPI_Challenge_2013_closed_problems,inductive_noise20,trace,0.9,aligned_duration_cache,0.1058016000315547,1,ok
BPI_Challenge_2013_closed_problems,inductive_noise20,trace,0.9,alignment_coverage_pn2_lower,0.0030364985577757313,14,ok
BPI_Challenge_2013_closed_problems,inductive_noise20,trace,0.9,alignment_coverage_pn2_upper,0.0018100989982480695,14,ok
BPI_Challenge_2013_closed_problems,inductive_noise20,trace,0.9,classical,0.8915579002350569,1,ok
BPI_Challenge_2013_closed_problems,inductive_noise20,trace,0.9,dv,8.724218300078064,1,ok
BPI_Challenge_2013_closed_problems,inductive_noise20,trace,0.9,executions_cache,1.00000761449337e-05,1,ok
BPI_Challenge_2013_closed_problems,inductive_noise20,trace,0.9,matchprob,4.1997991502285e-06,14,ok
BPI_Challenge_2013_closed_problems,inductive_noise20,trace,0.9,mean_leaf_skipprob,3.3997930586338043e-06,1,ok
BPI_Challenge_2013_closed_problems,inductive_noise20,trace,0.9,salign_coverage,0.0027784998528655406,14,ok
BPI_Challenge_2013_closed_problems,inductive_noise20,trace,0.9,skipprob,5.200039595365524e-06,14,ok
BPI_Challenge_2013_closed_problems,inductive_noise20,trace,0.9,traces,0.1057810001075267,1,ok
BPI_Challenge_2013_closed_problems,inductive_noise20,trace,0.9,voidmass_deficit_lower,8.19796696305275e-06,14,ok
BPI_Challenge_2013_closed_problems,inductive_noise20,trace,0.9,voidmass_deficit_upper,4.90015372633934e-06,14,ok
BPI_Challenge_2013_closed_problems,inductive_noise20,trace,0.9,voidmass_movecount,5.000270903110504e-06,14,ok
BPI_Challenge_2013_closed_problems,inductive_noise20,trace,0.9,voidmass_movecount_bound,4.599802196025848e-06,14,ok
BPI_Challenge_2013_closed_problems,inductive_noise20,trace,0.9,voidmass_process_lower,4.7995708882808685e-06,14,ok
BPI_Challenge_2013_closed_problems,inductive_noise20,trace,0.9,voidmass_process_upper,4.600733518600464e-06,14,ok
BPI_Challenge_2013_closed_problems,inductive_noise20,trace,0.9,voidsalign3,0.0018017981201407989,14,ok
BPI_Challenge_2013_closed_problems,inductive_noise20,trace,0.9,voidsat2,0.011646198574452999,14,ok
BPI_Challenge_2013_closed_problems,inductive_noise20,trace,0.9,weight_voidage,3.8700178265571594e-05,14,ok
BPI_Challenge_2013_closed_problems,inductive_noise20,,0.0,aligned_duration_cache,1.0793059999123216,1,ok
BPI_Challenge_2013_closed_problems,inductive_noise20,,0.0,alignment_coverage_pn2_lower,0.023253000341355,14,ok
BPI_Challenge_2013_closed_problems,inductive_noise20,,0.0,alignment_coverage_pn2_upper,0.0135817998088889,14,ok
BPI_Challenge_2013_closed_problems,inductive_noise20,,0.0,classical,25.284577399957925,1,ok
BPI_Challenge_2013_closed_problems,inductive_noise20,,0.0,dv,10.02589840022847,1,ok
BPI_Challenge_2013_closed_problems,inductive_noise20,,0.0,executions_cache,8.599832653999329e-06,1,ok
BPI_Challenge_2013_closed_problems,inductive_noise20,,0.0,matchprob,7.199589163064957e-06,14,ok
BPI_Challenge_2013_closed_problems,inductive_noise20,,0.0,mean_leaf_skipprob,9.799841791391373e-06,1,ok
BPI_Challenge_2013_closed_problems,inductive_noise20,,0.0,salign_coverage,0.020773497875779298,14,ok
BPI_Challenge_2013_closed_problems,inductive_noise20,,0.0,skipprob,8.399598300457e-06,14,ok
BPI_Challenge_2013_closed_problems,inductive_noise20,,0.0,traces,1.079280599951744,1,ok
BPI_Challenge_2013_closed_problems,inductive_noise20,,0.0,voidmass_deficit_lower,1.800060272216797e-05,14,ok
BPI_Challenge_2013_closed_problems,inductive_noise20,,0.0,voidmass_deficit_upper,6.699468940496445e-06,14,ok
BPI_Challenge_2013_closed_problems,inductive_noise20,,0.0,voidmass_movecount,8.099712431430817e-06,14,ok
BPI_Challenge_2013_closed_problems,inductive_noise20,,0.0,voidmass_movecount_bound,7.101334631443024e-06,14,ok
BPI_Challenge_2013_closed_problems,inductive_noise20,,0.0,voidmass_process_lower,8.50064679980278e-06,14,ok
BPI_Challenge_2013_closed_problems,inductive_noise20,,0.0,voidmass_process_upper,6.601214408874512e-06,14,ok
BPI_Challenge_2013_closed_problems,inductive_noise20,,0.0,voidsalign3,0.0130414995364838,14,ok
BPI_Challenge_2013_closed_problems,inductive_noise20,,0.0,voidsat2,0.1312760002911084,14,ok
BPI_Challenge_2013_closed_problems,inductive_noise20,,0.0,weight_voidage,7.150042802095413e-05,14,ok
BPI_Challenge_2013_closed_problems,toothpaste,activity_frequency_gradual,0.1,aligned_duration_cache,1.1538915997371078,1,ok
BPI_Challenge_2013_closed_problems,toothpaste,activity_frequency_gradual,0.1,alignment_coverage_pn2_lower,0.2791029997169353,1241,ok
BPI_Challenge_2013_closed_problems,toothpaste,activity_frequency_gradual,0.1,alignment_coverage_pn2_upper,0.1760794068686029,1241,ok
BPI_Challenge_2013_closed_problems,toothpaste,activity_frequency_gradual,0.1,classical,1234.9829219002277,1,ok
BPI_Challenge_2013_closed_problems,toothpaste,activity_frequency_gradual,0.1,dv,94.5492091998458,1,ok
BPI_Challenge_2013_closed_problems,toothpaste,activity_frequency_gradual,0.1,executions_cache,0.0005899998359382,1,ok
BPI_Challenge_2013_closed_problems,toothpaste,activity_frequency_gradual,0.1,matchprob,0.00044020265340805054,1241,ok
BPI_Challenge_2013_closed_problems,toothpaste,activity_frequency_gradual,0.1,mean_leaf_skipprob,0.0002158000133931,1,ok
BPI_Challenge_2013_closed_problems,toothpaste,activity_frequency_gradual,0.1,salign_coverage,0.7334243105723846,1241,ok
BPI_Challenge_2013_closed_problems,toothpaste,activity_frequency_gradual,0.1,skipprob,0.000500211026519537,1241,ok
BPI_Challenge_2013_closed_problems,toothpaste,activity_frequency_gradual,0.1,traces,1.1532772001810372,1,ok
BPI_Challenge_2013_closed_problems,toothpaste,activity_frequency_gradual,0.1,voidmass_deficit_lower,0.0016528037376701832,1241,ok
BPI_Challenge_2013_closed_problems,toothpaste,activity_frequency_gradual,0.1,voidmass_deficit_upper,0.0005441987887024879,1241,ok
BPI_Challenge_2013_closed_problems,toothpaste,activity_frequency_gradual,0.1,voidmass_movecount,0.0005398965440690517,1241,ok
BPI_Challenge_2013_closed_problems,toothpaste,activity_frequency_gradual,0.1,voidmass_movecount_bound,0.0005161985754966736,1241,ok
BPI_Challenge_2013_closed_problems,toothpaste,activity_frequency_gradual,0.1,voidmass_process_lower,0.0005580000579357147,1241,ok
BPI_Challenge_2013_closed_problems,toothpaste,activity_frequency_gradual,0.1,voidmass_process_upper,0.00046449340879917145,1241,ok
BPI_Challenge_2013_closed_problems,toothpaste,activity_frequency_gradual,0.1,voidsalign3,0.2199975014663606,1241,ok
BPI_Challenge_2013_closed_problems,toothpaste,activity_frequency_gradual,0.1,voidsat2,3.2597497999667526,1241,ok
BPI_Challenge_2013_closed_problems,toothpaste,activity_frequency_gradual,0.1,weight_voidage,0.00764499325305174,1241,ok
BPI_Challenge_2013_closed_problems,toothpaste,activity_frequency_gradual,0.2,aligned_duration_cache,1.0919590000994503,1,ok
BPI_Challenge_2013_closed_problems,toothpaste,activity_frequency_gradual,0.2,alignment_coverage_pn2_lower,0.2524299947544322,1241,ok
BPI_Challenge_2013_closed_problems,toothpaste,activity_frequency_gradual,0.2,alignment_coverage_pn2_upper,0.11207660287617682,1241,ok
BPI_Challenge_2013_closed_problems,toothpaste,activity_frequency_gradual,0.2,classical,488.2367472001352,1,ok
BPI_Challenge_2013_closed_problems,toothpaste,activity_frequency_gradual,0.2,dv,42.4851468000561,1,ok
BPI_Challenge_2013_closed_problems,toothpaste,activity_frequency_gradual,0.2,executions_cache,0.00060770008713,1,ok
BPI_Challenge_2013_closed_problems,toothpaste,activity_frequency_gradual,0.2,matchprob,0.0005319011397659779,1241,ok
BPI_Challenge_2013_closed_problems,toothpaste,activity_frequency_gradual,0.2,mean_leaf_skipprob,0.0002267998643219,1,ok
BPI_Challenge_2013_closed_problems,toothpaste,activity_frequency_gradual,0.2,salign_coverage,0.7270765104330438,1241,ok
BPI_Challenge_2013_closed_problems,toothpaste,activity_frequency_gradual,0.2,skipprob,0.0005657868459820747,1241,ok
BPI_Challenge_2013_closed_problems,toothpaste,activity_frequency_gradual,0.2,traces,1.0912290001288056,1,ok
BPI_Challenge_2013_closed_problems,toothpaste,activity_frequency_gradual,0.2,voidmass_deficit_lower,0.0018633119761943817,1241,ok
BPI_Challenge_2013_closed_problems,toothpaste,activity_frequency_gradual,0.2,voidmass_deficit_upper,0.0006629014387726784,1241,ok
BPI_Challenge_2013_closed_problems,toothpaste,activity_frequency_gradual,0.2,voidmass_movecount,0.0006652935408055782,1241,ok
BPI_Challenge_2013_closed_problems,toothpaste,activity_frequency_gradual,0.2,voidmass_movecount_bound,0.0006042984314262867,1241,ok
BPI_Challenge_2013_closed_problems,toothpaste,activity_frequency_gradual,0.2,voidmass_process_lower,0.0006673997268080711,1241,ok
BPI_Challenge_2013_closed_problems,toothpaste,activity_frequency_gradual,0.2,voidmass_process_upper,0.0005519930273294449,1241,ok
BPI_Challenge_2013_closed_problems,toothpaste,activity_frequency_gradual,0.2,voidsalign3,0.11974229523910919,1241,ok
BPI_Challenge_2013_closed_problems,toothpaste,activity_frequency_gradual,0.2,voidsat2,3.695097198709783,1241,ok
BPI_Challenge_2013_closed_problems,toothpaste,activity_frequency_gradual,0.2,weight_voidage,0.009558908641337764,1241,ok
BPI_Challenge_2013_closed_problems,toothpaste,activity_frequency_gradual,0.3,aligned_duration_cache,1.1364679001271725,1,ok
BPI_Challenge_2013_closed_problems,toothpaste,activity_frequency_gradual,0.3,alignment_coverage_pn2_lower,0.16943460609763716,1241,ok
BPI_Challenge_2013_closed_problems,toothpaste,activity_frequency_gradual,0.3,alignment_coverage_pn2_upper,0.05145869497209757,1241,ok
BPI_Challenge_2013_closed_problems,toothpaste,activity_frequency_gradual,0.3,classical,358.2581412997097,1,ok
BPI_Challenge_2013_closed_problems,toothpaste,activity_frequency_gradual,0.3,dv,26.53976159961894,1,ok
BPI_Challenge_2013_closed_problems,toothpaste,activity_frequency_gradual,0.3,executions_cache,0.0005630003288388,1,ok
BPI_Challenge_2013_closed_problems,toothpaste,activity_frequency_gradual,0.3,matchprob,0.00044970447197556496,1241,ok
BPI_Challenge_2013_closed_problems,toothpaste,activity_frequency_gradual,0.3,mean_leaf_skipprob,0.0002199998125433,1,ok
BPI_Challenge_2013_closed_problems,toothpaste,activity_frequency_gradual,0.3,salign_coverage,0.2639332031831036,1241,ok
BPI_Challenge_2013_closed_problems,toothpaste,activity_frequency_gradual,0.3,skipprob,0.0004951935261487961,1241,ok
BPI_Challenge_2013_closed_problems,toothpaste,activity_frequency_gradual,0.3,traces,1.135758399963379,1,ok
BPI_Challenge_2013_closed_problems,toothpaste,activity_frequency_gradual,0.3,voidmass_deficit_lower,0.0014635096304118633,1241,ok
BPI_Challenge_2013_closed_problems,toothpaste,activity_frequency_gradual,0.3,voidmass_deficit_upper,0.0005305972881615162,1241,ok
BPI_Challenge_2013_closed_problems,toothpaste,activity_frequency_gradual,0.3,voidmass_movecount,0.0005304017104208469,1241,ok
BPI_Challenge_2013_closed_problems,toothpaste,activity_frequency_gradual,0.3,voidmass_movecount_bound,0.0005270154215395451,1241,ok
BPI_Challenge_2013_closed_problems,toothpaste,activity_frequency_gradual,0.3,voidmass_process_lower,0.0005637975409626961,1241,ok
BPI_Challenge_2013_closed_problems,toothpaste,activity_frequency_gradual,0.3,voidmass_process_upper,0.0004688934423029423,1241,ok
BPI_Challenge_2013_closed_problems,toothpaste,activity_frequency_gradual,0.3,voidsalign3,0.05594249349087401,1241,ok
BPI_Challenge_2013_closed_problems,toothpaste,activity_frequency_gradual,0.3,voidsat2,2.910209013614742,1241,ok
BPI_Challenge_2013_closed_problems,toothpaste,activity_frequency_gradual,0.3,weight_voidage,0.007896399591117624,1241,ok
BPI_Challenge_2013_closed_problems,toothpaste,activity_frequency_gradual,0.4,aligned_duration_cache,1.0926729002967477,1,ok
BPI_Challenge_2013_closed_problems,toothpaste,activity_frequency_gradual,0.4,alignment_coverage_pn2_lower,0.03787420270964453,1241,ok
BPI_Challenge_2013_closed_problems,toothpaste,activity_frequency_gradual,0.4,alignment_coverage_pn2_upper,0.017066698055714192,1241,ok
BPI_Challenge_2013_closed_problems,toothpaste,activity_frequency_gradual,0.4,classical,74.68761439993978,1,ok
BPI_Challenge_2013_closed_problems,toothpaste,activity_frequency_gradual,0.4,dv,26.74456009967253,1,ok
BPI_Challenge_2013_closed_problems,toothpaste,activity_frequency_gradual,0.4,executions_cache,0.0005538999103009,1,ok
BPI_Challenge_2013_closed_problems,toothpaste,activity_frequency_gradual,0.4,matchprob,0.0004469035193324089,1241,ok
BPI_Challenge_2013_closed_problems,toothpaste,activity_frequency_gradual,0.4,mean_leaf_skipprob,0.0002176999114453,1,ok
BPI_Challenge_2013_closed_problems,toothpaste,activity_frequency_gradual,0.4,salign_coverage,0.047445802483707285,1241,ok
BPI_Challenge_2013_closed_problems,toothpaste,activity_frequency_gradual,0.4,skipprob,0.0004941993393003941,1241,ok
BPI_Challenge_2013_closed_problems,toothpaste,activity_frequency_gradual,0.4,traces,1.0918354000896215,1,ok
BPI_Challenge_2013_closed_problems,toothpaste,activity_frequency_gradual,0.4,voidmass_deficit_lower,0.0015248931013047695,1241,ok
BPI_Challenge_2013_closed_problems,toothpaste,activity_frequency_gradual,0.4,voidmass_deficit_upper,0.0005037984810769558,1241,ok
BPI_Challenge_2013_closed_problems,toothpaste,activity_frequency_gradual,0.4,voidmass_movecount,0.0005198046565055847,1241,ok
BPI_Challenge_2013_closed_problems,toothpaste,activity_frequency_gradual,0.4,voidmass_movecount_bound,0.0005343942902982235,1241,ok
BPI_Challenge_2013_closed_problems,toothpaste,activity_frequency_gradual,0.4,voidmass_process_lower,0.0005542985163629055,1241,ok
BPI_Challenge_2013_closed_problems,toothpaste,activity_frequency_gradual,0.4,voidmass_process_upper,0.00046740099787712097,1241,ok
BPI_Challenge_2013_closed_problems,toothpaste,activity_frequency_gradual,0.4,voidsalign3,0.019455801229923606,1241,ok
BPI_Challenge_2013_closed_problems,toothpaste,activity_frequency_gradual,0.4,voidsat2,2.6888201045803104,1241,ok
BPI_Challenge_2013_closed_problems,toothpaste,activity_frequency_gradual,0.4,weight_voidage,0.007922200486063543,1241,ok
BPI_Challenge_2013_closed_problems,toothpaste,activity_frequency_gradual,0.5,aligned_duration_cache,0.9669660003855824,1,ok
BPI_Challenge_2013_closed_problems,toothpaste,activity_frequency_gradual,0.5,alignment_coverage_pn2_lower,0.11265899846330253,1241,ok
BPI_Challenge_2013_closed_problems,toothpaste,activity_frequency_gradual,0.5,alignment_coverage_pn2_upper,0.014572707936167445,1241,ok
BPI_Challenge_2013_closed_problems,toothpaste,activity_frequency_gradual,0.5,classical,54.06926980009303,1,ok
BPI_Challenge_2013_closed_problems,toothpaste,activity_frequency_gradual,0.5,dv,15.972620300017295,1,ok
BPI_Challenge_2013_closed_problems,toothpaste,activity_frequency_gradual,0.5,executions_cache,0.0005944999866187,1,ok
BPI_Challenge_2013_closed_problems,toothpaste,activity_frequency_gradual,0.5,matchprob,0.0004142005927860737,1241,ok
BPI_Challenge_2013_closed_problems,toothpaste,activity_frequency_gradual,0.5,mean_leaf_skipprob,0.0002121999859809,1,ok
BPI_Challenge_2013_closed_problems,toothpaste,activity_frequency_gradual,0.5,salign_coverage,0.04546541487798068,1241,ok
BPI_Challenge_2013_closed_problems,toothpaste,activity_frequency_gradual,0.5,skipprob,0.00046240538358688354,1241,ok
BPI_Challenge_2013_closed_problems,toothpaste,activity_frequency_gradual,0.5,traces,0.9660942000336944,1,ok
BPI_Challenge_2013_closed_problems,toothpaste,activity_frequency_gradual,0.5,voidmass_deficit_lower,0.001338491216301918,1241,ok
BPI_Challenge_2013_closed_problems,toothpaste,activity_frequency_gradual,0.5,voidmass_deficit_upper,0.00048320088535547256,1241,ok
BPI_Challenge_2013_closed_problems,toothpaste,activity_frequency_gradual,0.5,voidmass_movecount,0.0004952992312610149,1241,ok
BPI_Challenge_2013_closed_problems,toothpaste,activity_frequency_gradual,0.5,voidmass_movecount_bound,0.0004876004531979561,1241,ok
BPI_Challenge_2013_closed_problems,toothpaste,activity_frequency_gradual,0.5,voidmass_process_lower,0.0005407985299825668,1241,ok
BPI_Challenge_2013_closed_problems,toothpaste,activity_frequency_gradual,0.5,voidmass_process_upper,0.0004409942775964737,1241,ok
BPI_Challenge_2013_closed_problems,toothpaste,activity_frequency_gradual,0.5,voidsalign3,0.016747807618230196,1241,ok
BPI_Challenge_2013_closed_problems,toothpaste,activity_frequency_gradual,0.5,voidsat2,2.4432393913156667,1241,ok
BPI_Challenge_2013_closed_problems,toothpaste,activity_frequency_gradual,0.5,weight_voidage,0.007138800807296877,1241,ok
BPI_Challenge_2013_closed_problems,toothpaste,activity_frequency_gradual,0.6,aligned_duration_cache,0.8662965996190906,1,ok
BPI_Challenge_2013_closed_problems,toothpaste,activity_frequency_gradual,0.6,alignment_coverage_pn2_lower,0.025485894642770086,1241,ok
BPI_Challenge_2013_closed_problems,toothpaste,activity_frequency_gradual,0.6,alignment_coverage_pn2_upper,0.012394993100315138,1241,ok
BPI_Challenge_2013_closed_problems,toothpaste,activity_frequency_gradual,0.6,classical,37.95859900023788,1,ok
BPI_Challenge_2013_closed_problems,toothpaste,activity_frequency_gradual,0.6,dv,14.516263800207524,1,ok
BPI_Challenge_2013_closed_problems,toothpaste,activity_frequency_gradual,0.6,executions_cache,0.000541899818927,1,ok
BPI_Challenge_2013_closed_problems,toothpaste,activity_frequency_gradual,0.6,matchprob,0.0004178974777460098,1241,ok
BPI_Challenge_2013_closed_problems,toothpaste,activity_frequency_gradual,0.6,mean_leaf_skipprob,0.000221500173211,1,ok
BPI_Challenge_2013_closed_problems,toothpaste,activity_frequency_gradual,0.6,salign_coverage,0.033422508742659895,1241,ok
BPI_Challenge_2013_closed_problems,toothpaste,activity_frequency_gradual,0.6,skipprob,0.0004417942836880684,1241,ok
BPI_Challenge_2013_closed_problems,toothpaste,activity_frequency_gradual,0.6,traces,0.8655505003407598,1,ok
BPI_Challenge_2013_closed_problems,toothpaste,activity_frequency_gradual,0.6,voidmass_deficit_lower,0.0011686906218528748,1241,ok
BPI_Challenge_2013_closed_problems,toothpaste,activity_frequency_gradual,0.6,voidmass_deficit_upper,0.00047390395775437355,1241,ok
BPI_Challenge_2013_closed_problems,toothpaste,activity_frequency_gradual,0.6,voidmass_movecount,0.00045569147914648056,1241,ok
BPI_Challenge_2013_closed_problems,toothpaste,activity_frequency_gradual,0.6,voidmass_movecount_bound,0.00047230208292603493,1241,ok
BPI_Challenge_2013_closed_problems,toothpaste,activity_frequency_gradual,0.6,voidmass_process_lower,0.0005088071338832378,1241,ok
BPI_Challenge_2013_closed_problems,toothpaste,activity_frequency_gradual,0.6,voidmass_process_upper,0.0004371972754597664,1241,ok
BPI_Challenge_2013_closed_problems,toothpaste,activity_frequency_gradual,0.6,voidsalign3,0.014658202417194576,1241,ok
BPI_Challenge_2013_closed_problems,toothpaste,activity_frequency_gradual,0.6,voidsat2,2.1273981016128625,1241,ok
BPI_Challenge_2013_closed_problems,toothpaste,activity_frequency_gradual,0.6,weight_voidage,0.006776593159883878,1241,ok
BPI_Challenge_2013_closed_problems,toothpaste,activity_frequency_gradual,0.7,aligned_duration_cache,0.739735099952668,1,ok
BPI_Challenge_2013_closed_problems,toothpaste,activity_frequency_gradual,0.7,alignment_coverage_pn2_lower,0.019472209271043296,1241,ok
BPI_Challenge_2013_closed_problems,toothpaste,activity_frequency_gradual,0.7,alignment_coverage_pn2_upper,0.00972319021821022,1241,ok
BPI_Challenge_2013_closed_problems,toothpaste,activity_frequency_gradual,0.7,classical,18.277131100185212,1,ok
BPI_Challenge_2013_closed_problems,toothpaste,activity_frequency_gradual,0.7,dv,12.149020199663935,1,ok
BPI_Challenge_2013_closed_problems,toothpaste,activity_frequency_gradual,0.7,executions_cache,0.0005232002586126,1,ok
BPI_Challenge_2013_closed_problems,toothpaste,activity_frequency_gradual,0.7,matchprob,0.00040379632264375687,1241,ok
BPI_Challenge_2013_closed_problems,toothpaste,activity_frequency_gradual,0.7,mean_leaf_skipprob,0.0002194000408053,1,ok
BPI_Challenge_2013_closed_problems,toothpaste,activity_frequency_gradual,0.7,salign_coverage,0.41152319218963357,1241,ok
BPI_Challenge_2013_closed_problems,toothpaste,activity_frequency_gradual,0.7,skipprob,0.00046778470277786255,1241,ok
BPI_Challenge_2013_closed_problems,toothpaste,activity_frequency_gradual,0.7,traces,0.7387876999564469,1,ok
BPI_Challenge_2013_closed_problems,toothpaste,activity_frequency_gradual,0.7,voidmass_deficit_lower,0.0012427018955349922,1241,ok
BPI_Challenge_2013_closed_problems,toothpaste,activity_frequency_gradual,0.7,voidmass_deficit_upper,0.00047491444274783134,1241,ok
BPI_Challenge_2013_closed_problems,toothpaste,activity_frequency_gradual,0.7,voidmass_movecount,0.000488299410790205,1241,ok
BPI_Challenge_2013_closed_problems,toothpaste,activity_frequency_gradual,0.7,voidmass_movecount_bound,0.0004635956138372421,1241,ok
BPI_Challenge_2013_closed_problems,toothpaste,activity_frequency_gradual,0.7,voidmass_process_lower,0.0005025984719395638,1241,ok
BPI_Challenge_2013_closed_problems,toothpaste,activity_frequency_gradual,0.7,voidmass_process_upper,0.0004314943216741085,1241,ok
BPI_Challenge_2013_closed_problems,toothpaste,activity_frequency_gradual,0.7,voidsalign3,0.012076307088136609,1241,ok
BPI_Challenge_2013_closed_problems,toothpaste,activity_frequency_gradual,0.7,voidsat2,1.829001403879312,1241,ok
BPI_Challenge_2013_closed_problems,toothpaste,activity_frequency_gradual,0.7,weight_voidage,0.006996999960392312,1241,ok
BPI_Challenge_2013_closed_problems,toothpaste,activity_frequency_gradual,0.8,aligned_duration_cache,0.595094199758023,1,ok
BPI_Challenge_2013_closed_problems,toothpaste,activity_frequency_gradual,0.8,alignment_coverage_pn2_lower,0.013894785195589008,1241,ok
BPI_Challenge_2013_closed_problems,toothpaste,activity_frequency_gradual,0.8,alignment_coverage_pn2_upper,0.0076770964078605175,1241,ok
BPI_Challenge_2013_closed_problems,toothpaste,activity_frequency_gradual,0.8,classical,11.134673200082034,1,ok
BPI_Challenge_2013_closed_problems,toothpaste,activity_frequency_gradual,0.8,dv,10.833787499926984,1,ok
BPI_Challenge_2013_closed_problems,toothpaste,activity_frequency_gradual,0.8,executions_cache,0.0005497001111507,1,ok
BPI_Challenge_2013_closed_problems,toothpaste,activity_frequency_gradual,0.8,matchprob,0.0003924993798136711,1241,ok
BPI_Challenge_2013_closed_problems,toothpaste,activity_frequency_gradual,0.8,mean_leaf_skipprob,0.0002211001701653,1,ok
BPI_Challenge_2013_closed_problems,toothpaste,activity_frequency_gradual,0.8,salign_coverage,0.02102751145139328,1241,ok
BPI_Challenge_2013_closed_problems,toothpaste,activity_frequency_gradual,0.8,skipprob,0.0004065968096256256,1241,ok
BPI_Challenge_2013_closed_problems,toothpaste,activity_frequency_gradual,0.8,traces,0.5943456003442407,1,ok
BPI_Challenge_2013_closed_problems,toothpaste,activity_frequency_gradual,0.8,voidmass_deficit_lower,0.001047592144459486,1241,ok
BPI_Challenge_2013_closed_problems,toothpaste,activity_frequency_gradual,0.8,voidmass_deficit_upper,0.00044640712440013885,1241,ok
BPI_Challenge_2013_closed_problems,toothpaste,activity_frequency_gradual,0.8,voidmass_movecount,0.00047689955681562424,1241,ok
BPI_Challenge_2013_closed_problems,toothpaste,activity_frequency_gradual,0.8,voidmass_movecount_bound,0.00045049795880913734,1241,ok
BPI_Challenge_2013_closed_problems,toothpaste,activity_frequency_gradual,0.8,voidmass_process_lower,0.00048298947513103485,1241,ok
BPI_Challenge_2013_closed_problems,toothpaste,activity_frequency_gradual,0.8,voidmass_process_upper,0.0004219980910420418,1241,ok
BPI_Challenge_2013_closed_problems,toothpaste,activity_frequency_gradual,0.8,voidsalign3,0.009837704245001026,1241,ok
BPI_Challenge_2013_closed_problems,toothpaste,activity_frequency_gradual,0.8,voidsat2,1.3879434037952993,1241,ok
BPI_Challenge_2013_closed_problems,toothpaste,activity_frequency_gradual,0.8,weight_voidage,0.006389516405760871,1241,ok
BPI_Challenge_2013_closed_problems,toothpaste,activity_frequency_gradual,0.9,aligned_duration_cache,0.35691689979285,1,ok
BPI_Challenge_2013_closed_problems,toothpaste,activity_frequency_gradual,0.9,alignment_coverage_pn2_lower,0.010597898159176014,1241,ok
BPI_Challenge_2013_closed_problems,toothpaste,activity_frequency_gradual,0.9,alignment_coverage_pn2_upper,0.004293596372008324,1241,ok
BPI_Challenge_2013_closed_problems,toothpaste,activity_frequency_gradual,0.9,classical,2.653228099923581,1,ok
BPI_Challenge_2013_closed_problems,toothpaste,activity_frequency_gradual,0.9,dv,8.083747000433505,1,ok
BPI_Challenge_2013_closed_problems,toothpaste,activity_frequency_gradual,0.9,executions_cache,0.0005385000258684,1,ok
BPI_Challenge_2013_closed_problems,toothpaste,activity_frequency_gradual,0.9,matchprob,0.0003563906066119671,1241,ok
BPI_Challenge_2013_closed_problems,toothpaste,activity_frequency_gradual,0.9,mean_leaf_skipprob,0.0002164002507925,1,ok
BPI_Challenge_2013_closed_problems,toothpaste,activity_frequency_gradual,0.9,salign_coverage,0.028854500968008966,1241,ok
BPI_Challenge_2013_closed_problems,toothpaste,activity_frequency_gradual,0.9,skipprob,0.0003878106363117695,1241,ok
BPI_Challenge_2013_closed_problems,toothpaste,activity_frequency_gradual,0.9,traces,0.3561826003715396,1,ok
BPI_Challenge_2013_closed_problems,toothpaste,activity_frequency_gradual,0.9,voidmass_deficit_lower,0.0007893042638897896,1241,ok
BPI_Challenge_2013_closed_problems,toothpaste,activity_frequency_gradual,0.9,voidmass_deficit_upper,0.00042310450226068497,1241,ok
BPI_Challenge_2013_closed_problems,toothpaste,activity_frequency_gradual,0.9,voidmass_movecount,0.000390093307942152,1241,ok
BPI_Challenge_2013_closed_problems,toothpaste,activity_frequency_gradual,0.9,voidmass_movecount_bound,0.0004177931696176529,1241,ok
BPI_Challenge_2013_closed_problems,toothpaste,activity_frequency_gradual,0.9,voidmass_process_lower,0.0004382031038403511,1241,ok
BPI_Challenge_2013_closed_problems,toothpaste,activity_frequency_gradual,0.9,voidmass_process_upper,0.00040570320561528206,1241,ok
BPI_Challenge_2013_closed_problems,toothpaste,activity_frequency_gradual,0.9,voidsalign3,0.006065597757697105,1241,ok
BPI_Challenge_2013_closed_problems,toothpaste,activity_frequency_gradual,0.9,voidsat2,0.8230846961959566,1241,ok
BPI_Challenge_2013_closed_problems,toothpaste,activity_frequency_gradual,0.9,weight_voidage,0.006945105735212067,1241,ok
BPI_Challenge_2013_closed_problems,toothpaste,activity_gradual,0.1,aligned_duration_cache,1.0606254003942013,1,ok
BPI_Challenge_2013_closed_problems,toothpaste,activity_gradual,0.1,alignment_coverage_pn2_lower,0.4483779165893175,1241,ok
BPI_Challenge_2013_closed_problems,toothpaste,activity_gradual,0.1,alignment_coverage_pn2_upper,0.2900328948161857,1241,ok
BPI_Challenge_2013_closed_problems,toothpaste,activity_gradual,0.1,classical,1366.4196488000453,1,ok
BPI_Challenge_2013_closed_problems,toothpaste,activity_gradual,0.1,dv,115.7115611000918,1,ok
BPI_Challenge_2013_closed_problems,toothpaste,activity_gradual,0.1,executions_cache,0.0005605998449027,1,ok
BPI_Challenge_2013_closed_problems,toothpaste,activity_gradual,0.1,matchprob,0.0004818020388484001,1241,ok
BPI_Challenge_2013_closed_problems,toothpaste,activity_gradual,0.1,mean_leaf_skipprob,0.0002172999083995,1,ok
BPI_Challenge_2013_closed_problems,toothpaste,activity_gradual,0.1,salign_coverage,1.0283849909901,1241,ok
BPI_Challenge_2013_closed_problems,toothpaste,activity_gradual,0.1,skipprob,0.0005640960298478603,1241,ok
BPI_Challenge_2013_closed_problems,toothpaste,activity_gradual,0.1,traces,1.0598889999091623,1,ok
BPI_Challenge_2013_closed_problems,toothpaste,activity_gradual,0.1,voidmass_deficit_lower,0.0019224961288273335,1241,ok
BPI_Challenge_2013_closed_problems,toothpaste,activity_gradual,0.1,voidmass_deficit_upper,0.0006012152880430222,1241,ok
BPI_Challenge_2013_closed_problems,toothpaste,activity_gradual,0.1,voidmass_movecount,0.0005914974026381969,1241,ok
BPI_Challenge_2013_closed_problems,toothpaste,activity_gradual,0.1,voidmass_movecount_bound,0.0005555041134357452,1241,ok
BPI_Challenge_2013_closed_problems,toothpaste,activity_gradual,0.1,voidmass_process_lower,0.0006460943259298801,1241,ok
BPI_Challenge_2013_closed_problems,toothpaste,activity_gradual,0.1,voidmass_process_upper,0.0005092979408800602,1241,ok
BPI_Challenge_2013_closed_problems,toothpaste,activity_gradual,0.1,voidsalign3,0.4114358015357803,1241,ok
BPI_Challenge_2013_closed_problems,toothpaste,activity_gradual,0.1,voidsat2,3.644498491659699,1241,ok
BPI_Challenge_2013_closed_problems,toothpaste,activity_gradual,0.1,weight_voidage,0.00869179191067783,1241,ok
BPI_Challenge_2013_closed_problems,toothpaste,activity_gradual,0.2,aligned_duration_cache,1.0777944000437856,1,ok
BPI_Challenge_2013_closed_problems,toothpaste,activity_gradual,0.2,alignment_coverage_pn2_lower,0.4145802995189387,1241,ok
BPI_Challenge_2013_closed_problems,toothpaste,activity_gradual,0.2,alignment_coverage_pn2_upper,0.1633990961126351,1241,ok
BPI_Challenge_2013_closed_problems,toothpaste,activity_gradual,0.2,classical,967.4269501999952,1,ok
BPI_Challenge_2013_closed_problems,toothpaste,activity_gradual,0.2,dv,50.79638599976897,1,ok
BPI_Challenge_2013_closed_problems,toothpaste,activity_gradual,0.2,executions_cache,0.000599400140345,1,ok
BPI_Challenge_2013_closed_problems,toothpaste,activity_gradual,0.2,matchprob,0.00044509489089250565,1241,ok
BPI_Challenge_2013_closed_problems,toothpaste,activity_gradual,0.2,mean_leaf_skipprob,0.0002180999144911,1,ok
BPI_Challenge_2013_closed_problems,toothpaste,activity_gradual,0.2,salign_coverage,0.5577725959009814,1241,ok
BPI_Challenge_2013_closed_problems,toothpaste,activity_gradual,0.2,skipprob,0.0005072047933936119,1241,ok
BPI_Challenge_2013_closed_problems,toothpaste,activity_gradual,0.2,traces,1.0770408003591,1,ok
BPI_Challenge_2013_closed_problems,toothpaste,activity_gradual,0.2,voidmass_deficit_lower,0.0016313050873577595,1241,ok
BPI_Challenge_2013_closed_problems,toothpaste,activity_gradual,0.2,voidmass_deficit_upper,0.0005416120402514935,1241,ok
BPI_Challenge_2013_closed_problems,toothpaste,activity_gradual,0.2,voidmass_movecount,0.0005266047082841396,1241,ok
BPI_Challenge_2013_closed_problems,toothpaste,activity_gradual,0.2,voidmass_movecount_bound,0.0005120933055877686,1241,ok
BPI_Challenge_2013_closed_problems,toothpaste,activity_gradual,0.2,voidmass_process_lower,0.000572896096855402,1241,ok
BPI_Challenge_2013_closed_problems,toothpaste,activity_gradual,0.2,voidmass_process_upper,0.00046809157356619835,1241,ok
BPI_Challenge_2013_closed_problems,toothpaste,activity_gradual,0.2,voidsalign3,0.1961249089799201,1241,ok
BPI_Challenge_2013_closed_problems,toothpaste,activity_gradual,0.2,voidsat2,3.1977851982227827,1241,ok
BPI_Challenge_2013_closed_problems,toothpaste,activity_gradual,0.2,weight_voidage,0.007758402265607856,1241,ok
BPI_Challenge_2013_closed_problems,toothpaste,activity_gradual,0.3,aligned_duration_cache,1.0806657001376152,1,ok
BPI_Challenge_2013_closed_problems,toothpaste,activity_gradual,0.3,alignment_coverage_pn2_lower,0.2845848063006382,1241,ok
BPI_Challenge_2013_closed_problems,toothpaste,activity_gradual,0.3,alignment_coverage_pn2_upper,0.09366489574313028,1241,ok
BPI_Challenge_2013_closed_problems,toothpaste,activity_gradual,0.3,classical,509.3214416000992,1,ok
BPI_Challenge_2013_closed_problems,toothpaste,activity_gradual,0.3,dv,41.51220480026677,1,ok
BPI_Challenge_2013_closed_problems,toothpaste,activity_gradual,0.3,executions_cache,0.0005983002483844,1,ok
BPI_Challenge_2013_closed_problems,toothpaste,activity_gradual,0.3,matchprob,0.00045259715989232063,1241,ok
BPI_Challenge_2013_closed_problems,toothpaste,activity_gradual,0.3,mean_leaf_skipprob,0.0002248003147542,1,ok
BPI_Challenge_2013_closed_problems,toothpaste,activity_gradual,0.3,salign_coverage,0.6599724874831119,1241,ok
BPI_Challenge_2013_closed_problems,toothpaste,activity_gradual,0.3,skipprob,0.0005006873980164528,1241,ok
BPI_Challenge_2013_closed_problems,toothpaste,activity_gradual,0.3,traces,1.0799290002323687,1,ok
BPI_Challenge_2013_closed_problems,toothpaste,activity_gradual,0.3,voidmass_deficit_lower,0.0015333876945078373,1241,ok
BPI_Challenge_2013_closed_problems,toothpaste,activity_gradual,0.3,voidmass_deficit_upper,0.0005385973490774632,1241,ok
BPI_Challenge_2013_closed_problems,toothpaste,activity_gradual,0.3,voidmass_movecount,0.0005270037800073624,1241,ok
BPI_Challenge_2013_closed_problems,toothpaste,activity_gradual,0.3,voidmass_movecount_bound,0.0005404986441135406,1241,ok
BPI_Challenge_2013_closed_problems,toothpaste,activity_gradual,0.3,voidmass_process_lower,0.0005664997734129429,1241,ok
BPI_Challenge_2013_closed_problems,toothpaste,activity_gradual,0.3,voidmass_process_upper,0.0004783971235156059,1241,ok
BPI_Challenge_2013_closed_problems,toothpaste,activity_gradual,0.3,voidsalign3,0.11704520229249794,1241,ok
BPI_Challenge_2013_closed_problems,toothpaste,activity_gradual,0.3,voidsat2,3.0410987026988834,1241,ok
BPI_Challenge_2013_closed_problems,toothpaste,activity_gradual,0.3,weight_voidage,0.0076743829995389425,1241,ok
BPI_Challenge_2013_closed_problems,toothpaste,activity_gradual,0.4,aligned_duration_cache,1.1179714002646506,1,ok
BPI_Challenge_2013_closed_problems,toothpaste,activity_gradual,0.4,alignment_coverage_pn2_lower,0.1271835044026329,1241,ok
BPI_Challenge_2013_closed_problems,toothpaste,activity_gradual,0.4,alignment_coverage_pn2_upper,0.06294150371104426,1241,ok
BPI_Challenge_2013_closed_problems,toothpaste,activity_gradual,0.4,classical,329.07760410010815,1,ok
BPI_Challenge_2013_closed_problems,toothpaste,activity_gradual,0.4,dv,32.85854009957984,1,ok
BPI_Challenge_2013_closed_problems,toothpaste,activity_gradual,0.4,executions_cache,0.0006331000477075,1,ok
BPI_Challenge_2013_closed_problems,toothpaste,activity_gradual,0.4,matchprob,0.00043779006227850914,1241,ok
BPI_Challenge_2013_closed_problems,toothpaste,activity_gradual,0.4,mean_leaf_skipprob,0.0002168999053537,1,ok
BPI_Challenge_2013_closed_problems,toothpaste,activity_gradual,0.4,salign_coverage,0.1703918925485906,1241,ok
BPI_Challenge_2013_closed_problems,toothpaste,activity_gradual,0.4,skipprob,0.0004796944558620453,1241,ok
BPI_Challenge_2013_closed_problems,toothpaste,activity_gradual,0.4,traces,1.1171748000197113,1,ok
BPI_Challenge_2013_closed_problems,toothpaste,activity_gradual,0.4,voidmass_deficit_lower,0.0014204899780452251,1241,ok
BPI_Challenge_2013_closed_problems,toothpaste,activity_gradual,0.4,voidmass_deficit_upper,0.0005035987123847008,1241,ok
BPI_Challenge_2013_closed_problems,toothpaste,activity_gradual,0.4,voidmass_movecount,0.0005044955760240555,1241,ok
BPI_Challenge_2013_closed_problems,toothpaste,activity_gradual,0.4,voidmass_movecount_bound,0.0004844018258154392,1241,ok
BPI_Challenge_2013_closed_problems,toothpaste,activity_gradual,0.4,voidmass_process_lower,0.0005542952567338943,1241,ok
BPI_Challenge_2013_closed_problems,toothpaste,activity_gradual,0.4,voidmass_process_upper,0.0004436965100467205,1241,ok
BPI_Challenge_2013_closed_problems,toothpaste,activity_gradual,0.4,voidsalign3,0.07191691175103057,1241,ok
BPI_Challenge_2013_closed_problems,toothpaste,activity_gradual,0.4,voidsat2,2.887771314475624,1241,ok
BPI_Challenge_2013_closed_problems,toothpaste,activity_gradual,0.4,weight_voidage,0.007428406272083009,1241,ok
BPI_Challenge_2013_closed_problems,toothpaste,activity_gradual,0.5,aligned_duration_cache,1.0438028001226485,1,ok
BPI_Challenge_2013_closed_problems,toothpaste,activity_gradual,0.5,alignment_coverage_pn2_lower,0.37246999843046025,1241,ok
BPI_Challenge_2013_closed_problems,toothpaste,activity_gradual,0.5,alignment_coverage_pn2_upper,0.026712804567068538,1241,ok
BPI_Challenge_2013_closed_problems,toothpaste,activity_gradual,0.5,classical,120.31189769972116,1,ok
BPI_Challenge_2013_closed_problems,toothpaste,activity_gradual,0.5,dv,20.08476509992033,1,ok
BPI_Challenge_2013_closed_problems,toothpaste,activity_gradual,0.5,executions_cache,0.0005427002906799,1,ok
BPI_Challenge_2013_closed_problems,toothpaste,activity_gradual,0.5,matchprob,0.00040380191057920456,1241,ok
BPI_Challenge_2013_closed_problems,toothpaste,activity_gradual,0.5,mean_leaf_skipprob,0.0002230997197329,1,ok
BPI_Challenge_2013_closed_problems,toothpaste,activity_gradual,0.5,salign_coverage,0.06835799524560521,1241,ok
BPI_Challenge_2013_closed_problems,toothpaste,activity_gradual,0.5,skipprob,0.0004590949974954128,1241,ok
BPI_Challenge_2013_closed_problems,toothpaste,activity_gradual,0.5,traces,1.0429895999841392,1,ok
BPI_Challenge_2013_closed_problems,toothpaste,activity_gradual,0.5,voidmass_deficit_lower,0.001364599447697401,1241,ok
BPI_Challenge_2013_closed_problems,toothpaste,activity_gradual,0.5,voidmass_deficit_upper,0.0004919855855405331,1241,ok
BPI_Challenge_2013_closed_problems,toothpaste,activity_gradual,0.5,voidmass_movecount,0.000481494702398777,1241,ok
BPI_Challenge_2013_closed_problems,toothpaste,activity_gradual,0.5,voidmass_movecount_bound,0.0004948098212480545,1241,ok
BPI_Challenge_2013_closed_problems,toothpaste,activity_gradual,0.5,voidmass_process_lower,0.0005290014669299126,1241,ok
BPI_Challenge_2013_closed_problems,toothpaste,activity_gradual,0.5,voidmass_process_upper,0.00044859806075692177,1241,ok
BPI_Challenge_2013_closed_problems,toothpaste,activity_gradual,0.5,voidsalign3,0.029030787758528815,1241,ok
BPI_Challenge_2013_closed_problems,toothpaste,activity_gradual,0.5,voidsat2,2.704109892714707,1241,ok
BPI_Challenge_2013_closed_problems,toothpaste,activity_gradual,0.5,weight_voidage,0.007104886695742282,1241,ok
BPI_Challenge_2013_closed_problems,toothpaste,activity_gradual,0.6,aligned_duration_cache,1.056967199780047,1,ok
BPI_Challenge_2013_closed_problems,toothpaste,activity_gradual,0.6,alignment_coverage_pn2_lower,0.0990660847164682,1241,ok
BPI_Challenge_2013_closed_problems,toothpaste,activity_gradual,0.6,alignment_coverage_pn2_upper,0.024369489401578612,1241,ok
BPI_Challenge_2013_closed_problems,toothpaste,activity_gradual,0.6,classical,200.74053010018545,1,ok
BPI_Challenge_2013_closed_problems,toothpaste,activity_gradual,0.6,dv,20.57000819966197,1,ok
BPI_Challenge_2013_closed_problems,toothpaste,activity_gradual,0.6,executions_cache,0.0006176000460982,1,ok
BPI_Challenge_2013_closed_problems,toothpaste,activity_gradual,0.6,matchprob,0.00043669063597917557,1241,ok
BPI_Challenge_2013_closed_problems,toothpaste,activity_gradual,0.6,mean_leaf_skipprob,0.0002267998643219,1,ok
BPI_Challenge_2013_closed_problems,toothpaste,activity_gradual,0.6,salign_coverage,0.14811510127037703,1241,ok
BPI_Challenge_2013_closed_problems,toothpaste,activity_gradual,0.6,skipprob,0.0004894929006695747,1241,ok
BPI_Challenge_2013_closed_problems,toothpaste,activity_gradual,0.6,traces,1.0562567999586463,1,ok
BPI_Challenge_2013_closed_problems,toothpaste,activity_gradual,0.6,voidmass_deficit_lower,0.001472995150834322,1241,ok
BPI_Challenge_2013_closed_problems,toothpaste,activity_gradual,0.6,voidmass_deficit_upper,0.0005024904385209084,1241,ok
BPI_Challenge_2013_closed_problems,toothpaste,activity_gradual,0.6,voidmass_movecount,0.0004933946765959263,1241,ok
BPI_Challenge_2013_closed_problems,toothpaste,activity_gradual,0.6,voidmass_movecount_bound,0.0005161887966096401,1241,ok
BPI_Challenge_2013_closed_problems,toothpaste,activity_gradual,0.6,voidmass_process_lower,0.0005538957193493843,1241,ok
BPI_Challenge_2013_closed_problems,toothpaste,activity_gradual,0.6,voidmass_process_upper,0.00046219537034630775,1241,ok
BPI_Challenge_2013_closed_problems,toothpaste,activity_gradual,0.6,voidsalign3,0.027173204813152312,1241,ok
BPI_Challenge_2013_closed_problems,toothpaste,activity_gradual,0.6,voidsat2,2.7728168042376016,1241,ok
BPI_Challenge_2013_closed_problems,toothpaste,activity_gradual,0.6,weight_voidage,0.0076241036877032625,1241,ok
BPI_Challenge_2013_closed_problems,toothpaste,activity_gradual,0.7,aligned_duration_cache,1.1101122996769843,1,ok
BPI_Challenge_2013_closed_problems,toothpaste,activity_gradual,0.7,alignment_coverage_pn2_lower,0.06268899980932424,1241,ok
BPI_Challenge_2013_closed_problems,toothpaste,activity_gradual,0.7,alignment_coverage_pn2_upper,0.019588297232985143,1241,ok
BPI_Challenge_2013_closed_problems,toothpaste,activity_gradual,0.7,classical,92.07378869969398,1,ok
BPI_Challenge_2013_closed_problems,toothpaste,activity_gradual,0.7,dv,18.74927130015567,1,ok
BPI_Challenge_2013_closed_problems,toothpaste,activity_gradual,0.7,executions_cache,0.0005870000459253,1,ok
BPI_Challenge_2013_closed_problems,toothpaste,activity_gradual,0.7,matchprob,0.00042230309918522835,1241,ok
BPI_Challenge_2013_closed_problems,toothpaste,activity_gradual,0.7,mean_leaf_skipprob,0.0002170000225305,1,ok
BPI_Challenge_2013_closed_problems,toothpaste,activity_gradual,0.7,salign_coverage,0.052139801904558664,1241,ok
BPI_Challenge_2013_closed_problems,toothpaste,activity_gradual,0.7,skipprob,0.00046281004324555397,1241,ok
BPI_Challenge_2013_closed_problems,toothpaste,activity_gradual,0.7,traces,1.1092496002092955,1,ok
BPI_Challenge_2013_closed_problems,toothpaste,activity_gradual,0.7,voidmass_deficit_lower,0.0013447985984385014,1241,ok
BPI_Challenge_2013_closed_problems,toothpaste,activity_gradual,0.7,voidmass_deficit_upper,0.0004839976318180561,1241,ok
BPI_Challenge_2013_closed_problems,toothpaste,activity_gradual,0.7,voidmass_movecount,0.00048719486221671104,1241,ok
BPI_Challenge_2013_closed_problems,toothpaste,activity_gradual,0.7,voidmass_movecount_bound,0.0005045877769589424,1241,ok
BPI_Challenge_2013_closed_problems,toothpaste,activity_gradual,0.7,voidmass_process_lower,0.0005479971878230572,1241,ok
BPI_Challenge_2013_closed_problems,toothpaste,activity_gradual,0.7,voidmass_process_upper,0.0004457063041627407,1241,ok
BPI_Challenge_2013_closed_problems,toothpaste,activity_gradual,0.7,voidsalign3,0.021572794299572377,1241,ok
BPI_Challenge_2013_closed_problems,toothpaste,activity_gradual,0.7,voidsat2,2.7690167953259626,1241,ok
BPI_Challenge_2013_closed_problems,toothpaste,activity_gradual,0.7,weight_voidage,0.007177704945206268,1241,ok
BPI_Challenge_2013_closed_problems,toothpaste,activity_gradual,0.8,aligned_duration_cache,1.0307010998949409,1,ok
BPI_Challenge_2013_closed_problems,toothpaste,activity_gradual,0.8,alignment_coverage_pn2_lower,0.03825218882411671,1241,ok
BPI_Challenge_2013_closed_problems,toothpaste,activity_gradual,0.8,alignment_coverage_pn2_upper,0.01587019907310591,1241,ok
BPI_Challenge_2013_closed_problems,toothpaste,activity_gradual,0.8,classical,54.81143359979615,1,ok
BPI_Challenge_2013_closed_problems,toothpaste,activity_gradual,0.8,dv,16.576210299972445,1,ok
BPI_Challenge_2013_closed_problems,toothpaste,activity_gradual,0.8,executions_cache,0.000501699745655,1,ok
BPI_Challenge_2013_closed_problems,toothpaste,activity_gradual,0.8,matchprob,0.0005093994550406933,1241,ok
BPI_Challenge_2013_closed_problems,toothpaste,activity_gradual,0.8,mean_leaf_skipprob,0.0002223001793026,1,ok
BPI_Challenge_2013_closed_problems,toothpaste,activity_gradual,0.8,salign_coverage,0.0929205962456759,1241,ok
BPI_Challenge_2013_closed_problems,toothpaste,activity_gradual,0.8,skipprob,0.0005753994919359684,1241,ok
BPI_Challenge_2013_closed_problems,toothpaste,activity_gradual,0.8,traces,1.0293013001792133,1,ok
BPI_Challenge_2013_closed_problems,toothpaste,activity_gradual,0.8,voidmass_deficit_lower,0.0016216197982430458,1241,ok
BPI_Challenge_2013_closed_problems,toothpaste,activity_gradual,0.8,voidmass_deficit_upper,0.0005985992029309273,1241,ok
BPI_Challenge_2013_closed_problems,toothpaste,activity_gradual,0.8,voidmass_movecount,0.0005967989563941956,1241,ok
BPI_Challenge_2013_closed_problems,toothpaste,activity_gradual,0.8,voidmass_movecount_bound,0.0005724066868424416,1241,ok
BPI_Challenge_2013_closed_problems,toothpaste,activity_gradual,0.8,voidmass_process_lower,0.000610200222581625,1241,ok
BPI_Challenge_2013_closed_problems,toothpaste,activity_gradual,0.8,voidmass_process_upper,0.0005204947665333748,1241,ok
BPI_Challenge_2013_closed_problems,toothpaste,activity_gradual,0.8,voidsalign3,0.01855979626998266,1241,ok
BPI_Challenge_2013_closed_problems,toothpaste,activity_gradual,0.8,voidsat2,2.7179159112274025,1241,ok
BPI_Challenge_2013_closed_problems,toothpaste,activity_gradual,0.8,weight_voidage,0.008569005876779265,1241,ok
BPI_Challenge_2013_closed_problems,toothpaste,activity_gradual,0.9,aligned_duration_cache,0.7331896000541747,1,ok
BPI_Challenge_2013_closed_problems,toothpaste,activity_gradual,0.9,alignment_coverage_pn2_lower,0.015800608787685595,1241,ok
BPI_Challenge_2013_closed_problems,toothpaste,activity_gradual,0.9,alignment_coverage_pn2_upper,0.007960191462188959,1241,ok
BPI_Challenge_2013_closed_problems,toothpaste,activity_gradual,0.9,classical,13.711284700315446,1,ok
BPI_Challenge_2013_closed_problems,toothpaste,activity_gradual,0.9,dv,12.326413600239905,1,ok
BPI_Challenge_2013_closed_problems,toothpaste,activity_gradual,0.9,executions_cache,0.0005143000744283,1,ok
BPI_Challenge_2013_closed_problems,toothpaste,activity_gradual,0.9,matchprob,0.0003987927921116352,1241,ok
BPI_Challenge_2013_closed_problems,toothpaste,activity_gradual,0.9,mean_leaf_skipprob,0.0002302001230418,1,ok
BPI_Challenge_2013_closed_problems,toothpaste,activity_gradual,0.9,salign_coverage,0.0854747891426085,1241,ok
BPI_Challenge_2013_closed_problems,toothpaste,activity_gradual,0.9,skipprob,0.0004488108679652214,1241,ok
BPI_Challenge_2013_closed_problems,toothpaste,activity_gradual,0.9,traces,0.7324634003452957,1,ok
BPI_Challenge_2013_closed_problems,toothpaste,activity_gradual,0.9,voidmass_deficit_lower,0.0010633044876158237,1241,ok
BPI_Challenge_2013_closed_problems,toothpaste,activity_gradual,0.9,voidmass_deficit_upper,0.00047500012442469597,1241,ok
BPI_Challenge_2013_closed_problems,toothpaste,activity_gradual,0.9,voidmass_movecount,0.0004928023554384708,1241,ok
BPI_Challenge_2013_closed_problems,toothpaste,activity_gradual,0.9,voidmass_movecount_bound,0.0004496956244111061,1241,ok
BPI_Challenge_2013_closed_problems,toothpaste,activity_gradual,0.9,voidmass_process_lower,0.0004907003603875637,1241,ok
BPI_Challenge_2013_closed_problems,toothpaste,activity_gradual,0.9,voidmass_process_upper,0.00044250302016735077,1241,ok
BPI_Challenge_2013_closed_problems,toothpaste,activity_gradual,0.9,voidsalign3,0.01024359744042152,1241,ok
BPI_Challenge_2013_closed_problems,toothpaste,activity_gradual,0.9,voidsat2,1.6433454938232277,1241,ok
BPI_Challenge_2013_closed_problems,toothpaste,activity_gradual,0.9,weight_voidage,0.006634694058447726,1241,ok
BPI_Challenge_2013_closed_problems,toothpaste,trace,0.1,aligned_duration_cache,1.0594950001686811,1,ok
BPI_Challenge_2013_closed_problems,toothpaste,trace,0.1,alignment_coverage_pn2_lower,0.4027322102337448,1241,ok
BPI_Challenge_2013_closed_problems,toothpaste,trace,0.1,alignment_coverage_pn2_upper,0.2268099966458379,1241,ok
BPI_Challenge_2013_closed_problems,toothpaste,trace,0.1,classical,430.2581158000976,1,ok
BPI_Challenge_2013_closed_problems,toothpaste,trace,0.1,dv,41.74857660010457,1,ok
BPI_Challenge_2013_closed_problems,toothpaste,trace,0.1,executions_cache,0.0005175000987946,1,ok
BPI_Challenge_2013_closed_problems,toothpaste,trace,0.1,matchprob,0.000463306438177824,1241,ok
BPI_Challenge_2013_closed_problems,toothpaste,trace,0.1,mean_leaf_skipprob,0.0002083000726997,1,ok
BPI_Challenge_2013_closed_problems,toothpaste,trace,0.1,salign_coverage,0.9503034134394809,1241,ok
BPI_Challenge_2013_closed_problems,toothpaste,trace,0.1,skipprob,0.0005334066227078438,1241,ok
BPI_Challenge_2013_closed_problems,toothpaste,trace,0.1,traces,1.058810600079596,1,ok
BPI_Challenge_2013_closed_problems,toothpaste,trace,0.1,voidmass_deficit_lower,0.0017171991057693958,1241,ok
BPI_Challenge_2013_closed_problems,toothpaste,trace,0.1,voidmass_deficit_upper,0.0005892994813621044,1241,ok
BPI_Challenge_2013_closed_problems,toothpaste,trace,0.1,voidmass_movecount,0.0005479915998876095,1241,ok
BPI_Challenge_2013_closed_problems,toothpaste,trace,0.1,voidmass_movecount_bound,0.0005410970188677311,1241,ok
BPI_Challenge_2013_closed_problems,toothpaste,trace,0.1,voidmass_process_lower,0.0005709049291908741,1241,ok
BPI_Challenge_2013_closed_problems,toothpaste,trace,0.1,voidmass_process_upper,0.00048569822683930397,1241,ok
BPI_Challenge_2013_closed_problems,toothpaste,trace,0.1,voidsalign3,0.2504326016641521,1241,ok
BPI_Challenge_2013_closed_problems,toothpaste,trace,0.1,voidsat2,2.9870351040735232,1241,ok
BPI_Challenge_2013_closed_problems,toothpaste,trace,0.1,weight_voidage,0.007987302727996899,1241,ok
BPI_Challenge_2013_closed_problems,toothpaste,trace,0.2,aligned_duration_cache,0.9278364996425807,1,ok
BPI_Challenge_2013_closed_problems,toothpaste,trace,0.2,alignment_coverage_pn2_lower,0.3120916909537601,1241,ok
BPI_Challenge_2013_closed_problems,toothpaste,trace,0.2,alignment_coverage_pn2_upper,0.2134773097931743,1241,ok
BPI_Challenge_2013_closed_problems,toothpaste,trace,0.2,classical,403.6921183997765,1,ok
BPI_Challenge_2013_closed_problems,toothpaste,trace,0.2,dv,40.470383199863136,1,ok
BPI_Challenge_2013_closed_problems,toothpaste,trace,0.2,executions_cache,0.0005243001505732,1,ok
BPI_Challenge_2013_closed_problems,toothpaste,trace,0.2,matchprob,0.00044839177280664444,1241,ok
BPI_Challenge_2013_closed_problems,toothpaste,trace,0.2,mean_leaf_skipprob,0.0002069999463856,1,ok
BPI_Challenge_2013_closed_problems,toothpaste,trace,0.2,salign_coverage,0.6119667021557065,1241,ok
BPI_Challenge_2013_closed_problems,toothpaste,trace,0.2,skipprob,0.0005083931609988213,1241,ok
BPI_Challenge_2013_closed_problems,toothpaste,trace,0.2,traces,0.9269260000437498,1,ok
BPI_Challenge_2013_closed_problems,toothpaste,trace,0.2,voidmass_deficit_lower,0.0016694078221917152,1241,ok
BPI_Challenge_2013_closed_problems,toothpaste,trace,0.2,voidmass_deficit_upper,0.000546592753380537,1241,ok
BPI_Challenge_2013_closed_problems,toothpaste,trace,0.2,voidmass_movecount,0.0005383938550949097,1241,ok
BPI_Challenge_2013_closed_problems,toothpaste,trace,0.2,voidmass_movecount_bound,0.0005131037905812263,1241,ok
BPI_Challenge_2013_closed_problems,toothpaste,trace,0.2,voidmass_process_lower,0.0005583935417234898,1241,ok
BPI_Challenge_2013_closed_problems,toothpaste,trace,0.2,voidmass_process_upper,0.0004740930162370205,1241,ok
BPI_Challenge_2013_closed_problems,toothpaste,trace,0.2,voidsalign3,0.2345609045586845,1241,ok
BPI_Challenge_2013_closed_problems,toothpaste,trace,0.2,voidsat2,2.691886803600875,1241,ok
BPI_Challenge_2013_closed_problems,toothpaste,trace,0.2,weight_voidage,0.008017207961529032,1241,ok
BPI_Challenge_2013_closed_problems,toothpaste,trace,0.3,aligned_duration_cache,0.7811773000285029,1,ok
BPI_Challenge_2013_closed_problems,toothpaste,trace,0.3,alignment_coverage_pn2_lower,0.43881268938997003,1241,ok
BPI_Challenge_2013_closed_problems,toothpaste,trace,0.3,alignment_coverage_pn2_upper,0.1941458061336841,1241,ok
BPI_Challenge_2013_closed_problems,toothpaste,trace,0.3,classical,364.66996999969706,1,ok
BPI_Challenge_2013_closed_problems,toothpaste,trace,0.3,dv,37.76474819984287,1,ok
BPI_Challenge_2013_closed_problems,toothpaste,trace,0.3,executions_cache,0.0005596000701189,1,ok
BPI_Challenge_2013_closed_problems,toothpaste,trace,0.3,matchprob,0.0004138057120144367,1241,ok
BPI_Challenge_2013_closed_problems,toothpaste,trace,0.3,mean_leaf_skipprob,0.0002035000361502,1,ok
BPI_Challenge_2013_closed_problems,toothpaste,trace,0.3,salign_coverage,0.5587888029403374,1241,ok
BPI_Challenge_2013_closed_problems,toothpaste,trace,0.3,skipprob,0.00045200949534773827,1241,ok
BPI_Challenge_2013_closed_problems,toothpaste,trace,0.3,traces,0.7803336000069976,1,ok
BPI_Challenge_2013_closed_problems,toothpaste,trace,0.3,voidmass_deficit_lower,0.0015601851046085358,1241,ok
BPI_Challenge_2013_closed_problems,toothpaste,trace,0.3,voidmass_deficit_upper,0.0005264957435429096,1241,ok
BPI_Challenge_2013_closed_problems,toothpaste,trace,0.3,voidmass_movecount,0.0005168020725250244,1241,ok
BPI_Challenge_2013_closed_problems,toothpaste,trace,0.3,voidmass_movecount_bound,0.0004978105425834656,1241,ok
BPI_Challenge_2013_closed_problems,toothpaste,trace,0.3,voidmass_process_lower,0.0005390089936554432,1241,ok
BPI_Challenge_2013_closed_problems,toothpaste,trace,0.3,voidmass_process_upper,0.00044309766963124275,1241,ok
BPI_Challenge_2013_closed_problems,toothpaste,trace,0.3,voidsalign3,0.1962918019852907,1241,ok
BPI_Challenge_2013_closed_problems,toothpaste,trace,0.3,voidsat2,2.2975901863537116,1241,ok
BPI_Challenge_2013_closed_problems,toothpaste,trace,0.3,weight_voidage,0.00714570470154247,1241,ok
BPI_Challenge_2013_closed_problems,toothpaste,trace,0.4,aligned_duration_cache,0.6768208998255432,1,ok
BPI_Challenge_2013_closed_problems,toothpaste,trace,0.4,alignment_coverage_pn2_lower,0.2442952170967453,1241,ok
BPI_Challenge_2013_closed_problems,toothpaste,trace,0.4,alignment_coverage_pn2_upper,0.1581883905454864,1241,ok
BPI_Challenge_2013_closed_problems,toothpaste,trace,0.4,classical,315.6182182999328,1,ok
BPI_Challenge_2013_closed_problems,toothpaste,trace,0.4,dv,33.48491490026936,1,ok
BPI_Challenge_2013_closed_problems,toothpaste,trace,0.4,executions_cache,0.0005834000185132,1,ok
BPI_Challenge_2013_closed_problems,toothpaste,trace,0.4,matchprob,0.000441801268607378,1241,ok
BPI_Challenge_2013_closed_problems,toothpaste,trace,0.4,mean_leaf_skipprob,0.0002124002203345,1,ok
BPI_Challenge_2013_closed_problems,toothpaste,trace,0.4,salign_coverage,0.316288402303992,1241,ok
BPI_Challenge_2013_closed_problems,toothpaste,trace,0.4,skipprob,0.0005017048679292202,1241,ok
BPI_Challenge_2013_closed_problems,toothpaste,trace,0.4,traces,0.6758140996098518,1,ok
BPI_Challenge_2013_closed_problems,toothpaste,trace,0.4,voidmass_deficit_lower,0.0016322019509971142,1241,ok
BPI_Challenge_2013_closed_problems,toothpaste,trace,0.4,voidmass_deficit_upper,0.0005320999771356583,1241,ok
BPI_Challenge_2013_closed_problems,toothpaste,trace,0.4,voidmass_movecount,0.0005428013391792774,1241,ok
BPI_Challenge_2013_closed_problems,toothpaste,trace,0.4,voidmass_movecount_bound,0.0005154996179044247,1241,ok
BPI_Challenge_2013_closed_problems,toothpaste,trace,0.4,voidmass_process_lower,0.0005474947392940521,1241,ok
BPI_Challenge_2013_closed_problems,toothpaste,trace,0.4,voidmass_process_upper,0.0004510064609348774,1241,ok
BPI_Challenge_2013_closed_problems,toothpaste,trace,0.4,voidsalign3,0.1735006077214469,1241,ok
BPI_Challenge_2013_closed_problems,toothpaste,trace,0.4,voidsat2,2.01450441451737,1241,ok
BPI_Challenge_2013_closed_problems,toothpaste,trace,0.4,weight_voidage,0.0077341008000069945,1241,ok
BPI_Challenge_2013_closed_problems,toothpaste,trace,0.5,aligned_duration_cache,0.5457787001505494,1,ok
BPI_Challenge_2013_closed_problems,toothpaste,trace,0.5,alignment_coverage_pn2_lower,0.2271424932404739,1241,ok
BPI_Challenge_2013_closed_problems,toothpaste,trace,0.5,alignment_coverage_pn2_upper,0.13704969780515297,1241,ok
BPI_Challenge_2013_closed_problems,toothpaste,trace,0.5,classical,297.97863150015473,1,ok
BPI_Challenge_2013_closed_problems,toothpaste,trace,0.5,dv,30.807483000215143,1,ok
BPI_Challenge_2013_closed_problems,toothpaste,trace,0.5,executions_cache,0.0005707996897399,1,ok
BPI_Challenge_2013_closed_problems,toothpaste,trace,0.5,matchprob,0.00043610576540231705,1241,ok
BPI_Challenge_2013_closed_problems,toothpaste,trace,0.5,mean_leaf_skipprob,0.0002072998322546,1,ok
BPI_Challenge_2013_closed_problems,toothpaste,trace,0.5,salign_coverage,0.4867788916453109,1241,ok
BPI_Challenge_2013_closed_problems,toothpaste,trace,0.5,skipprob,0.00047168461605906487,1241,ok
BPI_Challenge_2013_closed_problems,toothpaste,trace,0.5,traces,0.5449117999523878,1,ok
BPI_Challenge_2013_closed_problems,toothpaste,trace,0.5,voidmass_deficit_lower,0.0015436066314578056,1241,ok
BPI_Challenge_2013_closed_problems,toothpaste,trace,0.5,voidmass_deficit_upper,0.0005303914658725262,1241,ok
BPI_Challenge_2013_closed_problems,toothpaste,trace,0.5,voidmass_movecount,0.00051149632781744,1241,ok
BPI_Challenge_2013_closed_problems,toothpaste,trace,0.5,voidmass_movecount_bound,0.0004958971403539181,1241,ok
BPI_Challenge_2013_closed_problems,toothpaste,trace,0.5,voidmass_process_lower,0.0005266983062028885,1241,ok
BPI_Challenge_2013_closed_problems,toothpaste,trace,0.5,voidmass_process_upper,0.00045229680836200714,1241,ok
BPI_Challenge_2013_closed_problems,toothpaste,trace,0.5,voidsalign3,0.1579310027881835,1241,ok
BPI_Challenge_2013_closed_problems,toothpaste,trace,0.5,voidsat2,1.6388250882736728,1241,ok
BPI_Challenge_2013_closed_problems,toothpaste,trace,0.5,weight_voidage,0.007242191117256354,1241,ok
BPI_Challenge_2013_closed_problems,toothpaste,trace,0.6,aligned_duration_cache,0.4376326999627054,1,ok
BPI_Challenge_2013_closed_problems,toothpaste,trace,0.6,alignment_coverage_pn2_lower,0.2918658060952398,1241,ok
BPI_Challenge_2013_closed_problems,toothpaste,trace,0.6,alignment_coverage_pn2_upper,0.1290572984143956,1241,ok
BPI_Challenge_2013_closed_problems,toothpaste,trace,0.6,classical,282.12954919971526,1,ok
BPI_Challenge_2013_closed_problems,toothpaste,trace,0.6,dv,29.885963200125843,1,ok
BPI_Challenge_2013_closed_problems,toothpaste,trace,0.6,executions_cache,0.0005577001720666,1,ok
BPI_Challenge_2013_closed_problems,toothpaste,trace,0.6,matchprob,0.0004308917559683323,1241,ok
BPI_Challenge_2013_closed_problems,toothpaste,trace,0.6,mean_leaf_skipprob,0.0002045002765953,1,ok
BPI_Challenge_2013_closed_problems,toothpaste,trace,0.6,salign_coverage,1.0334579963236412,1241,ok
BPI_Challenge_2013_closed_problems,toothpaste,trace,0.6,skipprob,0.0004602004773914814,1241,ok
BPI_Challenge_2013_closed_problems,toothpaste,trace,0.6,traces,0.4368368997238576,1,ok
BPI_Challenge_2013_closed_problems,toothpaste,trace,0.6,voidmass_deficit_lower,0.001481789629906416,1241,ok
BPI_Challenge_2013_closed_problems,toothpaste,trace,0.6,voidmass_deficit_upper,0.0005269981920719147,1241,ok
BPI_Challenge_2013_closed_problems,toothpaste,trace,0.6,voidmass_movecount,0.0005401005037128925,1241,ok
BPI_Challenge_2013_closed_problems,toothpaste,trace,0.6,voidmass_movecount_bound,0.0005257995799183846,1241,ok
BPI_Challenge_2013_closed_problems,toothpaste,trace,0.6,voidmass_process_lower,0.0005486998707056046,1241,ok
BPI_Challenge_2013_closed_problems,toothpaste,trace,0.6,voidmass_process_upper,0.0004451042041182518,1241,ok
BPI_Challenge_2013_closed_problems,toothpaste,trace,0.6,voidsalign3,0.1439722962676992,1241,ok
BPI_Challenge_2013_closed_problems,toothpaste,trace,0.6,voidsat2,1.3479500967077296,1241,ok
BPI_Challenge_2013_closed_problems,toothpaste,trace,0.6,weight_voidage,0.007198291830718183,1241,ok
BPI_Challenge_2013_closed_problems,toothpaste,trace,0.7,aligned_duration_cache,0.3674685996957123,1,ok
BPI_Challenge_2013_closed_problems,toothpaste,trace,0.7,alignment_coverage_pn2_lower,0.1650631991214432,1241,ok
BPI_Challenge_2013_closed_problems,toothpaste,trace,0.7,alignment_coverage_pn2_upper,0.09579150658100544,1241,ok
BPI_Challenge_2013_closed_problems,toothpaste,trace,0.7,classical,196.0235451003537,1,ok
BPI_Challenge_2013_closed_problems,toothpaste,trace,0.7,dv,24.341421799734235,1,ok
BPI_Challenge_2013_closed_problems,toothpaste,trace,0.7,executions_cache,0.0007878998294472,1,ok
BPI_Challenge_2013_closed_problems,toothpaste,trace,0.7,matchprob,0.0004253983497619629,1241,ok
BPI_Challenge_2013_closed_problems,toothpaste,trace,0.7,mean_leaf_skipprob,0.0002180999144911,1,ok
BPI_Challenge_2013_closed_problems,toothpaste,trace,0.7,salign_coverage,0.2191529963164888,1241,ok
BPI_Challenge_2013_closed_problems,toothpaste,trace,0.7,skipprob,0.0004848027601838112,1241,ok
BPI_Challenge_2013_closed_problems,toothpaste,trace,0.7,traces,0.3666979996487498,1,ok
BPI_Challenge_2013_closed_problems,toothpaste,trace,0.7,voidmass_deficit_lower,0.0015138904564082623,1241,ok
BPI_Challenge_2013_closed_problems,toothpaste,trace,0.7,voidmass_deficit_upper,0.0005294950678944588,1241,ok
BPI_Challenge_2013_closed_problems,toothpaste,trace,0.7,voidmass_movecount,0.0005420036613941193,1241,ok
BPI_Challenge_2013_closed_problems,toothpaste,trace,0.7,voidmass_movecount_bound,0.000529400072991848,1241,ok
BPI_Challenge_2013_closed_problems,toothpaste,trace,0.7,voidmass_process_lower,0.0005574892275035381,1241,ok
BPI_Challenge_2013_closed_problems,toothpaste,trace,0.7,voidmass_process_upper,0.00046870671212673187,1241,ok
BPI_Challenge_2013_closed_problems,toothpaste,trace,0.7,voidsalign3,0.10840309737249515,1241,ok
BPI_Challenge_2013_closed_problems,toothpaste,trace,0.7,voidsat2,1.0143735851160551,1241,ok
BPI_Challenge_2013_closed_problems,toothpaste,trace,0.7,weight_voidage,0.007322101388126301,1241,ok
BPI_Challenge_2013_closed_problems,toothpaste,trace,0.8,aligned_duration_cache,0.2220986001193523,1,ok
BPI_Challenge_2013_closed_problems,toothpaste,trace,0.8,alignment_coverage_pn2_lower,0.19320929236709966,1241,ok
BPI_Challenge_2013_closed_problems,toothpaste,trace,0.8,alignment_coverage_pn2_upper,0.058401795569806514,1241,ok
BPI_Challenge_2013_closed_problems,toothpaste,trace,0.8,classical,124.9895530003123,1,ok
BPI_Challenge_2013_closed_problems,toothpaste,trace,0.8,dv,19.705993599724025,1,ok
BPI_Challenge_2013_closed_problems,toothpaste,trace,0.8,executions_cache,0.0005895001813769,1,ok
BPI_Challenge_2013_closed_problems,toothpaste,trace,0.8,matchprob,0.00040049199014902115,1241,ok
BPI_Challenge_2013_closed_problems,toothpaste,trace,0.8,mean_leaf_skipprob,0.0002128002233803,1,ok
BPI_Challenge_2013_closed_problems,toothpaste,trace,0.8,salign_coverage,0.15985429380086302,1241,ok
BPI_Challenge_2013_closed_problems,toothpaste,trace,0.8,skipprob,0.00041299639269709587,1241,ok
BPI_Challenge_2013_closed_problems,toothpaste,trace,0.8,traces,0.221327899955213,1,ok
BPI_Challenge_2013_closed_problems,toothpaste,trace,0.8,voidmass_deficit_lower,0.0012982059270143509,1241,ok
BPI_Challenge_2013_closed_problems,toothpaste,trace,0.8,voidmass_deficit_upper,0.0004944056272506714,1241,ok
BPI_Challenge_2013_closed_problems,toothpaste,trace,0.8,voidmass_movecount,0.0004813065752387047,1241,ok
BPI_Challenge_2013_closed_problems,toothpaste,trace,0.8,voidmass_movecount_bound,0.0005029956810176373,1241,ok
BPI_Challenge_2013_closed_problems,toothpaste,trace,0.8,voidmass_process_lower,0.0005414984188973904,1241,ok
BPI_Challenge_2013_closed_problems,toothpaste,trace,0.8,voidmass_process_upper,0.00044530443847179413,1241,ok
BPI_Challenge_2013_closed_problems,toothpaste,trace,0.8,voidsalign3,0.06890109833329787,1241,ok
BPI_Challenge_2013_closed_problems,toothpaste,trace,0.8,voidsat2,0.6276391143909965,1241,ok
BPI_Challenge_2013_closed_problems,toothpaste,trace,0.8,weight_voidage,0.006572198588400647,1241,ok
BPI_Challenge_2013_closed_problems,toothpaste,trace,0.9,aligned_duration_cache,0.1260886997915804,1,ok
BPI_Challenge_2013_closed_problems,toothpaste,trace,0.9,alignment_coverage_pn2_lower,0.061102593783288736,1241,ok
BPI_Challenge_2013_closed_problems,toothpaste,trace,0.9,alignment_coverage_pn2_upper,0.03469329373910985,1241,ok
BPI_Challenge_2013_closed_problems,toothpaste,trace,0.9,classical,68.17162590008229,1,ok
BPI_Challenge_2013_closed_problems,toothpaste,trace,0.9,dv,14.76860069995746,1,ok
BPI_Challenge_2013_closed_problems,toothpaste,trace,0.9,executions_cache,0.0007679001428186,1,ok
BPI_Challenge_2013_closed_problems,toothpaste,trace,0.9,matchprob,0.00038479454815387726,1241,ok
BPI_Challenge_2013_closed_problems,toothpaste,trace,0.9,mean_leaf_skipprob,0.0002158000133931,1,ok
BPI_Challenge_2013_closed_problems,toothpaste,trace,0.9,salign_coverage,0.2243054984137406,1241,ok
BPI_Challenge_2013_closed_problems,toothpaste,trace,0.9,skipprob,0.0004322049207985401,1241,ok
BPI_Challenge_2013_closed_problems,toothpaste,trace,0.9,traces,0.125282899942249,1,ok
BPI_Challenge_2013_closed_problems,toothpaste,trace,0.9,voidmass_deficit_lower,0.0011435025371611118,1241,ok
BPI_Challenge_2013_closed_problems,toothpaste,trace,0.9,voidmass_deficit_upper,0.0004799957387149334,1241,ok
BPI_Challenge_2013_closed_problems,toothpaste,trace,0.9,voidmass_movecount,0.00047449488192796707,1241,ok
BPI_Challenge_2013_closed_problems,toothpaste,trace,0.9,voidmass_movecount_bound,0.0004581054672598839,1241,ok
BPI_Challenge_2013_closed_problems,toothpaste,trace,0.9,voidmass_process_lower,0.0005037984810769558,1241,ok
BPI_Challenge_2013_closed_problems,toothpaste,trace,0.9,voidmass_process_upper,0.0004383889026939869,1241,ok
BPI_Challenge_2013_closed_problems,toothpaste,trace,0.9,voidsalign3,0.03956588730215975,1241,ok
BPI_Challenge_2013_closed_problems,toothpaste,trace,0.9,voidsat2,0.3219896960071608,1241,ok
BPI_Challenge_2013_closed_problems,toothpaste,trace,0.9,weight_voidage,0.006468398962169442,1241,ok
BPI_Challenge_2013_closed_problems,toothpaste,,0.0,aligned_duration_cache,1.0549538997001946,1,ok
BPI_Challenge_2013_closed_problems,toothpaste,,0.0,alignment_coverage_pn2_lower,0.572602096013662,1241,ok
BPI_Challenge_2013_closed_problems,toothpaste,,0.0,alignment_coverage_pn2_upper,0.2438078965059783,1241,ok
BPI_Challenge_2013_closed_problems,toothpaste,,0.0,classical,465.2627545003779,1,ok
BPI_Challenge_2013_closed_problems,toothpaste,,0.0,dv,42.85756119992584,1,ok
BPI_Challenge_2013_closed_problems,toothpaste,,0.0,executions_cache,0.0004189000464975,1,ok
BPI_Challenge_2013_closed_problems,toothpaste,,0.0,matchprob,0.000440103467553854,1241,ok
BPI_Challenge_2013_closed_problems,toothpaste,,0.0,mean_leaf_skipprob,0.0002091000787913,1,ok
BPI_Challenge_2013_closed_problems,toothpaste,,0.0,salign_coverage,0.7077760985120514,1241,ok
BPI_Challenge_2013_closed_problems,toothpaste,,0.0,skipprob,0.0005133012309670448,1241,ok
BPI_Challenge_2013_closed_problems,toothpaste,,0.0,traces,1.0542397000826895,1,ok
BPI_Challenge_2013_closed_problems,toothpaste,,0.0,voidmass_deficit_lower,0.001718803308904171,1241,ok
BPI_Challenge_2013_closed_problems,toothpaste,,0.0,voidmass_deficit_upper,0.000559499952942133,1241,ok
BPI_Challenge_2013_closed_problems,toothpaste,,0.0,voidmass_movecount,0.0005486994050443172,1241,ok
BPI_Challenge_2013_closed_problems,toothpaste,,0.0,voidmass_movecount_bound,0.0005340971983969212,1241,ok
BPI_Challenge_2013_closed_problems,toothpaste,,0.0,voidmass_process_lower,0.0005838996730744839,1241,ok
BPI_Challenge_2013_closed_problems,toothpaste,,0.0,voidmass_process_upper,0.0004733940586447716,1241,ok
BPI_Challenge_2013_closed_problems,toothpaste,,0.0,voidsalign3,0.2684963839127998,1241,ok
BPI_Challenge_2013_closed_problems,toothpaste,,0.0,voidsat2,3.249419210944263,1241,ok
BPI_Challenge_2013_closed_problems,toothpaste,,0.0,weight_voidage,0.008245302829891062,1241,ok
BPI_Challenge_2013_closed_problems,toothpaste_noise10,activity_frequency_gradual,0.1,aligned_duration_cache,1.122295199893415,1,ok
BPI_Challenge_2013_closed_problems,toothpaste_noise10,activity_frequency_gradual,0.1,alignment_coverage_pn2_lower,0.09623640216885761,258,ok
BPI_Challenge_2013_closed_problems,toothpaste_noise10,activity_frequency_gradual,0.1,alignment_coverage_pn2_upper,0.0522409002296498,258,ok
BPI_Challenge_2013_closed_problems,toothpaste_noise10,activity_frequency_gradual,0.1,classical,327.54517380008474,1,ok
BPI_Challenge_2013_closed_problems,toothpaste_noise10,activity_frequency_gradual,0.1,dv,20.27068600011989,1,ok
BPI_Challenge_2013_closed_problems,toothpaste_noise10,activity_frequency_gradual,0.1,executions_cache,0.0001181997358798,1,ok
BPI_Challenge_2013_closed_problems,toothpaste_noise10,activity_frequency_gradual,0.1,matchprob,9.859772399067879e-05,258,ok
BPI_Challenge_2013_closed_problems,toothpaste_noise10,activity_frequency_gradual,0.1,mean_leaf_skipprob,5.070026963949204e-05,1,ok
BPI_Challenge_2013_closed_problems,toothpaste_noise10,activity_frequency_gradual,0.1,salign_coverage,0.109135400503861,258,ok
BPI_Challenge_2013_closed_problems,toothpaste_noise10,activity_frequency_gradual,0.1,skipprob,0.00010900106281042099,258,ok
BPI_Challenge_2013_closed_problems,toothpaste_noise10,activity_frequency_gradual,0.1,traces,1.122142200358212,1,ok
BPI_Challenge_2013_closed_problems,toothpaste_noise10,activity_frequency_gradual,0.1,voidmass_deficit_lower,0.0003711981698870659,258,ok
BPI_Challenge_2013_closed_problems,toothpaste_noise10,activity_frequency_gradual,0.1,voidmass_deficit_upper,0.0001268000341951847,258,ok
BPI_Challenge_2013_closed_problems,toothpaste_noise10,activity_frequency_gradual,0.1,voidmass_movecount,0.00012750085443258286,258,ok
BPI_Challenge_2013_closed_problems,toothpaste_noise10,activity_frequency_gradual,0.1,voidmass_movecount_bound,0.00011430401355028152,258,ok
BPI_Challenge_2013_closed_problems,toothpaste_noise10,activity_frequency_gradual,0.1,voidmass_process_lower,0.00012590223923325539,258,ok
BPI_Challenge_2013_closed_problems,toothpaste_noise10,activity_frequency_gradual,0.1,voidmass_process_upper,0.00010250043123960495,258,ok
BPI_Challenge_2013_closed_problems,toothpaste_noise10,activity_frequency_gradual,0.1,voidsalign3,0.057662003673600304,258,ok
BPI_Challenge_2013_closed_problems,toothpaste_noise10,activity_frequency_gradual,0.1,voidsat2,0.9904110040515524,258,ok
BPI_Challenge_2013_closed_problems,toothpaste_noise10,activity_frequency_gradual,0.1,weight_voidage,0.0021967981010673765,258,ok
BPI_Challenge_2013_closed_problems,toothpaste_noise10,activity_frequency_gradual,0.2,aligned_duration_cache,1.0717986999079585,1,ok
BPI_Challenge_2013_closed_problems,toothpaste_noise10,activity_frequency_gradual,0.2,alignment_coverage_pn2_lower,0.05855079693719556,258,ok
BPI_Challenge_2013_closed_problems,toothpaste_noise10,activity_frequency_gradual,0.2,alignment_coverage_pn2_upper,0.021127900108693937,258,ok
BPI_Challenge_2013_closed_problems,toothpaste_noise10,activity_frequency_gradual,0.2,classical,55.36264589987695,1,ok
BPI_Challenge_2013_closed_problems,toothpaste_noise10,activity_frequency_gradual,0.2,dv,12.748590199742466,1,ok
BPI_Challenge_2013_closed_problems,toothpaste_noise10,activity_frequency_gradual,0.2,executions_cache,0.0001383000053465,1,ok
BPI_Challenge_2013_closed_problems,toothpaste_noise10,activity_frequency_gradual,0.2,matchprob,9.040115401148796e-05,258,ok
BPI_Challenge_2013_closed_problems,toothpaste_noise10,activity_frequency_gradual,0.2,mean_leaf_skipprob,5.060015246272087e-05,1,ok
BPI_Challenge_2013_closed_problems,toothpaste_noise10,activity_frequency_gradual,0.2,salign_coverage,0.0458111031912141,258,ok
BPI_Challenge_2013_closed_problems,toothpaste_noise10,activity_frequency_gradual,0.2,skipprob,0.0001006023958325386,258,ok
BPI_Challenge_2013_closed_problems,toothpaste_noise10,activity_frequency_gradual,0.2,traces,1.071617000270635,1,ok
BPI_Challenge_2013_closed_problems,toothpaste_noise10,activity_frequency_gradual,0.2,voidmass_deficit_lower,0.00029090046882629395,258,ok
BPI_Challenge_2013_closed_problems,toothpaste_noise10,activity_frequency_gradual,0.2,voidmass_deficit_upper,0.00010819779708981514,258,ok
BPI_Challenge_2013_closed_problems,toothpaste_noise10,activity_frequency_gradual,0.2,voidmass_movecount,0.00011419877409934998,258,ok
BPI_Challenge_2013_closed_problems,toothpaste_noise10,activity_frequency_gradual,0.2,voidmass_movecount_bound,0.00010650139302015305,258,ok
BPI_Challenge_2013_closed_problems,toothpaste_noise10,activity_frequency_gradual,0.2,voidmass_process_lower,0.00011680088937282562,258,ok
BPI_Challenge_2013_closed_problems,toothpaste_noise10,activity_frequency_gradual,0.2,voidmass_process_upper,9.620189666748047e-05,258,ok
BPI_Challenge_2013_closed_problems,toothpaste_noise10,activity_frequency_gradual,0.2,voidsalign3,0.01971480203792384,258,ok
BPI_Challenge_2013_closed_problems,toothpaste_noise10,activity_frequency_gradual,0.2,voidsat2,0.8350212029181296,258,ok
BPI_Challenge_2013_closed_problems,toothpaste_noise10,activity_frequency_gradual,0.2,weight_voidage,0.0018571941182015134,258,ok
BPI_Challenge_2013_closed_problems,toothpaste_noise10,activity_frequency_gradual,0.3,aligned_duration_cache,1.1006612000055611,1,ok
BPI_Challenge_2013_closed_problems,toothpaste_noise10,activity_frequency_gradual,0.3,alignment_coverage_pn2_lower,0.0321179018355894,258,ok
BPI_Challenge_2013_closed_problems,toothpaste_noise10,activity_frequency_gradual,0.3,alignment_coverage_pn2_upper,0.015728601254521822,258,ok
BPI_Challenge_2013_closed_problems,toothpaste_noise10,activity_frequency_gradual,0.3,classical,23.43411120027304,1,ok
BPI_Challenge_2013_closed_problems,toothpaste_noise10,activity_frequency_gradual,0.3,dv,11.442776099778712,1,ok
BPI_Challenge_2013_closed_problems,toothpaste_noise10,activity_frequency_gradual,0.3,executions_cache,0.0001198002137243,1,ok
BPI_Challenge_2013_closed_problems,toothpaste_noise10,activity_frequency_gradual,0.3,matchprob,9.19979065656662e-05,258,ok
BPI_Challenge_2013_closed_problems,toothpaste_noise10,activity_frequency_gradual,0.3,mean_leaf_skipprob,5.140015855431557e-05,1,ok
BPI_Challenge_2013_closed_problems,toothpaste_noise10,activity_frequency_gradual,0.3,salign_coverage,0.03138720663264269,258,ok
BPI_Challenge_2013_closed_problems,toothpaste_noise10,activity_frequency_gradual,0.3,skipprob,9.440397843718529e-05,258,ok
BPI_Challenge_2013_closed_problems,toothpaste_noise10,activity_frequency_gradual,0.3,traces,1.10050219995901,1,ok
BPI_Challenge_2013_closed_problems,toothpaste_noise10,activity_frequency_gradual,0.3,voidmass_deficit_lower,0.0002873949706554413,258,ok
BPI_Challenge_2013_closed_problems,toothpaste_noise10,activity_frequency_gradual,0.3,voidmass_deficit_upper,0.00010639429092407227,258,ok
BPI_Challenge_2013_closed_problems,toothpaste_noise10,activity_frequency_gradual,0.3,voidmass_movecount,0.00011430075392127037,258,ok
BPI_Challenge_2013_closed_problems,toothpaste_noise10,activity_frequency_gradual,0.3,voidmass_movecount_bound,0.00010659918189048767,258,ok
BPI_Challenge_2013_closed_problems,toothpaste_noise10,activity_frequency_gradual,0.3,voidmass_process_lower,0.00011339923366904259,258,ok
BPI_Challenge_2013_closed_problems,toothpaste_noise10,activity_frequency_gradual,0.3,voidmass_process_upper,9.330036118626595e-05,258,ok
BPI_Challenge_2013_closed_problems,toothpaste_noise10,activity_frequency_gradual,0.3,voidsalign3,0.014459498692303303,258,ok
BPI_Challenge_2013_closed_problems,toothpaste_noise10,activity_frequency_gradual,0.3,voidsat2,0.7966222963295743,258,ok
BPI_Challenge_2013_closed_problems,toothpaste_noise10,activity_frequency_gradual,0.3,weight_voidage,0.0018411013297735853,258,ok
BPI_Challenge_2013_closed_problems,toothpaste_noise10,activity_frequency_gradual,0.4,aligned_duration_cache,1.041397999972105,1,ok
BPI_Challenge_2013_closed_problems,toothpaste_noise10,activity_frequency_gradual,0.4,alignment_coverage_pn2_lower,0.047290394082664645,258,ok
BPI_Challenge_2013_closed_problems,toothpaste_noise10,activity_frequency_gradual,0.4,alignment_coverage_pn2_upper,0.0061400081031018384,258,ok
BPI_Challenge_2013_closed_problems,toothpaste_noise10,activity_frequency_gradual,0.4,classical,5.983856100123376,1,ok
BPI_Challenge_2013_closed_problems,toothpaste_noise10,activity_frequency_gradual,0.4,dv,9.812417900189756,1,ok
BPI_Challenge_2013_closed_problems,toothpaste_noise10,activity_frequency_gradual,0.4,executions_cache,0.0001192996278405,1,ok
BPI_Challenge_2013_closed_problems,toothpaste_noise10,activity_frequency_gradual,0.4,matchprob,9.109964594244957e-05,258,ok
BPI_Challenge_2013_closed_problems,toothpaste_noise10,activity_frequency_gradual,0.4,mean_leaf_skipprob,5.589984357357025e-05,1,ok
BPI_Challenge_2013_closed_problems,toothpaste_noise10,activity_frequency_gradual,0.4,salign_coverage,0.012002795469015412,258,ok
BPI_Challenge_2013_closed_problems,toothpaste_noise10,activity_frequency_gradual,0.4,skipprob,9.730178862810135e-05,258,ok
BPI_Challenge_2013_closed_problems,toothpaste_noise10,activity_frequency_gradual,0.4,traces,1.0412238002754748,1,ok
BPI_Challenge_2013_closed_problems,toothpaste_noise10,activity_frequency_gradual,0.4,voidmass_deficit_lower,0.00028800172731280327,258,ok
BPI_Challenge_2013_closed_problems,toothpaste_noise10,activity_frequency_gradual,0.4,voidmass_deficit_upper,0.00010459683835506439,258,ok
BPI_Challenge_2013_closed_problems,toothpaste_noise10,activity_frequency_gradual,0.4,voidmass_movecount,0.0001059030182659626,258,ok
BPI_Challenge_2013_closed_problems,toothpaste_noise10,activity_frequency_gradual,0.4,voidmass_movecount_bound,0.00010810419917106628,258,ok
BPI_Challenge_2013_closed_problems,toothpaste_noise10,activity_frequency_gradual,0.4,voidmass_process_lower,0.00011360412463545799,258,ok
BPI_Challenge_2013_closed_problems,toothpaste_noise10,activity_frequency_gradual,0.4,voidmass_process_upper,0.00010150251910090446,258,ok
BPI_Challenge_2013_closed_problems,toothpaste_noise10,activity_frequency_gradual,0.4,voidsalign3,0.0055238991044458665,258,ok
BPI_Challenge_2013_closed_problems,toothpaste_noise10,activity_frequency_gradual,0.4,voidsat2,0.7618880956433584,258,ok
BPI_Challenge_2013_closed_problems,toothpaste_noise10,activity_frequency_gradual,0.4,weight_voidage,0.0018392959609625757,258,ok
BPI_Challenge_2013_closed_problems,toothpaste_noise10,activity_frequency_gradual,0.5,aligned_duration_cache,0.9959447998553514,1,ok
BPI_Challenge_2013_closed_problems,toothpaste_noise10,activity_frequency_gradual,0.5,alignment_coverage_pn2_lower,0.011538404971360341,258,ok
BPI_Challenge_2013_closed_problems,toothpaste_noise10,activity_frequency_gradual,0.5,alignment_coverage_pn2_upper,0.005265595391392012,258,ok
BPI_Challenge_2013_closed_problems,toothpaste_noise10,activity_frequency_gradual,0.5,classical,3.99189139995724,1,ok
BPI_Challenge_2013_closed_problems,toothpaste_noise10,activity_frequency_gradual,0.5,dv,9.499177699908614,1,ok
BPI_Challenge_2013_closed_problems,toothpaste_noise10,activity_frequency_gradual,0.5,executions_cache,0.0001166001893579,1,ok
BPI_Challenge_2013_closed_problems,toothpaste_noise10,activity_frequency_gradual,0.5,matchprob,9.070243686437607e-05,258,ok
BPI_Challenge_2013_closed_problems,toothpaste_noise10,activity_frequency_gradual,0.5,mean_leaf_skipprob,5.3099822252988815e-05,1,ok
BPI_Challenge_2013_closed_problems,toothpaste_noise10,activity_frequency_gradual,0.5,salign_coverage,0.010960202198475027,258,ok
BPI_Challenge_2013_closed_problems,toothpaste_noise10,activity_frequency_gradual,0.5,skipprob,9.529711678624153e-05,258,ok
BPI_Challenge_2013_closed_problems,toothpaste_noise10,activity_frequency_gradual,0.5,traces,0.9957759003154932,1,ok
BPI_Challenge_2013_closed_problems,toothpaste_noise10,activity_frequency_gradual,0.5,voidmass_deficit_lower,0.0002626976929605007,258,ok
BPI_Challenge_2013_closed_problems,toothpaste_noise10,activity_frequency_gradual,0.5,voidmass_deficit_upper,0.00010809954255819321,258,ok
BPI_Challenge_2013_closed_problems,toothpaste_noise10,activity_frequency_gradual,0.5,voidmass_movecount,0.00010940060019493103,258,ok
BPI_Challenge_2013_closed_problems,toothpaste_noise10,activity_frequency_gradual,0.5,voidmass_movecount_bound,0.00010949932038784027,258,ok
BPI_Challenge_2013_closed_problems,toothpaste_noise10,activity_frequency_gradual,0.5,voidmass_process_lower,0.00011499598622322083,258,ok
BPI_Challenge_2013_closed_problems,toothpaste_noise10,activity_frequency_gradual,0.5,voidmass_process_upper,9.739724919199944e-05,258,ok
BPI_Challenge_2013_closed_problems,toothpaste_noise10,activity_frequency_gradual,0.5,voidsalign3,0.00490430230274752,258,ok
BPI_Challenge_2013_closed_problems,toothpaste_noise10,activity_frequency_gradual,0.5,voidsat2,0.7094886074773841,258,ok
BPI_Challenge_2013_closed_problems,toothpaste_noise10,activity_frequency_gradual,0.5,weight_voidage,0.001980896573513406,258,ok
BPI_Challenge_2013_closed_problems,toothpaste_noise10,activity_frequency_gradual,0.6,aligned_duration_cache,0.866851500235498,1,ok
BPI_Challenge_2013_closed_problems,toothpaste_noise10,activity_frequency_gradual,0.6,alignment_coverage_pn2_lower,0.009243002627044099,258,ok
BPI_Challenge_2013_closed_problems,toothpaste_noise10,activity_frequency_gradual,0.6,alignment_coverage_pn2_upper,0.004424303304403296,258,ok
BPI_Challenge_2013_closed_problems,toothpaste_noise10,activity_frequency_gradual,0.6,classical,3.274547199718654,1,ok
BPI_Challenge_2013_closed_problems,toothpaste_noise10,activity_frequency_gradual,0.6,dv,9.088157400023192,1,ok
BPI_Challenge_2013_closed_problems,toothpaste_noise10,activity_frequency_gradual,0.6,executions_cache,0.0001060999929904,1,ok
BPI_Challenge_2013_closed_problems,toothpaste_noise10,activity_frequency_gradual,0.6,matchprob,8.359644562005997e-05,258,ok
BPI_Challenge_2013_closed_problems,toothpaste_noise10,activity_frequency_gradual,0.6,mean_leaf_skipprob,5.3699593991041183e-05,1,ok
BPI_Challenge_2013_closed_problems,toothpaste_noise10,activity_frequency_gradual,0.6,salign_coverage,0.009195404592901088,258,ok
BPI_Challenge_2013_closed_problems,toothpaste_noise10,activity_frequency_gradual,0.6,skipprob,9.35019925236702e-05,258,ok
BPI_Challenge_2013_closed_problems,toothpaste_noise10,activity_frequency_gradual,0.6,traces,0.8666874999180436,1,ok
BPI_Challenge_2013_closed_problems,toothpaste_noise10,activity_frequency_gradual,0.6,voidmass_deficit_lower,0.00024220487102866173,258,ok
BPI_Challenge_2013_closed_problems,toothpaste_noise10,activity_frequency_gradual,0.6,voidmass_deficit_upper,0.00010079564526677132,258,ok
BPI_Challenge_2013_closed_problems,toothpaste_noise10,activity_frequency_gradual,0.6,voidmass_movecount,0.00010259822010993958,258,ok
BPI_Challenge_2013_closed_problems,toothpaste_noise10,activity_frequency_gradual,0.6,voidmass_movecount_bound,0.00010259915143251419,258,ok
BPI_Challenge_2013_closed_problems,toothpaste_noise10,activity_frequency_gradual,0.6,voidmass_process_lower,0.00011280179023742676,258,ok
BPI_Challenge_2013_closed_problems,toothpaste_noise10,activity_frequency_gradual,0.6,voidmass_process_upper,9.380001574754715e-05,258,ok
BPI_Challenge_2013_closed_problems,toothpaste_noise10,activity_frequency_gradual,0.6,voidsalign3,0.004280004650353971,258,ok
BPI_Challenge_2013_closed_problems,toothpaste_noise10,activity_frequency_gradual,0.6,voidsat2,0.6213400983251505,258,ok
BPI_Challenge_2013_closed_problems,toothpaste_noise10,activity_frequency_gradual,0.6,weight_voidage,0.0018163016065953998,258,ok
BPI_Challenge_2013_closed_problems,toothpaste_noise10,activity_frequency_gradual,0.7,aligned_duration_cache,0.7741951001808047,1,ok
BPI_Challenge_2013_closed_problems,toothpaste_noise10,activity_frequency_gradual,0.7,alignment_coverage_pn2_lower,0.006615798920392636,258,ok
BPI_Challenge_2013_closed_problems,toothpaste_noise10,activity_frequency_gradual,0.7,alignment_coverage_pn2_upper,0.0032426011748611355,258,ok
BPI_Challenge_2013_closed_problems,toothpaste_noise10,activity_frequency_gradual,0.7,classical,1.5725559000857174,1,ok
BPI_Challenge_2013_closed_problems,toothpaste_noise10,activity_frequency_gradual,0.7,dv,8.306183000095189,1,ok
BPI_Challenge_2013_closed_problems,toothpaste_noise10,activity_frequency_gradual,0.7,executions_cache,0.0001280000433325,1,ok
BPI_Challenge_2013_closed_problems,toothpaste_noise10,activity_frequency_gradual,0.7,matchprob,8.409703150391579e-05,258,ok
BPI_Challenge_2013_closed_problems,toothpaste_noise10,activity_frequency_gradual,0.7,mean_leaf_skipprob,5.399994552135468e-05,1,ok
BPI_Challenge_2013_closed_problems,toothpaste_noise10,activity_frequency_gradual,0.7,salign_coverage,0.007043600548058635,258,ok
BPI_Challenge_2013_closed_problems,toothpaste_noise10,activity_frequency_gradual,0.7,skipprob,9.20998863875866e-05,258,ok
BPI_Challenge_2013_closed_problems,toothpaste_noise10,activity_frequency_gradual,0.7,traces,0.774044799618423,1,ok
BPI_Challenge_2013_closed_problems,toothpaste_noise10,activity_frequency_gradual,0.7,voidmass_deficit_lower,0.0002570031210780144,258,ok
BPI_Challenge_2013_closed_problems,toothpaste_noise10,activity_frequency_gradual,0.7,voidmass_deficit_upper,0.00010289996862411499,258,ok
BPI_Challenge_2013_closed_problems,toothpaste_noise10,activity_frequency_gradual,0.7,voidmass_movecount,0.00010150112211704254,258,ok
BPI_Challenge_2013_closed_problems,toothpaste_noise10,activity_frequency_gradual,0.7,voidmass_movecount_bound,9.84002836048603e-05,258,ok
BPI_Challenge_2013_closed_problems,toothpaste_noise10,activity_frequency_gradual,0.7,voidmass_process_lower,0.00010800035670399666,258,ok
BPI_Challenge_2013_closed_problems,toothpaste_noise10,activity_frequency_gradual,0.7,voidmass_process_upper,9.630201384425163e-05,258,ok
BPI_Challenge_2013_closed_problems,toothpaste_noise10,activity_frequency_gradual,0.7,voidsalign3,0.0032389038242398517,258,ok
BPI_Challenge_2013_closed_problems,toothpaste_noise10,activity_frequency_gradual,0.7,voidsat2,0.5040490957908208,258,ok
BPI_Challenge_2013_closed_problems,toothpaste_noise10,activity_frequency_gradual,0.7,weight_voidage,0.001750196795910361,258,ok
BPI_Challenge_2013_closed_problems,toothpaste_noise10,activity_frequency_gradual,0.8,aligned_duration_cache,0.5811295998282731,1,ok
BPI_Challenge_2013_closed_problems,toothpaste_noise10,activity_frequency_gradual,0.8,alignment_coverage_pn2_lower,0.00493110623210664,258,ok
BPI_Challenge_2013_closed_problems,toothpaste_noise10,activity_frequency_gradual,0.8,alignment_coverage_pn2_upper,0.0025326996110379696,258,ok
BPI_Challenge_2013_closed_problems,toothpaste_noise10,activity_frequency_gradual,0.8,classical,0.9688413999974728,1,ok
BPI_Challenge_2013_closed_problems,toothpaste_noise10,activity_frequency_gradual,0.8,dv,7.680330299772322,1,ok
BPI_Challenge_2013_closed_problems,toothpaste_noise10,activity_frequency_gradual,0.8,executions_cache,0.0001178001984953,1,ok
BPI_Challenge_2013_closed_problems,toothpaste_noise10,activity_frequency_gradual,0.8,matchprob,8.140085265040398e-05,258,ok
BPI_Challenge_2013_closed_problems,toothpaste_noise10,activity_frequency_gradual,0.8,mean_leaf_skipprob,4.810001701116562e-05,1,ok
BPI_Challenge_2013_closed_problems,toothpaste_noise10,activity_frequency_gradual,0.8,salign_coverage,0.005437502171844169,258,ok
BPI_Challenge_2013_closed_problems,toothpaste_noise10,activity_frequency_gradual,0.8,skipprob,8.480250835418701e-05,258,ok
BPI_Challenge_2013_closed_problems,toothpaste_noise10,activity_frequency_gradual,0.8,traces,0.580965899862349,1,ok
BPI_Challenge_2013_closed_problems,toothpaste_noise10,activity_frequency_gradual,0.8,voidmass_deficit_lower,0.00018930016085505486,258,ok
BPI_Challenge_2013_closed_problems,toothpaste_noise10,activity_frequency_gradual,0.8,voidmass_deficit_upper,9.600119665265083e-05,258,ok
BPI_Challenge_2013_closed_problems,toothpaste_noise10,activity_frequency_gradual,0.8,voidmass_movecount,9.890040382742882e-05,258,ok
BPI_Challenge_2013_closed_problems,toothpaste_noise10,activity_frequency_gradual,0.8,voidmass_movecount_bound,9.159697219729424e-05,258,ok
BPI_Challenge_2013_closed_problems,toothpaste_noise10,activity_frequency_gradual,0.8,voidmass_process_lower,0.00010239845141768456,258,ok
BPI_Challenge_2013_closed_problems,toothpaste_noise10,activity_frequency_gradual,0.8,voidmass_process_upper,8.839741349220276e-05,258,ok
BPI_Challenge_2013_closed_problems,toothpaste_noise10,activity_frequency_gradual,0.8,voidsalign3,0.002623501233756503,258,ok
BPI_Challenge_2013_closed_problems,toothpaste_noise10,activity_frequency_gradual,0.8,voidsat2,0.3797772009856865,258,ok
BPI_Challenge_2013_closed_problems,toothpaste_noise10,activity_frequency_gradual,0.8,weight_voidage,0.0015693060122429717,258,ok
BPI_Challenge_2013_closed_problems,toothpaste_noise10,activity_frequency_gradual,0.9,aligned_duration_cache,0.3644984997808933,1,ok
BPI_Challenge_2013_closed_problems,toothpaste_noise10,activity_frequency_gradual,0.9,alignment_coverage_pn2_lower,0.002323591150343407,258,ok
BPI_Challenge_2013_closed_problems,toothpaste_noise10,activity_frequency_gradual,0.9,alignment_coverage_pn2_upper,0.0013597998768091202,258,ok
BPI_Challenge_2013_closed_problems,toothpaste_noise10,activity_frequency_gradual,0.9,classical,0.3107067998498678,1,ok
BPI_Challenge_2013_closed_problems,toothpaste_noise10,activity_frequency_gradual,0.9,dv,6.810516799800098,1,ok
BPI_Challenge_2013_closed_problems,toothpaste_noise10,activity_frequency_gradual,0.9,executions_cache,9.599979966878892e-05,1,ok
BPI_Challenge_2013_closed_problems,toothpaste_noise10,activity_frequency_gradual,0.9,matchprob,7.619429379701614e-05,258,ok
BPI_Challenge_2013_closed_problems,toothpaste_noise10,activity_frequency_gradual,0.9,mean_leaf_skipprob,4.610000178217888e-05,1,ok
BPI_Challenge_2013_closed_problems,toothpaste_noise10,activity_frequency_gradual,0.9,salign_coverage,0.0031206971034407507,258,ok
BPI_Challenge_2013_closed_problems,toothpaste_noise10,activity_frequency_gradual,0.9,skipprob,7.410114631056786e-05,258,ok
BPI_Challenge_2013_closed_problems,toothpaste_noise10,activity_frequency_gradual,0.9,traces,0.3643296002410352,1,ok
BPI_Challenge_2013_closed_problems,toothpaste_noise10,activity_frequency_gradual,0.9,voidmass_deficit_lower,0.0001541036181151867,258,ok
BPI_Challenge_2013_closed_problems,toothpaste_noise10,activity_frequency_gradual,0.9,voidmass_deficit_upper,8.359784260392189e-05,258,ok
BPI_Challenge_2013_closed_problems,toothpaste_noise10,activity_frequency_gradual,0.9,voidmass_movecount,8.519738912582397e-05,258,ok
BPI_Challenge_2013_closed_problems,toothpaste_noise10,activity_frequency_gradual,0.9,voidmass_movecount_bound,8.35023820400238e-05,258,ok
BPI_Challenge_2013_closed_problems,toothpaste_noise10,activity_frequency_gradual,0.9,voidmass_process_lower,8.610542863607407e-05,258,ok
BPI_Challenge_2013_closed_problems,toothpaste_noise10,activity_frequency_gradual,0.9,voidmass_process_upper,7.819803431630135e-05,258,ok
BPI_Challenge_2013_closed_problems,toothpaste_noise10,activity_frequency_gradual,0.9,voidsalign3,0.001641795039176941,258,ok
BPI_Challenge_2013_closed_problems,toothpaste_noise10,activity_frequency_gradual,0.9,voidsat2,0.2253239983692639,258,ok
BPI_Challenge_2013_closed_problems,toothpaste_noise10,activity_frequency_gradual,0.9,weight_voidage,0.0013963053934276084,258,ok
BPI_Challenge_2013_closed_problems,toothpaste_noise10,activity_gradual,0.1,aligned_duration_cache,1.0902495998889208,1,ok
BPI_Challenge_2013_closed_problems,toothpaste_noise10,activity_gradual,0.1,alignment_coverage_pn2_lower,0.1658791061490648,258,ok
BPI_Challenge_2013_closed_problems,toothpaste_noise10,activity_gradual,0.1,alignment_coverage_pn2_upper,0.1004625009372705,258,ok
BPI_Challenge_2013_closed_problems,toothpaste_noise10,activity_gradual,0.1,classical,568.6784186000004,1,ok
BPI_Challenge_2013_closed_problems,toothpaste_noise10,activity_gradual,0.1,dv,36.41577779967338,1,ok
BPI_Challenge_2013_closed_problems,toothpaste_noise10,activity_gradual,0.1,executions_cache,0.0001473999582231,1,ok
BPI_Challenge_2013_closed_problems,toothpaste_noise10,activity_gradual,0.1,matchprob,9.950250387191772e-05,258,ok
BPI_Challenge_2013_closed_problems,toothpaste_noise10,activity_gradual,0.1,mean_leaf_skipprob,5.109980702400208e-05,1,ok
BPI_Challenge_2013_closed_problems,toothpaste_noise10,activity_gradual,0.1,salign_coverage,0.4444121033884447,258,ok
BPI_Challenge_2013_closed_problems,toothpaste_noise10,activity_gradual,0.1,skipprob,0.00011450005695223808,258,ok
BPI_Challenge_2013_closed_problems,toothpaste_noise10,activity_gradual,0.1,traces,1.090087799821049,1,ok
BPI_Challenge_2013_closed_problems,toothpaste_noise10,activity_gradual,0.1,voidmass_deficit_lower,0.00039180321618914604,258,ok
BPI_Challenge_2013_closed_problems,toothpaste_noise10,activity_gradual,0.1,voidmass_deficit_upper,0.0001245969906449318,258,ok
BPI_Challenge_2013_closed_problems,toothpaste_noise10,activity_gradual,0.1,voidmass_movecount,0.00012879818677902222,258,ok
BPI_Challenge_2013_closed_problems,toothpaste_noise10,activity_gradual,0.1,voidmass_movecount_bound,0.00011990265920758247,258,ok
BPI_Challenge_2013_closed_problems,toothpaste_noise10,activity_gradual,0.1,voidmass_process_lower,0.00012799911201000214,258,ok
BPI_Challenge_2013_closed_problems,toothpaste_noise10,activity_gradual,0.1,voidmass_process_upper,0.00010720314458012581,258,ok
BPI_Challenge_2013_closed_problems,toothpaste_noise10,activity_gradual,0.1,voidsalign3,0.133130606729524,258,ok
BPI_Challenge_2013_closed_problems,toothpaste_noise10,activity_gradual,0.1,voidsat2,1.1422085026278972,258,ok
BPI_Challenge_2013_closed_problems,toothpaste_noise10,activity_gradual,0.1,weight_voidage,0.0022199023514984455,258,ok
BPI_Challenge_2013_closed_problems,toothpaste_noise10,activity_gradual,0.2,aligned_duration_cache,1.1171260001137853,1,ok
BPI_Challenge_2013_closed_problems,toothpaste_noise10,activity_gradual,0.2,alignment_coverage_pn2_lower,0.1125011960975699,258,ok
BPI_Challenge_2013_closed_problems,toothpaste_noise10,activity_gradual,0.2,alignment_coverage_pn2_upper,0.0680524036288131,258,ok
BPI_Challenge_2013_closed_problems,toothpaste_noise10,activity_gradual,0.2,classical,273.0624124002643,1,ok
BPI_Challenge_2013_closed_problems,toothpaste_noise10,activity_gradual,0.2,dv,23.544003900140524,1,ok
BPI_Challenge_2013_closed_problems,toothpaste_noise10,activity_gradual,0.2,executions_cache,0.0001377998851239,1,ok
BPI_Challenge_2013_closed_problems,toothpaste_noise10,activity_gradual,0.2,matchprob,0.00010230299085378647,258,ok
BPI_Challenge_2013_closed_problems,toothpaste_noise10,activity_gradual,0.2,mean_leaf_skipprob,4.780013114213944e-05,1,ok
BPI_Challenge_2013_closed_problems,toothpaste_noise10,activity_gradual,0.2,salign_coverage,0.1468159011565017,258,ok
BPI_Challenge_2013_closed_problems,toothpaste_noise10,activity_gradual,0.2,skipprob,0.0001142965629696846,258,ok
BPI_Challenge_2013_closed_problems,toothpaste_noise10,activity_gradual,0.2,traces,1.1169611997902391,1,ok
BPI_Challenge_2013_closed_problems,toothpaste_noise10,activity_gradual,0.2,voidmass_deficit_lower,0.00036779604852199554,258,ok
BPI_Challenge_2013_closed_problems,toothpaste_noise10,activity_gradual,0.2,voidmass_deficit_upper,0.00012449780479073524,258,ok
BPI_Challenge_2013_closed_problems,toothpaste_noise10,activity_gradual,0.2,voidmass_movecount,0.00013449927791953087,258,ok
BPI_Challenge_2013_closed_problems,toothpaste_noise10,activity_gradual,0.2,voidmass_movecount_bound,0.00012520095333456993,258,ok
BPI_Challenge_2013_closed_problems,toothpaste_noise10,activity_gradual,0.2,voidmass_process_lower,0.00014479225501418114,258,ok
BPI_Challenge_2013_closed_problems,toothpaste_noise10,activity_gradual,0.2,voidmass_process_upper,0.0001042964868247509,258,ok
BPI_Challenge_2013_closed_problems,toothpaste_noise10,activity_gradual,0.2,voidsalign3,0.08603540295733769,258,ok
BPI_Challenge_2013_closed_problems,toothpaste_noise10,activity_gradual,0.2,voidsat2,1.1168890935368707,258,ok
BPI_Challenge_2013_closed_problems,toothpaste_noise10,activity_gradual,0.2,weight_voidage,0.002195500303059545,258,ok
BPI_Challenge_2013_closed_problems,toothpaste_noise10,activity_gradual,0.3,aligned_duration_cache,1.1368425004184246,1,ok
BPI_Challenge_2013_closed_problems,toothpaste_noise10,activity_gradual,0.3,alignment_coverage_pn2_lower,0.04624720150604172,258,ok
BPI_Challenge_2013_closed_problems,toothpaste_noise10,activity_gradual,0.3,alignment_coverage_pn2_upper,0.02319579571485437,258,ok
BPI_Challenge_2013_closed_problems,toothpaste_noise10,activity_gradual,0.3,classical,48.413979599718,1,ok
BPI_Challenge_2013_closed_problems,toothpaste_noise10,activity_gradual,0.3,dv,13.179316699970514,1,ok
BPI_Challenge_2013_closed_problems,toothpaste_noise10,activity_gradual,0.3,executions_cache,0.0001183999702334,1,ok
BPI_Challenge_2013_closed_problems,toothpaste_noise10,activity_gradual,0.3,matchprob,8.810078725218773e-05,258,ok
BPI_Challenge_2013_closed_problems,toothpaste_noise10,activity_gradual,0.3,mean_leaf_skipprob,5.1999930292367935e-05,1,ok
BPI_Challenge_2013_closed_problems,toothpaste_noise10,activity_gradual,0.3,salign_coverage,0.0471088993362962,258,ok
BPI_Challenge_2013_closed_problems,toothpaste_noise10,activity_gradual,0.3,skipprob,9.460560977458954e-05,258,ok
BPI_Challenge_2013_closed_problems,toothpaste_noise10,activity_gradual,0.3,traces,1.1366749997250736,1,ok
BPI_Challenge_2013_closed_problems,toothpaste_noise10,activity_gradual,0.3,voidmass_deficit_lower,0.0003014029935002327,258,ok
BPI_Challenge_2013_closed_problems,toothpaste_noise10,activity_gradual,0.3,voidmass_deficit_upper,0.00010759895667433739,258,ok
BPI_Challenge_2013_closed_problems,toothpaste_noise10,activity_gradual,0.3,voidmass_movecount,0.00011530378833413124,258,ok
BPI_Challenge_2013_closed_problems,toothpaste_noise10,activity_gradual,0.3,voidmass_movecount_bound,0.00011159991845488548,258,ok
BPI_Challenge_2013_closed_problems,toothpaste_noise10,activity_gradual,0.3,voidmass_process_lower,0.00011650146916508675,258,ok
BPI_Challenge_2013_closed_problems,toothpaste_noise10,activity_gradual,0.3,voidmass_process_upper,9.279884397983551e-05,258,ok
BPI_Challenge_2013_closed_problems,toothpaste_noise10,activity_gradual,0.3,voidsalign3,0.02193920034915117,258,ok
BPI_Challenge_2013_closed_problems,toothpaste_noise10,activity_gradual,0.3,voidsat2,0.8481306964531408,258,ok
BPI_Challenge_2013_closed_problems,toothpaste_noise10,activity_gradual,0.3,weight_voidage,0.0018796012736853997,258,ok
BPI_Challenge_2013_closed_problems,toothpaste_noise10,activity_gradual,0.4,aligned_duration_cache,1.1078951000235977,1,ok
BPI_Challenge_2013_closed_problems,toothpaste_noise10,activity_gradual,0.4,alignment_coverage_pn2_lower,0.03826329950243054,258,ok
BPI_Challenge_2013_closed_problems,toothpaste_noise10,activity_gradual,0.4,alignment_coverage_pn2_upper,0.018604699987917177,258,ok
BPI_Challenge_2013_closed_problems,toothpaste_noise10,activity_gradual,0.4,classical,20.05799110000953,1,ok
BPI_Challenge_2013_closed_problems,toothpaste_noise10,activity_gradual,0.4,dv,12.032544599846004,1,ok
BPI_Challenge_2013_closed_problems,toothpaste_noise10,activity_gradual,0.4,executions_cache,0.0001436001621186,1,ok
BPI_Challenge_2013_closed_problems,toothpaste_noise10,activity_gradual,0.4,matchprob,8.84002074599266e-05,258,ok
BPI_Challenge_2013_closed_problems,toothpaste_noise10,activity_gradual,0.4,mean_leaf_skipprob,5.169957876205444e-05,1,ok
BPI_Challenge_2013_closed_problems,toothpaste_noise10,activity_gradual,0.4,salign_coverage,0.03752110246567854,258,ok
BPI_Challenge_2013_closed_problems,toothpaste_noise10,activity_gradual,0.4,skipprob,9.189778938889503e-05,258,ok
BPI_Challenge_2013_closed_problems,toothpaste_noise10,activity_gradual,0.4,traces,1.107733900193125,1,ok
BPI_Challenge_2013_closed_problems,toothpaste_noise10,activity_gradual,0.4,voidmass_deficit_lower,0.0002970998175442219,258,ok
BPI_Challenge_2013_closed_problems,toothpaste_noise10,activity_gradual,0.4,voidmass_deficit_upper,0.0001018056645989418,258,ok
BPI_Challenge_2013_closed_problems,toothpaste_noise10,activity_gradual,0.4,voidmass_movecount,0.00010889768600463867,258,ok
BPI_Challenge_2013_closed_problems,toothpaste_noise10,activity_gradual,0.4,voidmass_movecount_bound,0.0001035020686686039,258,ok
BPI_Challenge_2013_closed_problems,toothpaste_noise10,activity_gradual,0.4,voidmass_process_lower,0.00011479994282126427,258,ok
BPI_Challenge_2013_closed_problems,toothpaste_noise10,activity_gradual,0.4,voidmass_process_upper,9.429687634110451e-05,258,ok
BPI_Challenge_2013_closed_problems,toothpaste_noise10,activity_gradual,0.4,voidsalign3,0.01689059659838612,258,ok
BPI_Challenge_2013_closed_problems,toothpaste_noise10,activity_gradual,0.4,voidsat2,0.8075453969649843,258,ok
BPI_Challenge_2013_closed_problems,toothpaste_noise10,activity_gradual,0.4,weight_voidage,0.0018298011273143533,258,ok
BPI_Challenge_2013_closed_problems,toothpaste_noise10,activity_gradual,0.5,aligned_duration_cache,1.39496329985559,1,ok
BPI_Challenge_2013_closed_problems,toothpaste_noise10,activity_gradual,0.5,alignment_coverage_pn2_lower,0.01853900402784235,258,ok
BPI_Challenge_2013_closed_problems,toothpaste_noise10,activity_gradual,0.5,alignment_coverage_pn2_upper,0.009071301203220423,258,ok
BPI_Challenge_2013_closed_problems,toothpaste_noise10,activity_gradual,0.5,classical,7.591559400316328,1,ok
BPI_Challenge_2013_closed_problems,toothpaste_noise10,activity_gradual,0.5,dv,10.283429400064051,1,ok
BPI_Challenge_2013_closed_problems,toothpaste_noise10,activity_gradual,0.5,executions_cache,0.0001264000311493,1,ok
BPI_Challenge_2013_closed_problems,toothpaste_noise10,activity_gradual,0.5,matchprob,8.720811456441879e-05,258,ok
BPI_Challenge_2013_closed_problems,toothpaste_noise10,activity_gradual,0.5,mean_leaf_skipprob,5.690008401870728e-05,1,ok
BPI_Challenge_2013_closed_problems,toothpaste_noise10,activity_gradual,0.5,salign_coverage,0.017555399797856235,258,ok
BPI_Challenge_2013_closed_problems,toothpaste_noise10,activity_gradual,0.5,skipprob,9.169988334178925e-05,258,ok
BPI_Challenge_2013_closed_problems,toothpaste_noise10,activity_gradual,0.5,traces,1.3948108996264637,1,ok
BPI_Challenge_2013_closed_problems,toothpaste_noise10,activity_gradual,0.5,voidmass_deficit_lower,0.00030540209263563156,258,ok
BPI_Challenge_2013_closed_problems,toothpaste_noise10,activity_gradual,0.5,voidmass_deficit_upper,0.00010189693421125412,258,ok
BPI_Challenge_2013_closed_problems,toothpaste_noise10,activity_gradual,0.5,voidmass_movecount,0.00011020200327038765,258,ok
BPI_Challenge_2013_closed_problems,toothpaste_noise10,activity_gradual,0.5,voidmass_movecount_bound,0.00010120123624801636,258,ok
BPI_Challenge_2013_closed_problems,toothpaste_noise10,activity_gradual,0.5,voidmass_process_lower,0.00011570053175091743,258,ok
BPI_Challenge_2013_closed_problems,toothpaste_noise10,activity_gradual,0.5,voidmass_process_upper,9.209662675857544e-05,258,ok
BPI_Challenge_2013_closed_problems,toothpaste_noise10,activity_gradual,0.5,voidsalign3,0.00799529487267092,258,ok
BPI_Challenge_2013_closed_problems,toothpaste_noise10,activity_gradual,0.5,voidsat2,0.7686641989275681,258,ok
BPI_Challenge_2013_closed_problems,toothpaste_noise10,activity_gradual,0.5,weight_voidage,0.0017952034249899954,258,ok
BPI_Challenge_2013_closed_problems,toothpaste_noise10,activity_gradual,0.6,aligned_duration_cache,1.0419133002869785,1,ok
BPI_Challenge_2013_closed_problems,toothpaste_noise10,activity_gradual,0.6,alignment_coverage_pn2_lower,0.017105099279432642,258,ok
BPI_Challenge_2013_closed_problems,toothpaste_noise10,activity_gradual,0.6,alignment_coverage_pn2_upper,0.008153697010128951,258,ok
BPI_Challenge_2013_closed_problems,toothpaste_noise10,activity_gradual,0.6,classical,7.183531199581921,1,ok
BPI_Challenge_2013_closed_problems,toothpaste_noise10,activity_gradual,0.6,dv,10.170340199954808,1,ok
BPI_Challenge_2013_closed_problems,toothpaste_noise10,activity_gradual,0.6,executions_cache,0.0001301998272538,1,ok
BPI_Challenge_2013_closed_problems,toothpaste_noise10,activity_gradual,0.6,matchprob,8.22986476123333e-05,258,ok
BPI_Challenge_2013_closed_problems,toothpaste_noise10,activity_gradual,0.6,mean_leaf_skipprob,4.910025745630264e-05,1,ok
BPI_Challenge_2013_closed_problems,toothpaste_noise10,activity_gradual,0.6,salign_coverage,0.015537199564277602,258,ok
BPI_Challenge_2013_closed_problems,toothpaste_noise10,activity_gradual,0.6,skipprob,8.980324491858482e-05,258,ok
BPI_Challenge_2013_closed_problems,toothpaste_noise10,activity_gradual,0.6,traces,1.0417466997168958,1,ok
BPI_Challenge_2013_closed_problems,toothpaste_noise10,activity_gradual,0.6,voidmass_deficit_lower,0.00026350654661655426,258,ok
BPI_Challenge_2013_closed_problems,toothpaste_noise10,activity_gradual,0.6,voidmass_deficit_upper,9.999796748161316e-05,258,ok
BPI_Challenge_2013_closed_problems,toothpaste_noise10,activity_gradual,0.6,voidmass_movecount,0.00010190112516283989,258,ok
BPI_Challenge_2013_closed_problems,toothpaste_noise10,activity_gradual,0.6,voidmass_movecount_bound,0.00010929582640528679,258,ok
BPI_Challenge_2013_closed_problems,toothpaste_noise10,activity_gradual,0.6,voidmass_process_lower,0.00010810000821948051,258,ok
BPI_Challenge_2013_closed_problems,toothpaste_noise10,activity_gradual,0.6,voidmass_process_upper,9.390059858560562e-05,258,ok
BPI_Challenge_2013_closed_problems,toothpaste_noise10,activity_gradual,0.6,voidsalign3,0.007175696082412828,258,ok
BPI_Challenge_2013_closed_problems,toothpaste_noise10,activity_gradual,0.6,voidsat2,0.754981598816799,258,ok
BPI_Challenge_2013_closed_problems,toothpaste_noise10,activity_gradual,0.6,weight_voidage,0.0016960008069870638,258,ok
BPI_Challenge_2013_closed_problems,toothpaste_noise10,activity_gradual,0.7,aligned_duration_cache,1.01971590006724,1,ok
BPI_Challenge_2013_closed_problems,toothpaste_noise10,activity_gradual,0.7,alignment_coverage_pn2_lower,0.02280050097033292,258,ok
BPI_Challenge_2013_closed_problems,toothpaste_noise10,activity_gradual,0.7,alignment_coverage_pn2_upper,0.008013401646166316,258,ok
BPI_Challenge_2013_closed_problems,toothpaste_noise10,activity_gradual,0.7,classical,6.92370539996773,1,ok
BPI_Challenge_2013_closed_problems,toothpaste_noise10,activity_gradual,0.7,dv,9.782579199876636,1,ok
BPI_Challenge_2013_closed_problems,toothpaste_noise10,activity_gradual,0.7,executions_cache,0.0001022997312247,1,ok
BPI_Challenge_2013_closed_problems,toothpaste_noise10,activity_gradual,0.7,matchprob,8.370121940970421e-05,258,ok
BPI_Challenge_2013_closed_problems,toothpaste_noise10,activity_gradual,0.7,mean_leaf_skipprob,4.890002310276032e-05,1,ok
BPI_Challenge_2013_closed_problems,toothpaste_noise10,activity_gradual,0.7,salign_coverage,0.02047199802473142,258,ok
BPI_Challenge_2013_closed_problems,toothpaste_noise10,activity_gradual,0.7,skipprob,8.550053462386131e-05,258,ok
BPI_Challenge_2013_closed_problems,toothpaste_noise10,activity_gradual,0.7,traces,1.0195543002337215,1,ok
BPI_Challenge_2013_closed_problems,toothpaste_noise10,activity_gradual,0.7,voidmass_deficit_lower,0.00024970341473817825,258,ok
BPI_Challenge_2013_closed_problems,toothpaste_noise10,activity_gradual,0.7,voidmass_deficit_upper,9.619910269975662e-05,258,ok
BPI_Challenge_2013_closed_problems,toothpaste_noise10,activity_gradual,0.7,voidmass_movecount,0.00010049808770418167,258,ok
BPI_Challenge_2013_closed_problems,toothpaste_noise10,activity_gradual,0.7,voidmass_movecount_bound,0.00010299775749444962,258,ok
BPI_Challenge_2013_closed_problems,toothpaste_noise10,activity_gradual,0.7,voidmass_process_lower,0.00010030018165707588,258,ok
BPI_Challenge_2013_closed_problems,toothpaste_noise10,activity_gradual,0.7,voidmass_process_upper,8.969893679022789e-05,258,ok
BPI_Challenge_2013_closed_problems,toothpaste_noise10,activity_gradual,0.7,voidsalign3,0.0062794005498286115,258,ok
BPI_Challenge_2013_closed_problems,toothpaste_noise10,activity_gradual,0.7,voidsat2,0.7470748950727155,258,ok
BPI_Challenge_2013_closed_problems,toothpaste_noise10,activity_gradual,0.7,weight_voidage,0.001715098042040906,258,ok
BPI_Challenge_2013_closed_problems,toothpaste_noise10,activity_gradual,0.8,aligned_duration_cache,0.9760640999302268,1,ok
BPI_Challenge_2013_closed_problems,toothpaste_noise10,activity_gradual,0.8,alignment_coverage_pn2_lower,0.018993702717124764,258,ok
BPI_Challenge_2013_closed_problems,toothpaste_noise10,activity_gradual,0.8,alignment_coverage_pn2_upper,0.005648400634526604,258,ok
BPI_Challenge_2013_closed_problems,toothpaste_noise10,activity_gradual,0.8,classical,4.386051099747419,1,ok
BPI_Challenge_2013_closed_problems,toothpaste_noise10,activity_gradual,0.8,dv,9.418573000002652,1,ok
BPI_Challenge_2013_closed_problems,toothpaste_noise10,activity_gradual,0.8,executions_cache,0.0001090997830033,1,ok
BPI_Challenge_2013_closed_problems,toothpaste_noise10,activity_gradual,0.8,matchprob,0.0001531057059764862,258,ok
BPI_Challenge_2013_closed_problems,toothpaste_noise10,activity_gradual,0.8,mean_leaf_skipprob,5.719996988773346e-05,1,ok
BPI_Challenge_2013_closed_problems,toothpaste_noise10,activity_gradual,0.8,salign_coverage,0.018191601149737183,258,ok
BPI_Challenge_2013_closed_problems,toothpaste_noise10,activity_gradual,0.8,skipprob,0.0001429966650903225,258,ok
BPI_Challenge_2013_closed_problems,toothpaste_noise10,activity_gradual,0.8,traces,0.9758986001834272,1,ok
BPI_Challenge_2013_closed_problems,toothpaste_noise10,activity_gradual,0.8,voidmass_deficit_lower,0.0005503962747752666,258,ok
BPI_Challenge_2013_closed_problems,toothpaste_noise10,activity_gradual,0.8,voidmass_deficit_upper,0.0001679966226220131,258,ok
BPI_Challenge_2013_closed_problems,toothpaste_noise10,activity_gradual,0.8,voidmass_movecount,0.00015209941193461418,258,ok
BPI_Challenge_2013_closed_problems,toothpaste_noise10,activity_gradual,0.8,voidmass_movecount_bound,0.00018680328503251076,258,ok
BPI_Challenge_2013_closed_problems,toothpaste_noise10,activity_gradual,0.8,voidmass_process_lower,0.00017479946836829185,258,ok
BPI_Challenge_2013_closed_problems,toothpaste_noise10,activity_gradual,0.8,voidmass_process_upper,0.00014510098844766617,258,ok
BPI_Challenge_2013_closed_problems,toothpaste_noise10,activity_gradual,0.8,voidsalign3,0.005596897564828007,258,ok
BPI_Challenge_2013_closed_problems,toothpaste_noise10,activity_gradual,0.8,voidsat2,0.9737796974368265,258,ok
BPI_Challenge_2013_closed_problems,toothpaste_noise10,activity_gradual,0.8,weight_voidage,0.0032624956220385316,258,ok
BPI_Challenge_2013_closed_problems,toothpaste_noise10,activity_gradual,0.9,aligned_duration_cache,0.6838358999229968,1,ok
BPI_Challenge_2013_closed_problems,toothpaste_noise10,activity_gradual,0.9,alignment_coverage_pn2_lower,0.005236805416643523,258,ok
BPI_Challenge_2013_closed_problems,toothpaste_noise10,activity_gradual,0.9,alignment_coverage_pn2_upper,0.00252830283716321,258,ok
BPI_Challenge_2013_closed_problems,toothpaste_noise10,activity_gradual,0.9,classical,1.4241379001177847,1,ok
BPI_Challenge_2013_closed_problems,toothpaste_noise10,activity_gradual,0.9,dv,7.770089500118047,1,ok
BPI_Challenge_2013_closed_problems,toothpaste_noise10,activity_gradual,0.9,executions_cache,0.0001166998408734,1,ok
BPI_Challenge_2013_closed_problems,toothpaste_noise10,activity_gradual,0.9,matchprob,8.140318095684052e-05,258,ok
BPI_Challenge_2013_closed_problems,toothpaste_noise10,activity_gradual,0.9,mean_leaf_skipprob,6.260024383664131e-05,1,ok
BPI_Challenge_2013_closed_problems,toothpaste_noise10,activity_gradual,0.9,salign_coverage,0.0057961023412644195,258,ok
BPI_Challenge_2013_closed_problems,toothpaste_noise10,activity_gradual,0.9,skipprob,8.8502187281847e-05,258,ok
BPI_Challenge_2013_closed_problems,toothpaste_noise10,activity_gradual,0.9,traces,0.6836756998673081,1,ok
BPI_Challenge_2013_closed_problems,toothpaste_noise10,activity_gradual,0.9,voidmass_deficit_lower,0.00021349964663386345,258,ok
BPI_Challenge_2013_closed_problems,toothpaste_noise10,activity_gradual,0.9,voidmass_deficit_upper,9.910436347126961e-05,258,ok
BPI_Challenge_2013_closed_problems,toothpaste_noise10,activity_gradual,0.9,voidmass_movecount,9.65045765042305e-05,258,ok
BPI_Challenge_2013_closed_problems,toothpaste_noise10,activity_gradual,0.9,voidmass_movecount_bound,9.709782898426056e-05,258,ok
BPI_Challenge_2013_closed_problems,toothpaste_noise10,activity_gradual,0.9,voidmass_process_lower,0.00010599661618471146,258,ok
BPI_Challenge_2013_closed_problems,toothpaste_noise10,activity_gradual,0.9,voidmass_process_upper,9.20039601624012e-05,258,ok
BPI_Challenge_2013_closed_problems,toothpaste_noise10,activity_gradual,0.9,voidsalign3,0.0027271937578916485,258,ok
BPI_Challenge_2013_closed_problems,toothpaste_noise10,activity_gradual,0.9,voidsat2,0.457835001405316,258,ok
BPI_Challenge_2013_closed_problems,toothpaste_noise10,activity_gradual,0.9,weight_voidage,0.0016395975835619423,258,ok
BPI_Challenge_2013_closed_problems,toothpaste_noise10,trace,0.1,aligned_duration_cache,0.9745387001894414,1,ok
BPI_Challenge_2013_closed_problems,toothpaste_noise10,trace,0.1,alignment_coverage_pn2_lower,0.1705533978529145,258,ok
BPI_Challenge_2013_closed_problems,toothpaste_noise10,trace,0.1,alignment_coverage_pn2_upper,0.1148159955628084,258,ok
BPI_Challenge_2013_closed_problems,toothpaste_noise10,trace,0.1,classical,751.1104287002236,1,ok
BPI_Challenge_2013_closed_problems,toothpaste_noise10,trace,0.1,dv,43.82852640002966,1,ok
BPI_Challenge_2013_closed_problems,toothpaste_noise10,trace,0.1,executions_cache,9.959982708096504e-05,1,ok
BPI_Challenge_2013_closed_problems,toothpaste_noise10,trace,0.1,matchprob,0.00010490091517567635,258,ok
BPI_Challenge_2013_closed_problems,toothpaste_noise10,trace,0.1,mean_leaf_skipprob,6.330013275146484e-05,1,ok
BPI_Challenge_2013_closed_problems,toothpaste_noise10,trace,0.1,salign_coverage,0.2745947954244791,258,ok
BPI_Challenge_2013_closed_problems,toothpaste_noise10,trace,0.1,skipprob,0.00013069948181509972,258,ok
BPI_Challenge_2013_closed_problems,toothpaste_noise10,trace,0.1,traces,0.9743814002722502,1,ok
BPI_Challenge_2013_closed_problems,toothpaste_noise10,trace,0.1,voidmass_deficit_lower,0.000427397433668375,258,ok
BPI_Challenge_2013_closed_problems,toothpaste_noise10,trace,0.1,voidmass_deficit_upper,0.00013759545981884003,258,ok
BPI_Challenge_2013_closed_problems,toothpaste_noise10,trace,0.1,voidmass_movecount,0.00013689696788787842,258,ok
BPI_Challenge_2013_closed_problems,toothpaste_noise10,trace,0.1,voidmass_movecount_bound,0.00012079579755663872,258,ok
BPI_Challenge_2013_closed_problems,toothpaste_noise10,trace,0.1,voidmass_process_lower,0.00013190321624279022,258,ok
BPI_Challenge_2013_closed_problems,toothpaste_noise10,trace,0.1,voidmass_process_upper,0.00010950164869427681,258,ok
BPI_Challenge_2013_closed_problems,toothpaste_noise10,trace,0.1,voidsalign3,0.1710788006894154,258,ok
BPI_Challenge_2013_closed_problems,toothpaste_noise10,trace,0.1,voidsat2,1.1697232979349654,258,ok
BPI_Challenge_2013_closed_problems,toothpaste_noise10,trace,0.1,weight_voidage,0.0024610967375336495,258,ok
BPI_Challenge_2013_closed_problems,toothpaste_noise10,trace,0.2,aligned_duration_cache,0.8862119000405073,1,ok
BPI_Challenge_2013_closed_problems,toothpaste_noise10,trace,0.2,alignment_coverage_pn2_lower,0.2230551033280664,258,ok
BPI_Challenge_2013_closed_problems,toothpaste_noise10,trace,0.2,alignment_coverage_pn2_upper,0.1032964000478264,258,ok
BPI_Challenge_2013_closed_problems,toothpaste_noise10,trace,0.2,classical,631.3671607999131,1,ok
BPI_Challenge_2013_closed_problems,toothpaste_noise10,trace,0.2,dv,44.02908679982647,1,ok
BPI_Challenge_2013_closed_problems,toothpaste_noise10,trace,0.2,executions_cache,0.0001433999277651,1,ok
BPI_Challenge_2013_closed_problems,toothpaste_noise10,trace,0.2,matchprob,9.529665112495422e-05,258,ok
BPI_Challenge_2013_closed_problems,toothpaste_noise10,trace,0.2,mean_leaf_skipprob,4.869978874921799e-05,1,ok
BPI_Challenge_2013_closed_problems,toothpaste_noise10,trace,0.2,salign_coverage,0.2910736002959182,258,ok
BPI_Challenge_2013_closed_problems,toothpaste_noise10,trace,0.2,skipprob,0.0001108972355723381,258,ok
BPI_Challenge_2013_closed_problems,toothpaste_noise10,trace,0.2,traces,0.886020400095731,1,ok
BPI_Challenge_2013_closed_problems,toothpaste_noise10,trace,0.2,voidmass_deficit_lower,0.0003695017658174038,258,ok
BPI_Challenge_2013_closed_problems,toothpaste_noise10,trace,0.2,voidmass_deficit_upper,0.0001248074695467949,258,ok
BPI_Challenge_2013_closed_problems,toothpaste_noise10,trace,0.2,voidmass_movecount,0.00012830086052417755,258,ok
BPI_Challenge_2013_closed_problems,toothpaste_noise10,trace,0.2,voidmass_movecount_bound,0.00011040410026907921,258,ok
BPI_Challenge_2013_closed_problems,toothpaste_noise10,trace,0.2,voidmass_process_lower,0.00012930063530802727,258,ok
BPI_Challenge_2013_closed_problems,toothpaste_noise10,trace,0.2,voidmass_process_upper,0.00010640360414981842,258,ok
BPI_Challenge_2013_closed_problems,toothpaste_noise10,trace,0.2,voidsalign3,0.1561162043362718,258,ok
BPI_Challenge_2013_closed_problems,toothpaste_noise10,trace,0.2,voidsat2,1.1754822968505194,258,ok
BPI_Challenge_2013_closed_problems,toothpaste_noise10,trace,0.2,weight_voidage,0.002193699125200352,258,ok
BPI_Challenge_2013_closed_problems,toothpaste_noise10,trace,0.3,aligned_duration_cache,0.7654069000855088,1,ok
BPI_Challenge_2013_closed_problems,toothpaste_noise10,trace,0.3,alignment_coverage_pn2_lower,0.149758996441947,258,ok
BPI_Challenge_2013_closed_problems,toothpaste_noise10,trace,0.3,alignment_coverage_pn2_upper,0.0925023006275163,258,ok
BPI_Challenge_2013_closed_problems,toothpaste_noise10,trace,0.3,classical,589.115903600119,1,ok
BPI_Challenge_2013_closed_problems,toothpaste_noise10,trace,0.3,dv,41.58974160021171,1,ok
BPI_Challenge_2013_closed_problems,toothpaste_noise10,trace,0.3,executions_cache,0.0001233001239597,1,ok
BPI_Challenge_2013_closed_problems,toothpaste_noise10,trace,0.3,matchprob,9.799841791391373e-05,258,ok
BPI_Challenge_2013_closed_problems,toothpaste_noise10,trace,0.3,mean_leaf_skipprob,5.310028791427612e-05,1,ok
BPI_Challenge_2013_closed_problems,toothpaste_noise10,trace,0.3,salign_coverage,0.2489636954851328,258,ok
BPI_Challenge_2013_closed_problems,toothpaste_noise10,trace,0.3,skipprob,0.00011530006304383278,258,ok
BPI_Challenge_2013_closed_problems,toothpaste_noise10,trace,0.3,traces,0.7652417002245784,1,ok
BPI_Challenge_2013_closed_problems,toothpaste_noise10,trace,0.3,voidmass_deficit_lower,0.0004093036986887455,258,ok
BPI_Challenge_2013_closed_problems,toothpaste_noise10,trace,0.3,voidmass_deficit_upper,0.00012899842113256454,258,ok
BPI_Challenge_2013_closed_problems,toothpaste_noise10,trace,0.3,voidmass_movecount,0.00012940214946866035,258,ok
BPI_Challenge_2013_closed_problems,toothpaste_noise10,trace,0.3,voidmass_movecount_bound,0.00011680182069540024,258,ok
BPI_Challenge_2013_closed_problems,toothpaste_noise10,trace,0.3,voidmass_process_lower,0.0001346999779343605,258,ok
BPI_Challenge_2013_closed_problems,toothpaste_noise10,trace,0.3,voidmass_process_upper,0.00011020293459296227,258,ok
BPI_Challenge_2013_closed_problems,toothpaste_noise10,trace,0.3,voidsalign3,0.1429749033413695,258,ok
BPI_Challenge_2013_closed_problems,toothpaste_noise10,trace,0.3,voidsat2,0.9175653029233086,258,ok
BPI_Challenge_2013_closed_problems,toothpaste_noise10,trace,0.3,weight_voidage,0.0023133899085222833,258,ok
BPI_Challenge_2013_closed_problems,toothpaste_noise10,trace,0.4,aligned_duration_cache,0.6731750001199543,1,ok
BPI_Challenge_2013_closed_problems,toothpaste_noise10,trace,0.4,alignment_coverage_pn2_lower,0.1630278984084599,258,ok
BPI_Challenge_2013_closed_problems,toothpaste_noise10,trace,0.4,alignment_coverage_pn2_upper,0.0719122043810652,258,ok
BPI_Challenge_2013_closed_problems,toothpaste_noise10,trace,0.4,classical,459.7152761998586,1,ok
BPI_Challenge_2013_closed_problems,toothpaste_noise10,trace,0.4,dv,36.99793179985136,1,ok
BPI_Challenge_2013_closed_problems,toothpaste_noise10,trace,0.4,executions_cache,0.0001259003765881,1,ok
BPI_Challenge_2013_closed_problems,toothpaste_noise10,trace,0.4,matchprob,9.700050577521324e-05,258,ok
BPI_Challenge_2013_closed_problems,toothpaste_noise10,trace,0.4,mean_leaf_skipprob,4.99999150633812e-05,1,ok
BPI_Challenge_2013_closed_problems,toothpaste_noise10,trace,0.4,salign_coverage,0.233894393313664,258,ok
BPI_Challenge_2013_closed_problems,toothpaste_noise10,trace,0.4,skipprob,0.00011199573054909706,258,ok
BPI_Challenge_2013_closed_problems,toothpaste_noise10,trace,0.4,traces,0.6730027999728918,1,ok
BPI_Challenge_2013_closed_problems,toothpaste_noise10,trace,0.4,voidmass_deficit_lower,0.0003892001695930958,258,ok
BPI_Challenge_2013_closed_problems,toothpaste_noise10,trace,0.4,voidmass_deficit_upper,0.00013320008292794228,258,ok
BPI_Challenge_2013_closed_problems,toothpaste_noise10,trace,0.4,voidmass_movecount,0.0001303008757531643,258,ok
BPI_Challenge_2013_closed_problems,toothpaste_noise10,trace,0.4,voidmass_movecount_bound,0.00012020254507660866,258,ok
BPI_Challenge_2013_closed_problems,toothpaste_noise10,trace,0.4,voidmass_process_lower,0.00013229483738541603,258,ok
BPI_Challenge_2013_closed_problems,toothpaste_noise10,trace,0.4,voidmass_process_upper,0.0001066969707608223,258,ok
BPI_Challenge_2013_closed_problems,toothpaste_noise10,trace,0.4,voidsalign3,0.1131487004458772,258,ok
BPI_Challenge_2013_closed_problems,toothpaste_noise10,trace,0.4,voidsat2,0.7342668934725098,258,ok
BPI_Challenge_2013_closed_problems,toothpaste_noise10,trace,0.4,weight_voidage,0.0022196993231771737,258,ok
BPI_Challenge_2013_closed_problems,toothpaste_noise10,trace,0.5,aligned_duration_cache,0.6677826000377536,1,ok
BPI_Challenge_2013_closed_problems,toothpaste_noise10,trace,0.5,alignment_coverage_pn2_lower,0.1082383994944279,258,ok
BPI_Challenge_2013_closed_problems,toothpaste_noise10,trace,0.5,alignment_coverage_pn2_upper,0.0634394986554865,258,ok
BPI_Challenge_2013_closed_problems,toothpaste_noise10,trace,0.5,classical,460.50843480043113,1,ok
BPI_Challenge_2013_closed_problems,toothpaste_noise10,trace,0.5,dv,34.13227789988741,1,ok
BPI_Challenge_2013_closed_problems,toothpaste_noise10,trace,0.5,executions_cache,0.0001233997754752,1,ok
BPI_Challenge_2013_closed_problems,toothpaste_noise10,trace,0.5,matchprob,0.00010539544746279716,258,ok
BPI_Challenge_2013_closed_problems,toothpaste_noise10,trace,0.5,mean_leaf_skipprob,5.359994247555733e-05,1,ok
BPI_Challenge_2013_closed_problems,toothpaste_noise10,trace,0.5,salign_coverage,0.1615626960992682,258,ok
BPI_Challenge_2013_closed_problems,toothpaste_noise10,trace,0.5,skipprob,0.00010890141129493713,258,ok
BPI_Challenge_2013_closed_problems,toothpaste_noise10,trace,0.5,traces,0.6676177000626922,1,ok
BPI_Challenge_2013_closed_problems,toothpaste_noise10,trace,0.5,voidmass_deficit_lower,0.00039380695670843124,258,ok
BPI_Challenge_2013_closed_problems,toothpaste_noise10,trace,0.5,voidmass_deficit_upper,0.00012529874220490456,258,ok
BPI_Challenge_2013_closed_problems,toothpaste_noise10,trace,0.5,voidmass_movecount,0.00012860028073191643,258,ok
BPI_Challenge_2013_closed_problems,toothpaste_noise10,trace,0.5,voidmass_movecount_bound,0.0001174011267721653,258,ok
BPI_Challenge_2013_closed_problems,toothpaste_noise10,trace,0.5,voidmass_process_lower,0.0001317998394370079,258,ok
BPI_Challenge_2013_closed_problems,toothpaste_noise10,trace,0.5,voidmass_process_upper,0.00010589975863695145,258,ok
BPI_Challenge_2013_closed_problems,toothpaste_noise10,trace,0.5,voidsalign3,0.09306099964304371,258,ok
BPI_Challenge_2013_closed_problems,toothpaste_noise10,trace,0.5,voidsat2,0.6121078939176967,258,ok
BPI_Challenge_2013_closed_problems,toothpaste_noise10,trace,0.5,weight_voidage,0.0021416987292466137,258,ok
BPI_Challenge_2013_closed_problems,toothpaste_noise10,trace,0.6,aligned_duration_cache,0.4597792997956276,1,ok
BPI_Challenge_2013_closed_problems,toothpaste_noise10,trace,0.6,alignment_coverage_pn2_lower,0.0953423986211285,258,ok
BPI_Challenge_2013_closed_problems,toothpaste_noise10,trace,0.6,alignment_coverage_pn2_upper,0.0554208043031258,258,ok
BPI_Challenge_2013_closed_problems,toothpaste_noise10,trace,0.6,classical,451.3297662003897,1,ok
BPI_Challenge_2013_closed_problems,toothpaste_noise10,trace,0.6,dv,37.4174819001928,1,ok
BPI_Challenge_2013_closed_problems,toothpaste_noise10,trace,0.6,executions_cache,0.0001431000418961,1,ok
BPI_Challenge_2013_closed_problems,toothpaste_noise10,trace,0.6,matchprob,9.170267730951309e-05,258,ok
BPI_Challenge_2013_closed_problems,toothpaste_noise10,trace,0.6,mean_leaf_skipprob,5.699973553419113e-05,1,ok
BPI_Challenge_2013_closed_problems,toothpaste_noise10,trace,0.6,salign_coverage,0.1469601015560195,258,ok
BPI_Challenge_2013_closed_problems,toothpaste_noise10,trace,0.6,skipprob,0.00010350439697504044,258,ok
BPI_Challenge_2013_closed_problems,toothpaste_noise10,trace,0.6,traces,0.4595935000106692,1,ok
BPI_Challenge_2013_closed_problems,toothpaste_noise10,trace,0.6,voidmass_deficit_lower,0.0003624977543950081,258,ok
BPI_Challenge_2013_closed_problems,toothpaste_noise10,trace,0.6,voidmass_deficit_upper,0.00012169685214757919,258,ok
BPI_Challenge_2013_closed_problems,toothpaste_noise10,trace,0.6,voidmass_movecount,0.00011800229549407959,258,ok
BPI_Challenge_2013_closed_problems,toothpaste_noise10,trace,0.6,voidmass_movecount_bound,0.00011319899931550026,258,ok
BPI_Challenge_2013_closed_problems,toothpaste_noise10,trace,0.6,voidmass_process_lower,0.00012270407751202583,258,ok
BPI_Challenge_2013_closed_problems,toothpaste_noise10,trace,0.6,voidmass_process_upper,0.00010489625856280327,258,ok
BPI_Challenge_2013_closed_problems,toothpaste_noise10,trace,0.6,voidsalign3,0.0857112975790964,258,ok
BPI_Challenge_2013_closed_problems,toothpaste_noise10,trace,0.6,voidsat2,0.496866698842483,258,ok
BPI_Challenge_2013_closed_problems,toothpaste_noise10,trace,0.6,weight_voidage,0.001973499543964634,258,ok
BPI_Challenge_2013_closed_problems,toothpaste_noise10,trace,0.7,aligned_duration_cache,0.337861199863255,1,ok
BPI_Challenge_2013_closed_problems,toothpaste_noise10,trace,0.7,alignment_coverage_pn2_lower,0.1194562031887356,258,ok
BPI_Challenge_2013_closed_problems,toothpaste_noise10,trace,0.7,alignment_coverage_pn2_upper,0.04057130170985812,258,ok
BPI_Challenge_2013_closed_problems,toothpaste_noise10,trace,0.7,classical,319.1032054000534,1,ok
BPI_Challenge_2013_closed_problems,toothpaste_noise10,trace,0.7,dv,29.03179380018264,1,ok
BPI_Challenge_2013_closed_problems,toothpaste_noise10,trace,0.7,executions_cache,0.0001483000814914,1,ok
BPI_Challenge_2013_closed_problems,toothpaste_noise10,trace,0.7,matchprob,9.170128032565117e-05,258,ok
BPI_Challenge_2013_closed_problems,toothpaste_noise10,trace,0.7,mean_leaf_skipprob,6.090011447668076e-05,1,ok
BPI_Challenge_2013_closed_problems,toothpaste_noise10,trace,0.7,salign_coverage,0.1950142038985964,258,ok
BPI_Challenge_2013_closed_problems,toothpaste_noise10,trace,0.7,skipprob,0.00010760454460978508,258,ok
BPI_Challenge_2013_closed_problems,toothpaste_noise10,trace,0.7,traces,0.337687199935317,1,ok
BPI_Challenge_2013_closed_problems,toothpaste_noise10,trace,0.7,voidmass_deficit_lower,0.0004316028207540512,258,ok
BPI_Challenge_2013_closed_problems,toothpaste_noise10,trace,0.7,voidmass_deficit_upper,0.00013410532847046852,258,ok
BPI_Challenge_2013_closed_problems,toothpaste_noise10,trace,0.7,voidmass_movecount,0.00014339759945869446,258,ok
BPI_Challenge_2013_closed_problems,toothpaste_noise10,trace,0.7,voidmass_movecount_bound,0.0001282980665564537,258,ok
BPI_Challenge_2013_closed_problems,toothpaste_noise10,trace,0.7,voidmass_process_lower,0.00014470145106315613,258,ok
BPI_Challenge_2013_closed_problems,toothpaste_noise10,trace,0.7,voidmass_process_upper,0.00013270042836666107,258,ok
BPI_Challenge_2013_closed_problems,toothpaste_noise10,trace,0.7,voidsalign3,0.0500599006190764,258,ok
BPI_Challenge_2013_closed_problems,toothpaste_noise10,trace,0.7,voidsat2,0.346012404188501,258,ok
BPI_Challenge_2013_closed_problems,toothpaste_noise10,trace,0.7,weight_voidage,0.0021209996193645247,258,ok
BPI_Challenge_2013_closed_problems,toothpaste_noise10,trace,0.8,aligned_duration_cache,0.4229801003821194,1,ok
BPI_Challenge_2013_closed_problems,toothpaste_noise10,trace,0.8,alignment_coverage_pn2_lower,0.045061902143058684,258,ok
BPI_Challenge_2013_closed_problems,toothpaste_noise10,trace,0.8,alignment_coverage_pn2_upper,0.025153002236037558,258,ok
BPI_Challenge_2013_closed_problems,toothpaste_noise10,trace,0.8,classical,36.45980430021882,1,ok
BPI_Challenge_2013_closed_problems,toothpaste_noise10,trace,0.8,dv,15.493057200219482,1,ok
BPI_Challenge_2013_closed_problems,toothpaste_noise10,trace,0.8,executions_cache,0.0001773997209966,1,ok
BPI_Challenge_2013_closed_problems,toothpaste_noise10,trace,0.8,matchprob,8.63056629896164e-05,258,ok
BPI_Challenge_2013_closed_problems,toothpaste_noise10,trace,0.8,mean_leaf_skipprob,6.379978731274605e-05,1,ok
BPI_Challenge_2013_closed_problems,toothpaste_noise10,trace,0.8,salign_coverage,0.0587707026861485,258,ok
BPI_Challenge_2013_closed_problems,toothpaste_noise10,trace,0.8,skipprob,8.950522169470787e-05,258,ok
BPI_Challenge_2013_closed_problems,toothpaste_noise10,trace,0.8,traces,0.4227495999075472,1,ok
BPI_Challenge_2013_closed_problems,toothpaste_noise10,trace,0.8,voidmass_deficit_lower,0.00030849874019622803,258,ok
BPI_Challenge_2013_closed_problems,toothpaste_noise10,trace,0.8,voidmass_deficit_upper,0.00010780151933431625,258,ok
BPI_Challenge_2013_closed_problems,toothpaste_noise10,trace,0.8,voidmass_movecount,0.00011639902368187904,258,ok
BPI_Challenge_2013_closed_problems,toothpaste_noise10,trace,0.8,voidmass_movecount_bound,0.00010529905557632446,258,ok
BPI_Challenge_2013_closed_problems,toothpaste_noise10,trace,0.8,voidmass_process_lower,0.000115999486297369,258,ok
BPI_Challenge_2013_closed_problems,toothpaste_noise10,trace,0.8,voidmass_process_upper,9.64021310210228e-05,258,ok
BPI_Challenge_2013_closed_problems,toothpaste_noise10,trace,0.8,voidsalign3,0.03130269888788141,258,ok
BPI_Challenge_2013_closed_problems,toothpaste_noise10,trace,0.8,voidsat2,0.2178744017146406,258,ok
BPI_Challenge_2013_closed_problems,toothpaste_noise10,trace,0.8,weight_voidage,0.001691295765340193,258,ok
BPI_Challenge_2013_closed_problems,toothpaste_noise10,trace,0.9,aligned_duration_cache,0.1128245000727474,1,ok
BPI_Challenge_2013_closed_problems,toothpaste_noise10,trace,0.9,alignment_coverage_pn2_lower,0.02711210260167611,258,ok
BPI_Challenge_2013_closed_problems,toothpaste_noise10,trace,0.9,alignment_coverage_pn2_upper,0.013684697449206642,258,ok
BPI_Challenge_2013_closed_problems,toothpaste_noise10,trace,0.9,classical,27.39000859996304,1,ok
BPI_Challenge_2013_closed_problems,toothpaste_noise10,trace,0.9,dv,11.472715599928051,1,ok
BPI_Challenge_2013_closed_problems,toothpaste_noise10,trace,0.9,executions_cache,0.0001324997283518,1,ok
BPI_Challenge_2013_closed_problems,toothpaste_noise10,trace,0.9,matchprob,8.310656994581223e-05,258,ok
BPI_Challenge_2013_closed_problems,toothpaste_noise10,trace,0.9,mean_leaf_skipprob,5.579972639679909e-05,1,ok
BPI_Challenge_2013_closed_problems,toothpaste_noise10,trace,0.9,salign_coverage,0.035243798978622766,258,ok
BPI_Challenge_2013_closed_problems,toothpaste_noise10,trace,0.9,skipprob,9.160209447145462e-05,258,ok
BPI_Challenge_2013_closed_problems,toothpaste_noise10,trace,0.9,traces,0.1126558999530971,1,ok
BPI_Challenge_2013_closed_problems,toothpaste_noise10,trace,0.9,voidmass_deficit_lower,0.00024419650435447693,258,ok
BPI_Challenge_2013_closed_problems,toothpaste_noise10,trace,0.9,voidmass_deficit_upper,0.00010939966887235641,258,ok
BPI_Challenge_2013_closed_problems,toothpaste_noise10,trace,0.9,voidmass_movecount,0.0001101987436413765,258,ok
BPI_Challenge_2013_closed_problems,toothpaste_noise10,trace,0.9,voidmass_movecount_bound,0.00011140154674649239,258,ok
BPI_Challenge_2013_closed_problems,toothpaste_noise10,trace,0.9,voidmass_process_lower,0.00011999951675534248,258,ok
BPI_Challenge_2013_closed_problems,toothpaste_noise10,trace,0.9,voidmass_process_upper,9.770318865776062e-05,258,ok
BPI_Challenge_2013_closed_problems,toothpaste_noise10,trace,0.9,voidsalign3,0.0172248976305116,258,ok
BPI_Challenge_2013_closed_problems,toothpaste_noise10,trace,0.9,voidsat2,0.1118286023847628,258,ok
BPI_Challenge_2013_closed_problems,toothpaste_noise10,trace,0.9,weight_voidage,0.0017657964490350672,258,ok
BPI_Challenge_2013_closed_problems,toothpaste_noise10,,0.0,aligned_duration_cache,1.1481118998490274,1,ok
BPI_Challenge_2013_closed_problems,toothpaste_noise10,,0.0,alignment_coverage_pn2_lower,0.4208217994309838,258,ok
BPI_Challenge_2013_closed_problems,toothpaste_noise10,,0.0,alignment_coverage_pn2_upper,0.1402753996662669,258,ok
BPI_Challenge_2013_closed_problems,toothpaste_noise10,,0.0,classical,796.021764700301,1,ok
BPI_Challenge_2013_closed_problems,toothpaste_noise10,,0.0,dv,46.83724700007588,1,ok
BPI_Challenge_2013_closed_problems,toothpaste_noise10,,0.0,executions_cache,8.760020136833191e-05,1,ok
BPI_Challenge_2013_closed_problems,toothpaste_noise10,,0.0,matchprob,0.00011589750647544861,258,ok
BPI_Challenge_2013_closed_problems,toothpaste_noise10,,0.0,mean_leaf_skipprob,4.739966243505478e-05,1,ok
BPI_Challenge_2013_closed_problems,toothpaste_noise10,,0.0,salign_coverage,0.4341612979769584,258,ok
BPI_Challenge_2013_closed_problems,toothpaste_noise10,,0.0,skipprob,0.0001396029256284237,258,ok
BPI_Challenge_2013_closed_problems,toothpaste_noise10,,0.0,traces,1.1479404997080564,1,ok
BPI_Challenge_2013_closed_problems,toothpaste_noise10,,0.0,voidmass_deficit_lower,0.0005127997137606144,258,ok
BPI_Challenge_2013_closed_problems,toothpaste_noise10,,0.0,voidmass_deficit_upper,0.00015930179506540298,258,ok
BPI_Challenge_2013_closed_problems,toothpaste_noise10,,0.0,voidmass_movecount,0.0001471973955631256,258,ok
BPI_Challenge_2013_closed_problems,toothpaste_noise10,,0.0,voidmass_movecount_bound,0.00013719918206334114,258,ok
BPI_Challenge_2013_closed_problems,toothpaste_noise10,,0.0,voidmass_process_lower,0.00015760399401187897,258,ok
BPI_Challenge_2013_closed_problems,toothpaste_noise10,,0.0,voidmass_process_upper,0.0001229005865752697,258,ok
BPI_Challenge_2013_closed_problems,toothpaste_noise10,,0.0,voidsalign3,0.2075071991421153,258,ok
BPI_Challenge_2013_closed_problems,toothpaste_noise10,,0.0,voidsat2,1.4021884985267994,258,ok
BPI_Challenge_2013_closed_problems,toothpaste_noise10,,0.0,weight_voidage,0.0023780027404425074,258,ok
