log,combo,degradation_dim,degradation_level,metric_or_stage,seconds,rows,status
partial_sequence,inductive_noise20,activity_frequency_gradual,0.1,aligned_duration_cache,0.002395000308752,1,ok
partial_sequence,inductive_noise20,activity_frequency_gradual,0.1,alignment_coverage_pn2_lower,8.999975398182869e-05,11,ok
partial_sequence,inductive_noise20,activity_frequency_gradual,0.1,alignment_coverage_pn2_upper,5.380110815167427e-05,11,ok
partial_sequence,inductive_noise20,activity_frequency_gradual,0.1,classical,0.0064167999662458,1,ok
partial_sequence,inductive_noise20,activity_frequency_gradual,0.1,dv,5.84983120020479,1,ok
partial_sequence,inductive_noise20,activity_frequency_gradual,0.1,executions_cache,7.100403308868408e-06,1,ok
partial_sequence,inductive_noise20,activity_frequency_gradual,0.1,matchprob,3.400258719921112e-06,11,ok
partial_sequence,inductive_noise20,activity_frequency_gradual,0.1,mean_leaf_skipprob,3.000255674123764e-06,1,ok
partial_sequence,inductive_noise20,activity_frequency_gradual,0.1,salign_coverage,0.00011300016194581985,11,ok
partial_sequence,inductive_noise20,activity_frequency_gradual,0.1,skipprob,3.700144588947296e-06,11,ok
partial_sequence,inductive_noise20,activity_frequency_gradual,0.1,traces,0.0023806001991033,1,ok
partial_sequence,inductive_noise20,activity_frequency_gradual,0.1,voidmass_deficit_lower,5.600042641162872e-06,11,ok
partial_sequence,inductive_noise20,activity_frequency_gradual,0.1,voidmass_deficit_upper,3.6009587347507477e-06,11,ok
partial_sequence,inductive_noise20,activity_frequency_gradual,0.1,voidmass_movecount,2.8996728360652924e-06,11,ok
partial_sequence,inductive_noise20,activity_frequency_gradual,0.1,voidmass_movecount_bound,3.500375896692276e-06,11,ok
partial_sequence,inductive_noise20,activity_frequency_gradual,0.1,voidmass_process_lower,3.900378942489624e-06,11,ok
partial_sequence,inductive_noise20,activity_frequency_gradual,0.1,voidmass_process_upper,3.1995587050914764e-06,11,ok
partial_sequence,inductive_noise20,activity_frequency_gradual,0.1,voidsalign3,6.62999227643013e-05,11,ok
partial_sequence,inductive_noise20,activity_frequency_gradual,0.1,voidsat2,0.00022070016711950302,11,ok
partial_sequence,inductive_noise20,activity_frequency_gradual,0.1,weight_voidage,2.2899825125932693e-05,11,ok
partial_sequence,inductive_noise20,activity_frequency_gradual,0.2,aligned_duration_cache,0.0024255001917481,1,ok
partial_sequence,inductive_noise20,activity_frequency_gradual,0.2,alignment_coverage_pn2_lower,9.020045399665833e-05,11,ok
partial_sequence,inductive_noise20,activity_frequency_gradual,0.2,alignment_coverage_pn2_upper,5.289958789944649e-05,11,ok
partial_sequence,inductive_noise20,activity_frequency_gradual,0.2,classical,0.0066931997425854,1,ok
partial_sequence,inductive_noise20,activity_frequency_gradual,0.2,dv,5.83619419997558,1,ok
partial_sequence,inductive_noise20,activity_frequency_gradual,0.2,executions_cache,7.6000578701496124e-06,1,ok
partial_sequence,inductive_noise20,activity_frequency_gradual,0.2,matchprob,3.4999102354049683e-06,11,ok
partial_sequence,inductive_noise20,activity_frequency_gradual,0.2,mean_leaf_skipprob,2.9001384973526e-06,1,ok
partial_sequence,inductive_noise20,activity_frequency_gradual,0.2,salign_coverage,0.00011530006304383278,11,ok
partial_sequence,inductive_noise20,activity_frequency_gradual,0.2,skipprob,3.2996758818626404e-06,11,ok
partial_sequence,inductive_noise20,activity_frequency_gradual,0.2,traces,0.0024108998477458,1,ok
partial_sequence,inductive_noise20,activity_frequency_gradual,0.2,voidmass_deficit_lower,6.1998143792152405e-06,11,ok
partial_sequence,inductive_noise20,activity_frequency_gradual,0.2,voidmass_deficit_upper,3.900378942489624e-06,11,ok
partial_sequence,inductive_noise20,activity_frequency_gradual,0.2,voidmass_movecount,2.800021320581436e-06,11,ok
partial_sequence,inductive_noise20,activity_frequency_gradual,0.2,voidmass_movecount_bound,3.1995587050914764e-06,11,ok
partial_sequence,inductive_noise20,activity_frequency_gradual,0.2,voidmass_process_lower,4.201196134090424e-06,11,ok
partial_sequence,inductive_noise20,activity_frequency_gradual,0.2,voidmass_process_upper,3.1013041734695435e-06,11,ok
partial_sequence,inductive_noise20,activity_frequency_gradual,0.2,voidsalign3,6.82012178003788e-05,11,ok
partial_sequence,inductive_noise20,activity_frequency_gradual,0.2,voidsat2,0.00019780080765485764,11,ok
partial_sequence,inductive_noise20,activity_frequency_gradual,0.2,weight_voidage,2.2600870579481125e-05,11,ok
partial_sequence,inductive_noise20,activity_frequency_gradual,0.3,aligned_duration_cache,0.0023918999359011,1,ok
partial_sequence,inductive_noise20,activity_frequency_gradual,0.3,alignment_coverage_pn2_lower,7.089972496032715e-05,11,ok
partial_sequence,inductive_noise20,activity_frequency_gradual,0.3,alignment_coverage_pn2_upper,4.400033503770828e-05,11,ok
partial_sequence,inductive_noise20,activity_frequency_gradual,0.3,classical,0.0064207999967038,1,ok
partial_sequence,inductive_noise20,activity_frequency_gradual,0.3,dv,5.594141100067645,1,ok
partial_sequence,inductive_noise20,activity_frequency_gradual,0.3,executions_cache,6.500165909528732e-06,1,ok
partial_sequence,inductive_noise20,activity_frequency_gradual,0.3,matchprob,3.298744559288025e-06,11,ok
partial_sequence,inductive_noise20,activity_frequency_gradual,0.3,mean_leaf_skipprob,2.9001384973526e-06,1,ok
partial_sequence,inductive_noise20,activity_frequency_gradual,0.3,salign_coverage,9.829970076680183e-05,11,ok
partial_sequence,inductive_noise20,activity_frequency_gradual,0.3,skipprob,3.6009587347507477e-06,11,ok
partial_sequence,inductive_noise20,activity_frequency_gradual,0.3,traces,0.002377999946475,1,ok
partial_sequence,inductive_noise20,activity_frequency_gradual,0.3,voidmass_deficit_lower,5.899928510189056e-06,11,ok
partial_sequence,inductive_noise20,activity_frequency_gradual,0.3,voidmass_deficit_upper,3.899913281202316e-06,11,ok
partial_sequence,inductive_noise20,activity_frequency_gradual,0.3,voidmass_movecount,2.6994384825229645e-06,11,ok
partial_sequence,inductive_noise20,activity_frequency_gradual,0.3,voidmass_movecount_bound,2.898741513490677e-06,11,ok
partial_sequence,inductive_noise20,activity_frequency_gradual,0.3,voidmass_process_lower,3.6992132663726807e-06,11,ok
partial_sequence,inductive_noise20,activity_frequency_gradual,0.3,voidmass_process_upper,3.300141543149948e-06,11,ok
partial_sequence,inductive_noise20,activity_frequency_gradual,0.3,voidsalign3,5.770055577158928e-05,11,ok
partial_sequence,inductive_noise20,activity_frequency_gradual,0.3,voidsat2,0.00016589974984526634,11,ok
partial_sequence,inductive_noise20,activity_frequency_gradual,0.3,weight_voidage,2.1799001842737198e-05,11,ok
partial_sequence,inductive_noise20,activity_frequency_gradual,0.4,aligned_duration_cache,0.0023676003329455,1,ok
partial_sequence,inductive_noise20,activity_frequency_gradual,0.4,alignment_coverage_pn2_lower,7.720151916146278e-05,11,ok
partial_sequence,inductive_noise20,activity_frequency_gradual,0.4,alignment_coverage_pn2_upper,4.5900698751211166e-05,11,ok
partial_sequence,inductive_noise20,activity_frequency_gradual,0.4,classical,0.006182599812746,1,ok
partial_sequence,inductive_noise20,activity_frequency_gradual,0.4,dv,5.543649400118738,1,ok
partial_sequence,inductive_noise20,activity_frequency_gradual,0.4,executions_cache,6.500165909528732e-06,1,ok
partial_sequence,inductive_noise20,activity_frequency_gradual,0.4,matchprob,3.2009556889533997e-06,11,ok
partial_sequence,inductive_noise20,activity_frequency_gradual,0.4,mean_leaf_skipprob,2.9001384973526e-06,1,ok
partial_sequence,inductive_noise20,activity_frequency_gradual,0.4,salign_coverage,9.590061381459236e-05,11,ok
partial_sequence,inductive_noise20,activity_frequency_gradual,0.4,skipprob,3.200024366378784e-06,11,ok
partial_sequence,inductive_noise20,activity_frequency_gradual,0.4,traces,0.0023540998809039,1,ok
partial_sequence,inductive_noise20,activity_frequency_gradual,0.4,voidmass_deficit_lower,6.300397217273712e-06,11,ok
partial_sequence,inductive_noise20,activity_frequency_gradual,0.4,voidmass_deficit_upper,3.3993273973464966e-06,11,ok
partial_sequence,inductive_noise20,activity_frequency_gradual,0.4,voidmass_movecount,2.9997900128364563e-06,11,ok
partial_sequence,inductive_noise20,activity_frequency_gradual,0.4,voidmass_movecount_bound,3.3993273973464966e-06,11,ok
partial_sequence,inductive_noise20,activity_frequency_gradual,0.4,voidmass_process_lower,3.3993273973464966e-06,11,ok
partial_sequence,inductive_noise20,activity_frequency_gradual,0.4,voidmass_process_upper,3.900378942489624e-06,11,ok
partial_sequence,inductive_noise20,activity_frequency_gradual,0.4,voidsalign3,5.799951031804085e-05,11,ok
partial_sequence,inductive_noise20,activity_frequency_gradual,0.4,voidsat2,0.0001575993373990059,11,ok
partial_sequence,inductive_noise20,activity_frequency_gradual,0.4,weight_voidage,2.2299587726593018e-05,11,ok
partial_sequence,inductive_noise20,activity_frequency_gradual,0.5,aligned_duration_cache,0.0022825002670288,1,ok
partial_sequence,inductive_noise20,activity_frequency_gradual,0.5,alignment_coverage_pn2_lower,4.5000109821558e-05,11,ok
partial_sequence,inductive_noise20,activity_frequency_gradual,0.5,alignment_coverage_pn2_upper,2.6800204068422318e-05,11,ok
partial_sequence,inductive_noise20,activity_frequency_gradual,0.5,classical,0.0036514000967144,1,ok
partial_sequence,inductive_noise20,activity_frequency_gradual,0.5,dv,5.422621800098568,1,ok
partial_sequence,inductive_noise20,activity_frequency_gradual,0.5,executions_cache,6.500165909528732e-06,1,ok
partial_sequence,inductive_noise20,activity_frequency_gradual,0.5,matchprob,3.0989758670330048e-06,11,ok
partial_sequence,inductive_noise20,activity_frequency_gradual,0.5,mean_leaf_skipprob,3.09990718960762e-06,1,ok
partial_sequence,inductive_noise20,activity_frequency_gradual,0.5,salign_coverage,6.200093775987625e-05,11,ok
partial_sequence,inductive_noise20,activity_frequency_gradual,0.5,skipprob,3.1995587050914764e-06,11,ok
partial_sequence,inductive_noise20,activity_frequency_gradual,0.5,traces,0.0022690999321639,1,ok
partial_sequence,inductive_noise20,activity_frequency_gradual,0.5,voidmass_deficit_lower,6.700865924358368e-06,11,ok
partial_sequence,inductive_noise20,activity_frequency_gradual,0.5,voidmass_deficit_upper,4.200730472803116e-06,11,ok
partial_sequence,inductive_noise20,activity_frequency_gradual,0.5,voidmass_movecount,3.100372850894928e-06,11,ok
partial_sequence,inductive_noise20,activity_frequency_gradual,0.5,voidmass_movecount_bound,3.300141543149948e-06,11,ok
partial_sequence,inductive_noise20,activity_frequency_gradual,0.5,voidmass_process_lower,4.000961780548096e-06,11,ok
partial_sequence,inductive_noise20,activity_frequency_gradual,0.5,voidmass_process_upper,4.099216312170029e-06,11,ok
partial_sequence,inductive_noise20,activity_frequency_gradual,0.5,voidsalign3,3.910018131136894e-05,11,ok
partial_sequence,inductive_noise20,activity_frequency_gradual,0.5,voidsat2,0.00014409981667995453,11,ok
partial_sequence,inductive_noise20,activity_frequency_gradual,0.5,weight_voidage,2.149958163499832e-05,11,ok
partial_sequence,inductive_noise20,activity_frequency_gradual,0.6,aligned_duration_cache,0.0022840998135507,1,ok
partial_sequence,inductive_noise20,activity_frequency_gradual,0.6,alignment_coverage_pn2_lower,7.470091804862022e-05,11,ok
partial_sequence,inductive_noise20,activity_frequency_gradual,0.6,alignment_coverage_pn2_upper,4.149973392486572e-05,11,ok
partial_sequence,inductive_noise20,activity_frequency_gradual,0.6,classical,0.0059263003058731,1,ok
partial_sequence,inductive_noise20,activity_frequency_gradual,0.6,dv,5.50315840030089,1,ok
partial_sequence,inductive_noise20,activity_frequency_gradual,0.6,executions_cache,6.800051778554916e-06,1,ok
partial_sequence,inductive_noise20,activity_frequency_gradual,0.6,matchprob,3.600027412176132e-06,11,ok
partial_sequence,inductive_noise20,activity_frequency_gradual,0.6,mean_leaf_skipprob,3.899913281202316e-06,1,ok
partial_sequence,inductive_noise20,activity_frequency_gradual,0.6,salign_coverage,0.00010170135647058487,11,ok
partial_sequence,inductive_noise20,activity_frequency_gradual,0.6,skipprob,3.400258719921112e-06,11,ok
partial_sequence,inductive_noise20,activity_frequency_gradual,0.6,traces,0.0022705001756548,1,ok
partial_sequence,inductive_noise20,activity_frequency_gradual,0.6,voidmass_deficit_lower,6.800051778554916e-06,11,ok
partial_sequence,inductive_noise20,activity_frequency_gradual,0.6,voidmass_deficit_upper,3.300607204437256e-06,11,ok
partial_sequence,inductive_noise20,activity_frequency_gradual,0.6,voidmass_movecount,2.8014183044433594e-06,11,ok
partial_sequence,inductive_noise20,activity_frequency_gradual,0.6,voidmass_movecount_bound,3.400258719921112e-06,11,ok
partial_sequence,inductive_noise20,activity_frequency_gradual,0.6,voidmass_process_lower,4.300381988286972e-06,11,ok
partial_sequence,inductive_noise20,activity_frequency_gradual,0.6,voidmass_process_upper,3.700610250234604e-06,11,ok
partial_sequence,inductive_noise20,activity_frequency_gradual,0.6,voidsalign3,5.640089511871338e-05,11,ok
partial_sequence,inductive_noise20,activity_frequency_gradual,0.6,voidsat2,0.0001497003249824047,11,ok
partial_sequence,inductive_noise20,activity_frequency_gradual,0.6,weight_voidage,2.5799963623285294e-05,11,ok
partial_sequence,inductive_noise20,activity_frequency_gradual,0.7,aligned_duration_cache,0.0024047000333666,1,ok
partial_sequence,inductive_noise20,activity_frequency_gradual,0.7,alignment_coverage_pn2_lower,7.379986345767975e-05,11,ok
partial_sequence,inductive_noise20,activity_frequency_gradual,0.7,alignment_coverage_pn2_upper,4.029972478747368e-05,11,ok
partial_sequence,inductive_noise20,activity_frequency_gradual,0.7,classical,0.0058647003024816,1,ok
partial_sequence,inductive_noise20,activity_frequency_gradual,0.7,dv,5.650792900007218,1,ok
partial_sequence,inductive_noise20,activity_frequency_gradual,0.7,executions_cache,7.200054824352264e-06,1,ok
partial_sequence,inductive_noise20,activity_frequency_gradual,0.7,matchprob,3.302004188299179e-06,11,ok
partial_sequence,inductive_noise20,activity_frequency_gradual,0.7,mean_leaf_skipprob,3.09990718960762e-06,1,ok
partial_sequence,inductive_noise20,activity_frequency_gradual,0.7,salign_coverage,0.00010040029883384705,11,ok
partial_sequence,inductive_noise20,activity_frequency_gradual,0.7,skipprob,3.202352672815323e-06,11,ok
partial_sequence,inductive_noise20,activity_frequency_gradual,0.7,traces,0.0023903995752334,1,ok
partial_sequence,inductive_noise20,activity_frequency_gradual,0.7,voidmass_deficit_lower,5.500391125679016e-06,11,ok
partial_sequence,inductive_noise20,activity_frequency_gradual,0.7,voidmass_deficit_upper,3.600027412176132e-06,11,ok
partial_sequence,inductive_noise20,activity_frequency_gradual,0.7,voidmass_movecount,3.0999071896076202e-06,11,ok
partial_sequence,inductive_noise20,activity_frequency_gradual,0.7,voidmass_movecount_bound,3.200024366378784e-06,11,ok
partial_sequence,inductive_noise20,activity_frequency_gradual,0.7,voidmass_process_lower,3.6996789276599884e-06,11,ok
partial_sequence,inductive_noise20,activity_frequency_gradual,0.7,voidmass_process_upper,2.6989728212356567e-06,11,ok
partial_sequence,inductive_noise20,activity_frequency_gradual,0.7,voidsalign3,5.75995072722435e-05,11,ok
partial_sequence,inductive_noise20,activity_frequency_gradual,0.7,voidsat2,0.00013199960812926292,11,ok
partial_sequence,inductive_noise20,activity_frequency_gradual,0.7,weight_voidage,2.2499822080135345e-05,11,ok
partial_sequence,inductive_noise20,activity_frequency_gradual,0.8,aligned_duration_cache,0.0018838001415133,1,ok
partial_sequence,inductive_noise20,activity_frequency_gradual,0.8,alignment_coverage_pn2_lower,4.4500455260276794e-05,11,ok
partial_sequence,inductive_noise20,activity_frequency_gradual,0.8,alignment_coverage_pn2_upper,2.5500543415546417e-05,11,ok
partial_sequence,inductive_noise20,activity_frequency_gradual,0.8,classical,0.0034149000421166,1,ok
partial_sequence,inductive_noise20,activity_frequency_gradual,0.8,dv,5.4964592000469565,1,ok
partial_sequence,inductive_noise20,activity_frequency_gradual,0.8,executions_cache,6.800051778554916e-06,1,ok
partial_sequence,inductive_noise20,activity_frequency_gradual,0.8,matchprob,3.9995647966861725e-06,11,ok
partial_sequence,inductive_noise20,activity_frequency_gradual,0.8,mean_leaf_skipprob,3.09990718960762e-06,1,ok
partial_sequence,inductive_noise20,activity_frequency_gradual,0.8,salign_coverage,6.850017234683037e-05,11,ok
partial_sequence,inductive_noise20,activity_frequency_gradual,0.8,skipprob,3.3997930586338043e-06,11,ok
partial_sequence,inductive_noise20,activity_frequency_gradual,0.8,traces,0.0018703998066484,1,ok
partial_sequence,inductive_noise20,activity_frequency_gradual,0.8,voidmass_deficit_lower,6.500165909528732e-06,11,ok
partial_sequence,inductive_noise20,activity_frequency_gradual,0.8,voidmass_deficit_upper,4.3995678424835205e-06,11,ok
partial_sequence,inductive_noise20,activity_frequency_gradual,0.8,voidmass_movecount,3.4999102354049683e-06,11,ok
partial_sequence,inductive_noise20,activity_frequency_gradual,0.8,voidmass_movecount_bound,3.1995587050914764e-06,11,ok
partial_sequence,inductive_noise20,activity_frequency_gradual,0.8,voidmass_process_lower,4.498753696680069e-06,11,ok
partial_sequence,inductive_noise20,activity_frequency_gradual,0.8,voidmass_process_upper,3.500375896692276e-06,11,ok
partial_sequence,inductive_noise20,activity_frequency_gradual,0.8,voidsalign3,3.820052370429039e-05,11,ok
partial_sequence,inductive_noise20,activity_frequency_gradual,0.8,voidsat2,6.779981777071953e-05,11,ok
partial_sequence,inductive_noise20,activity_frequency_gradual,0.8,weight_voidage,2.5298912078142166e-05,11,ok
partial_sequence,inductive_noise20,activity_frequency_gradual,0.9,aligned_duration_cache,0.0015444997698068,1,ok
partial_sequence,inductive_noise20,activity_frequency_gradual,0.9,alignment_coverage_pn2_lower,0.00032120011746876594,11,ok
partial_sequence,inductive_noise20,activity_frequency_gradual,0.9,alignment_coverage_pn2_upper,2.9999762773513794e-05,11,ok
partial_sequence,inductive_noise20,activity_frequency_gradual,0.9,classical,0.0033363997936248,1,ok
partial_sequence,inductive_noise20,activity_frequency_gradual,0.9,dv,5.445908000227064,1,ok
partial_sequence,inductive_noise20,activity_frequency_gradual,0.9,executions_cache,7.199589163064957e-06,1,ok
partial_sequence,inductive_noise20,activity_frequency_gradual,0.9,matchprob,3.6996789276599884e-06,11,ok
partial_sequence,inductive_noise20,activity_frequency_gradual,0.9,mean_leaf_skipprob,3.000255674123764e-06,1,ok
partial_sequence,inductive_noise20,activity_frequency_gradual,0.9,salign_coverage,8.139992132782936e-05,11,ok
partial_sequence,inductive_noise20,activity_frequency_gradual,0.9,skipprob,4.0996819734573364e-06,11,ok
partial_sequence,inductive_noise20,activity_frequency_gradual,0.9,traces,0.0015306998975574,1,ok
partial_sequence,inductive_noise20,activity_frequency_gradual,0.9,voidmass_deficit_lower,6.300397217273712e-06,11,ok
partial_sequence,inductive_noise20,activity_frequency_gradual,0.9,voidmass_deficit_upper,3.9995647966861725e-06,11,ok
partial_sequence,inductive_noise20,activity_frequency_gradual,0.9,voidmass_movecount,3.7997961044311523e-06,11,ok
partial_sequence,inductive_noise20,activity_frequency_gradual,0.9,voidmass_movecount_bound,3.300607204437256e-06,11,ok
partial_sequence,inductive_noise20,activity_frequency_gradual,0.9,voidmass_process_lower,4.600267857313156e-06,11,ok
partial_sequence,inductive_noise20,activity_frequency_gradual,0.9,voidmass_process_upper,3.6996789276599884e-06,11,ok
partial_sequence,inductive_noise20,activity_frequency_gradual,0.9,voidsalign3,3.979960456490517e-05,11,ok
partial_sequence,inductive_noise20,activity_frequency_gradual,0.9,voidsat2,5.9200916439294815e-05,11,ok
partial_sequence,inductive_noise20,activity_frequency_gradual,0.9,weight_voidage,9.600026533007622e-05,11,ok
partial_sequence,inductive_noise20,activity_gradual,0.1,aligned_duration_cache,0.0025649997405707,1,ok
partial_sequence,inductive_noise20,activity_gradual,0.1,alignment_coverage_pn2_lower,0.00013150041922926903,11,ok
partial_sequence,inductive_noise20,activity_gradual,0.1,alignment_coverage_pn2_upper,7.909908890724182e-05,11,ok
partial_sequence,inductive_noise20,activity_gradual,0.1,classical,0.0093320002779364,1,ok
partial_sequence,inductive_noise20,activity_gradual,0.1,dv,5.985431700013578,1,ok
partial_sequence,inductive_noise20,activity_gradual,0.1,executions_cache,7.399823516607283e-06,1,ok
partial_sequence,inductive_noise20,activity_gradual,0.1,matchprob,3.2009556889533997e-06,11,ok
partial_sequence,inductive_noise20,activity_gradual,0.1,mean_leaf_skipprob,4.999805241823196e-06,1,ok
partial_sequence,inductive_noise20,activity_gradual,0.1,salign_coverage,0.000157299917191267,11,ok
partial_sequence,inductive_noise20,activity_gradual,0.1,skipprob,3.0999071896076202e-06,11,ok
partial_sequence,inductive_noise20,activity_gradual,0.1,traces,0.0025471998378634,1,ok
partial_sequence,inductive_noise20,activity_gradual,0.1,voidmass_deficit_lower,5.700625479221344e-06,11,ok
partial_sequence,inductive_noise20,activity_gradual,0.1,voidmass_deficit_upper,3.8016587495803833e-06,11,ok
partial_sequence,inductive_noise20,activity_gradual,0.1,voidmass_movecount,3.5008415579795837e-06,11,ok
partial_sequence,inductive_noise20,activity_gradual,0.1,voidmass_movecount_bound,2.9010698199272156e-06,11,ok
partial_sequence,inductive_noise20,activity_gradual,0.1,voidmass_process_lower,4.400499165058136e-06,11,ok
partial_sequence,inductive_noise20,activity_gradual,0.1,voidmass_process_upper,3.900378942489624e-06,11,ok
partial_sequence,inductive_noise20,activity_gradual,0.1,voidsalign3,9.859958663582802e-05,11,ok
partial_sequence,inductive_noise20,activity_gradual,0.1,voidsat2,0.00025169923901554843,11,ok
partial_sequence,inductive_noise20,activity_gradual,0.1,weight_voidage,2.350006252527237e-05,11,ok
partial_sequence,inductive_noise20,activity_gradual,0.2,aligned_duration_cache,0.0024264003150165,1,ok
partial_sequence,inductive_noise20,activity_gradual,0.2,alignment_coverage_pn2_lower,8.910009637475014e-05,11,ok
partial_sequence,inductive_noise20,activity_gradual,0.2,alignment_coverage_pn2_upper,5.260016769170761e-05,11,ok
partial_sequence,inductive_noise20,activity_gradual,0.2,classical,0.0069185998290777,1,ok
partial_sequence,inductive_noise20,activity_gradual,0.2,dv,6.324648600071669,1,ok
partial_sequence,inductive_noise20,activity_gradual,0.2,executions_cache,8.400063961744308e-06,1,ok
partial_sequence,inductive_noise20,activity_gradual,0.2,matchprob,3.5995617508888245e-06,11,ok
partial_sequence,inductive_noise20,activity_gradual,0.2,mean_leaf_skipprob,2.800021320581436e-06,1,ok
partial_sequence,inductive_noise20,activity_gradual,0.2,salign_coverage,0.00011280039325356483,11,ok
partial_sequence,inductive_noise20,activity_gradual,0.2,skipprob,3.000255674123764e-06,11,ok
partial_sequence,inductive_noise20,activity_gradual,0.2,traces,0.002411900088191,1,ok
partial_sequence,inductive_noise20,activity_gradual,0.2,voidmass_deficit_lower,6.699468940496445e-06,11,ok
partial_sequence,inductive_noise20,activity_gradual,0.2,voidmass_deficit_upper,3.80026176571846e-06,11,ok
partial_sequence,inductive_noise20,activity_gradual,0.2,voidmass_movecount,3.500375896692276e-06,11,ok
partial_sequence,inductive_noise20,activity_gradual,0.2,voidmass_movecount_bound,4.299916326999664e-06,11,ok
partial_sequence,inductive_noise20,activity_gradual,0.2,voidmass_process_lower,4.10107895731926e-06,11,ok
partial_sequence,inductive_noise20,activity_gradual,0.2,voidmass_process_upper,3.0999071896076202e-06,11,ok
partial_sequence,inductive_noise20,activity_gradual,0.2,voidsalign3,6.700027734041214e-05,11,ok
partial_sequence,inductive_noise20,activity_gradual,0.2,voidsat2,0.00023419922217726707,11,ok
partial_sequence,inductive_noise20,activity_gradual,0.2,weight_voidage,2.2699590772390366e-05,11,ok
partial_sequence,inductive_noise20,activity_gradual,0.3,aligned_duration_cache,0.0023683998733758,1,ok
partial_sequence,inductive_noise20,activity_gradual,0.3,alignment_coverage_pn2_lower,0.00010439986363053322,11,ok
partial_sequence,inductive_noise20,activity_gradual,0.3,alignment_coverage_pn2_upper,6.090058013796806e-05,11,ok
partial_sequence,inductive_noise20,activity_gradual,0.3,classical,0.0069904001429677,1,ok
partial_sequence,inductive_noise20,activity_gradual,0.3,dv,5.82161119999364,1,ok
partial_sequence,inductive_noise20,activity_gradual,0.3,executions_cache,6.500165909528732e-06,1,ok
partial_sequence,inductive_noise20,activity_gradual,0.3,matchprob,3.40072438120842e-06,11,ok
partial_sequence,inductive_noise20,activity_gradual,0.3,mean_leaf_skipprob,2.699904143810272e-06,1,ok
partial_sequence,inductive_noise20,activity_gradual,0.3,salign_coverage,0.00011300016194581985,11,ok
partial_sequence,inductive_noise20,activity_gradual,0.3,skipprob,3.398861736059189e-06,11,ok
partial_sequence,inductive_noise20,activity_gradual,0.3,traces,0.0023540002293884,1,ok
partial_sequence,inductive_noise20,activity_gradual,0.3,voidmass_deficit_lower,5.000270903110504e-06,11,ok
partial_sequence,inductive_noise20,activity_gradual,0.3,voidmass_deficit_upper,3.800727427005768e-06,11,ok
partial_sequence,inductive_noise20,activity_gradual,0.3,voidmass_movecount,2.9010698199272156e-06,11,ok
partial_sequence,inductive_noise20,activity_gradual,0.3,voidmass_movecount_bound,3.300607204437256e-06,11,ok
partial_sequence,inductive_noise20,activity_gradual,0.3,voidmass_process_lower,3.900844603776932e-06,11,ok
partial_sequence,inductive_noise20,activity_gradual,0.3,voidmass_process_upper,3.302004188299179e-06,11,ok
partial_sequence,inductive_noise20,activity_gradual,0.3,voidsalign3,7.139891386032104e-05,11,ok
partial_sequence,inductive_noise20,activity_gradual,0.3,voidsat2,0.00020319921895861626,11,ok
partial_sequence,inductive_noise20,activity_gradual,0.3,weight_voidage,2.1599698811769485e-05,11,ok
partial_sequence,inductive_noise20,activity_gradual,0.4,aligned_duration_cache,0.0023313001729547,1,ok
partial_sequence,inductive_noise20,activity_gradual,0.4,alignment_coverage_pn2_lower,8.38995911180973e-05,11,ok
partial_sequence,inductive_noise20,activity_gradual,0.4,alignment_coverage_pn2_upper,4.989979788661003e-05,11,ok
partial_sequence,inductive_noise20,activity_gradual,0.4,classical,0.0064127999357879,1,ok
partial_sequence,inductive_noise20,activity_gradual,0.4,dv,6.025386000052095,1,ok
partial_sequence,inductive_noise20,activity_gradual,0.4,executions_cache,7.0999376475811005e-06,1,ok
partial_sequence,inductive_noise20,activity_gradual,0.4,matchprob,3.398861736059189e-06,11,ok
partial_sequence,inductive_noise20,activity_gradual,0.4,mean_leaf_skipprob,2.800021320581436e-06,1,ok
partial_sequence,inductive_noise20,activity_gradual,0.4,salign_coverage,0.00011020060628652573,11,ok
partial_sequence,inductive_noise20,activity_gradual,0.4,skipprob,3.200024366378784e-06,11,ok
partial_sequence,inductive_noise20,activity_gradual,0.4,traces,0.002318600192666,1,ok
partial_sequence,inductive_noise20,activity_gradual,0.4,voidmass_deficit_lower,6.299931555986404e-06,11,ok
partial_sequence,inductive_noise20,activity_gradual,0.4,voidmass_deficit_upper,3.5995617508888245e-06,11,ok
partial_sequence,inductive_noise20,activity_gradual,0.4,voidmass_movecount,3.0999071896076202e-06,11,ok
partial_sequence,inductive_noise20,activity_gradual,0.4,voidmass_movecount_bound,3.600027412176132e-06,11,ok
partial_sequence,inductive_noise20,activity_gradual,0.4,voidmass_process_lower,4.599802196025848e-06,11,ok
partial_sequence,inductive_noise20,activity_gradual,0.4,voidmass_process_upper,3.6009587347507477e-06,11,ok
partial_sequence,inductive_noise20,activity_gradual,0.4,voidsalign3,6.769970059394836e-05,11,ok
partial_sequence,inductive_noise20,activity_gradual,0.4,voidsat2,0.0001975996419787407,11,ok
partial_sequence,inductive_noise20,activity_gradual,0.4,weight_voidage,2.299947664141655e-05,11,ok
partial_sequence,inductive_noise20,activity_gradual,0.5,aligned_duration_cache,0.0022712000645697,1,ok
partial_sequence,inductive_noise20,activity_gradual,0.5,alignment_coverage_pn2_lower,0.00012139976024627686,11,ok
partial_sequence,inductive_noise20,activity_gradual,0.5,alignment_coverage_pn2_upper,7.289974018931389e-05,11,ok
partial_sequence,inductive_noise20,activity_gradual,0.5,classical,0.0089374003000557,1,ok
partial_sequence,inductive_noise20,activity_gradual,0.5,dv,5.860061400104314,1,ok
partial_sequence,inductive_noise20,activity_gradual,0.5,executions_cache,7.399823516607283e-06,1,ok
partial_sequence,inductive_noise20,activity_gradual,0.5,matchprob,3.5995617508888245e-06,11,ok
partial_sequence,inductive_noise20,activity_gradual,0.5,mean_leaf_skipprob,2.9997900128364563e-06,1,ok
partial_sequence,inductive_noise20,activity_gradual,0.5,salign_coverage,0.00015449943020939827,11,ok
partial_sequence,inductive_noise20,activity_gradual,0.5,skipprob,3.8994476199150085e-06,11,ok
partial_sequence,inductive_noise20,activity_gradual,0.5,traces,0.0022573000751435,1,ok
partial_sequence,inductive_noise20,activity_gradual,0.5,voidmass_deficit_lower,6.100162863731384e-06,11,ok
partial_sequence,inductive_noise20,activity_gradual,0.5,voidmass_deficit_upper,3.700144588947296e-06,11,ok
partial_sequence,inductive_noise20,activity_gradual,0.5,voidmass_movecount,3.2996758818626404e-06,11,ok
partial_sequence,inductive_noise20,activity_gradual,0.5,voidmass_movecount_bound,3.3015385270118713e-06,11,ok
partial_sequence,inductive_noise20,activity_gradual,0.5,voidmass_process_lower,4.600733518600464e-06,11,ok
partial_sequence,inductive_noise20,activity_gradual,0.5,voidmass_process_upper,3.4989789128303528e-06,11,ok
partial_sequence,inductive_noise20,activity_gradual,0.5,voidsalign3,9.32011753320694e-05,11,ok
partial_sequence,inductive_noise20,activity_gradual,0.5,voidsat2,0.00020140036940574646,11,ok
partial_sequence,inductive_noise20,activity_gradual,0.5,weight_voidage,2.359878271818161e-05,11,ok
partial_sequence,inductive_noise20,activity_gradual,0.6,aligned_duration_cache,0.0022971001453697,1,ok
partial_sequence,inductive_noise20,activity_gradual,0.6,alignment_coverage_pn2_lower,8.510006591677666e-05,11,ok
partial_sequence,inductive_noise20,activity_gradual,0.6,alignment_coverage_pn2_upper,4.6199653297662735e-05,11,ok
partial_sequence,inductive_noise20,activity_gradual,0.6,classical,0.0063689998351037,1,ok
partial_sequence,inductive_noise20,activity_gradual,0.6,dv,5.766038799658418,1,ok
partial_sequence,inductive_noise20,activity_gradual,0.6,executions_cache,6.1998143792152405e-06,1,ok
partial_sequence,inductive_noise20,activity_gradual,0.6,matchprob,3.3997930586338043e-06,11,ok
partial_sequence,inductive_noise20,activity_gradual,0.6,mean_leaf_skipprob,2.699904143810272e-06,1,ok
partial_sequence,inductive_noise20,activity_gradual,0.6,salign_coverage,0.00011840090155601501,11,ok
partial_sequence,inductive_noise20,activity_gradual,0.6,skipprob,3.100372850894928e-06,11,ok
partial_sequence,inductive_noise20,activity_gradual,0.6,traces,0.0022836001589894,1,ok
partial_sequence,inductive_noise20,activity_gradual,0.6,voidmass_deficit_lower,5.299225449562073e-06,11,ok
partial_sequence,inductive_noise20,activity_gradual,0.6,voidmass_deficit_upper,3.4999102354049683e-06,11,ok
partial_sequence,inductive_noise20,activity_gradual,0.6,voidmass_movecount,3.1995587050914764e-06,11,ok
partial_sequence,inductive_noise20,activity_gradual,0.6,voidmass_movecount_bound,2.6007182896137238e-06,11,ok
partial_sequence,inductive_noise20,activity_gradual,0.6,voidmass_process_lower,3.700144588947296e-06,11,ok
partial_sequence,inductive_noise20,activity_gradual,0.6,voidmass_process_upper,3.6014243960380554e-06,11,ok
partial_sequence,inductive_noise20,activity_gradual,0.6,voidsalign3,6.249966099858284e-05,11,ok
partial_sequence,inductive_noise20,activity_gradual,0.6,voidsat2,0.0001803007908165455,11,ok
partial_sequence,inductive_noise20,activity_gradual,0.6,weight_voidage,2.2499822080135345e-05,11,ok
partial_sequence,inductive_noise20,activity_gradual,0.7,aligned_duration_cache,0.0031638997606933,1,ok
partial_sequence,inductive_noise20,activity_gradual,0.7,alignment_coverage_pn2_lower,8.98982398211956e-05,11,ok
partial_sequence,inductive_noise20,activity_gradual,0.7,alignment_coverage_pn2_upper,4.810001701116562e-05,11,ok
partial_sequence,inductive_noise20,activity_gradual,0.7,classical,0.0062528997659683,1,ok
partial_sequence,inductive_noise20,activity_gradual,0.7,dv,6.350751900114119,1,ok
partial_sequence,inductive_noise20,activity_gradual,0.7,executions_cache,6.400048732757568e-06,1,ok
partial_sequence,inductive_noise20,activity_gradual,0.7,matchprob,4.5006163418293e-06,11,ok
partial_sequence,inductive_noise20,activity_gradual,0.7,mean_leaf_skipprob,3.699678927659989e-06,1,ok
partial_sequence,inductive_noise20,activity_gradual,0.7,salign_coverage,0.0001289001666009426,11,ok
partial_sequence,inductive_noise20,activity_gradual,0.7,skipprob,3.600027412176132e-06,11,ok
partial_sequence,inductive_noise20,activity_gradual,0.7,traces,0.0031425999477505,1,ok
partial_sequence,inductive_noise20,activity_gradual,0.7,voidmass_deficit_lower,7.800757884979248e-06,11,ok
partial_sequence,inductive_noise20,activity_gradual,0.7,voidmass_deficit_upper,5.1995739340782166e-06,11,ok
partial_sequence,inductive_noise20,activity_gradual,0.7,voidmass_movecount,4.1997991502285e-06,11,ok
partial_sequence,inductive_noise20,activity_gradual,0.7,voidmass_movecount_bound,4.399102181196213e-06,11,ok
partial_sequence,inductive_noise20,activity_gradual,0.7,voidmass_process_lower,6.0996972024440765e-06,11,ok
partial_sequence,inductive_noise20,activity_gradual,0.7,voidmass_process_upper,8.800998330116272e-06,11,ok
partial_sequence,inductive_noise20,activity_gradual,0.7,voidsalign3,6.970018148422241e-05,11,ok
partial_sequence,inductive_noise20,activity_gradual,0.7,voidsat2,0.00017980020493268964,11,ok
partial_sequence,inductive_noise20,activity_gradual,0.7,weight_voidage,3.1299423426389694e-05,11,ok
partial_sequence,inductive_noise20,activity_gradual,0.8,aligned_duration_cache,0.0028451001271605,1,ok
partial_sequence,inductive_noise20,activity_gradual,0.8,alignment_coverage_pn2_lower,4.6601518988609314e-05,11,ok
partial_sequence,inductive_noise20,activity_gradual,0.8,alignment_coverage_pn2_upper,2.5701243430376053e-05,11,ok
partial_sequence,inductive_noise20,activity_gradual,0.8,classical,0.0042566996999084,1,ok
partial_sequence,inductive_noise20,activity_gradual,0.8,dv,6.741154399700463,1,ok
partial_sequence,inductive_noise20,activity_gradual,0.8,executions_cache,1.2599863111972809e-05,1,ok
partial_sequence,inductive_noise20,activity_gradual,0.8,matchprob,3.899913281202316e-06,11,ok
partial_sequence,inductive_noise20,activity_gradual,0.8,mean_leaf_skipprob,3.600027412176132e-06,1,ok
partial_sequence,inductive_noise20,activity_gradual,0.8,salign_coverage,7.170066237449646e-05,11,ok
partial_sequence,inductive_noise20,activity_gradual,0.8,skipprob,3.1990930438041687e-06,11,ok
partial_sequence,inductive_noise20,activity_gradual,0.8,traces,0.002828599885106,1,ok
partial_sequence,inductive_noise20,activity_gradual,0.8,voidmass_deficit_lower,8.899718523025513e-06,11,ok
partial_sequence,inductive_noise20,activity_gradual,0.8,voidmass_deficit_upper,4.100147634744644e-06,11,ok
partial_sequence,inductive_noise20,activity_gradual,0.8,voidmass_movecount,3.60049307346344e-06,11,ok
partial_sequence,inductive_noise20,activity_gradual,0.8,voidmass_movecount_bound,4.3995678424835205e-06,11,ok
partial_sequence,inductive_noise20,activity_gradual,0.8,voidmass_process_lower,4.498288035392761e-06,11,ok
partial_sequence,inductive_noise20,activity_gradual,0.8,voidmass_process_upper,4.100147634744644e-06,11,ok
partial_sequence,inductive_noise20,activity_gradual,0.8,voidsalign3,4.119891673326492e-05,11,ok
partial_sequence,inductive_noise20,activity_gradual,0.8,voidsat2,8.659902960062027e-05,11,ok
partial_sequence,inductive_noise20,activity_gradual,0.8,weight_voidage,2.2699590772390366e-05,11,ok
partial_sequence,inductive_noise20,activity_gradual,0.9,aligned_duration_cache,0.001552099827677,1,ok
partial_sequence,inductive_noise20,activity_gradual,0.9,alignment_coverage_pn2_lower,4.340056329965592e-05,11,ok
partial_sequence,inductive_noise20,activity_gradual,0.9,alignment_coverage_pn2_upper,2.490077167749405e-05,11,ok
partial_sequence,inductive_noise20,activity_gradual,0.9,classical,0.0040187002159655,1,ok
partial_sequence,inductive_noise20,activity_gradual,0.9,dv,5.853903699666262,1,ok
partial_sequence,inductive_noise20,activity_gradual,0.9,executions_cache,7.699709385633469e-06,1,ok
partial_sequence,inductive_noise20,activity_gradual,0.9,matchprob,3.1995587050914764e-06,11,ok
partial_sequence,inductive_noise20,activity_gradual,0.9,mean_leaf_skipprob,3.200024366378784e-06,1,ok
partial_sequence,inductive_noise20,activity_gradual,0.9,salign_coverage,6.949994713068008e-05,11,ok
partial_sequence,inductive_noise20,activity_gradual,0.9,skipprob,3.0994415283203125e-06,11,ok
partial_sequence,inductive_noise20,activity_gradual,0.9,traces,0.0015388000756502,1,ok
partial_sequence,inductive_noise20,activity_gradual,0.9,voidmass_deficit_lower,5.500391125679016e-06,11,ok
partial_sequence,inductive_noise20,activity_gradual,0.9,voidmass_deficit_upper,3.4999102354049683e-06,11,ok
partial_sequence,inductive_noise20,activity_gradual,0.9,voidmass_movecount,2.6007182896137238e-06,11,ok
partial_sequence,inductive_noise20,activity_gradual,0.9,voidmass_movecount_bound,3.400258719921112e-06,11,ok
partial_sequence,inductive_noise20,activity_gradual,0.9,voidmass_process_lower,4.100147634744644e-06,11,ok
partial_sequence,inductive_noise20,activity_gradual,0.9,voidmass_process_upper,3.400258719921112e-06,11,ok
partial_sequence,inductive_noise20,activity_gradual,0.9,voidsalign3,3.669876605272293e-05,11,ok
partial_sequence,inductive_noise20,activity_gradual,0.9,voidsat2,4.869978874921799e-05,11,ok
partial_sequence,inductive_noise20,activity_gradual,0.9,weight_voidage,2.1900050342082977e-05,11,ok
partial_sequence,inductive_noise20,trace,0.1,aligned_duration_cache,0.002448100131005,1,ok
partial_sequence,inductive_noise20,trace,0.1,alignment_coverage_pn2_lower,0.0001263003796339035,11,ok
partial_sequence,inductive_noise20,trace,0.1,alignment_coverage_pn2_upper,8.139945566654205e-05,11,ok
partial_sequence,inductive_noise20,trace,0.1,classical,0.0095946998335421,1,ok
partial_sequence,inductive_noise20,trace,0.1,dv,5.943371899891645,1,ok
partial_sequence,inductive_noise20,trace,0.1,executions_cache,6.500165909528732e-06,1,ok
partial_sequence,inductive_noise20,trace,0.1,matchprob,3.498513251543045e-06,11,ok
partial_sequence,inductive_noise20,trace,0.1,mean_leaf_skipprob,2.699904143810272e-06,1,ok
partial_sequence,inductive_noise20,trace,0.1,salign_coverage,0.0001501995138823986,11,ok
partial_sequence,inductive_noise20,trace,0.1,skipprob,3.7997961044311523e-06,11,ok
partial_sequence,inductive_noise20,trace,0.1,traces,0.0024361000396311,1,ok
partial_sequence,inductive_noise20,trace,0.1,voidmass_deficit_lower,5.60050830245018e-06,11,ok
partial_sequence,inductive_noise20,trace,0.1,voidmass_deficit_upper,3.2996758818626404e-06,11,ok
partial_sequence,inductive_noise20,trace,0.1,voidmass_movecount,2.8996728360652924e-06,11,ok
partial_sequence,inductive_noise20,trace,0.1,voidmass_movecount_bound,2.7995556592941284e-06,11,ok
partial_sequence,inductive_noise20,trace,0.1,voidmass_process_lower,3.6996789276599884e-06,11,ok
partial_sequence,inductive_noise20,trace,0.1,voidmass_process_upper,2.9001384973526e-06,11,ok
partial_sequence,inductive_noise20,trace,0.1,voidsalign3,9.550061076879501e-05,11,ok
partial_sequence,inductive_noise20,trace,0.1,voidsat2,0.000268399715423584,11,ok
partial_sequence,inductive_noise20,trace,0.1,weight_voidage,2.150004729628563e-05,11,ok
partial_sequence,inductive_noise20,trace,0.2,aligned_duration_cache,0.0019224998541176,1,ok
partial_sequence,inductive_noise20,trace,0.2,alignment_coverage_pn2_lower,9.110057726502419e-05,11,ok
partial_sequence,inductive_noise20,trace,0.2,alignment_coverage_pn2_upper,5.619926378130913e-05,11,ok
partial_sequence,inductive_noise20,trace,0.2,classical,0.0063746999949216,1,ok
partial_sequence,inductive_noise20,trace,0.2,dv,5.662618299946189,1,ok
partial_sequence,inductive_noise20,trace,0.2,executions_cache,6.100162863731384e-06,1,ok
partial_sequence,inductive_noise20,trace,0.2,matchprob,3.7997961044311523e-06,11,ok
partial_sequence,inductive_noise20,trace,0.2,mean_leaf_skipprob,3.100372850894928e-06,1,ok
partial_sequence,inductive_noise20,trace,0.2,salign_coverage,0.00011399947106838226,11,ok
partial_sequence,inductive_noise20,trace,0.2,skipprob,3.2996758818626404e-06,11,ok
partial_sequence,inductive_noise20,trace,0.2,traces,0.001908800099045,1,ok
partial_sequence,inductive_noise20,trace,0.2,voidmass_deficit_lower,6.398651748895645e-06,11,ok
partial_sequence,inductive_noise20,trace,0.2,voidmass_deficit_upper,4.2994506657123566e-06,11,ok
partial_sequence,inductive_noise20,trace,0.2,voidmass_movecount,3.8994476199150085e-06,11,ok
partial_sequence,inductive_noise20,trace,0.2,voidmass_movecount_bound,3.600027412176132e-06,11,ok
partial_sequence,inductive_noise20,trace,0.2,voidmass_process_lower,4.600733518600464e-06,11,ok
partial_sequence,inductive_noise20,trace,0.2,voidmass_process_upper,3.600027412176132e-06,11,ok
partial_sequence,inductive_noise20,trace,0.2,voidsalign3,7.490068674087524e-05,11,ok
partial_sequence,inductive_noise20,trace,0.2,voidsat2,0.0001921001821756363,11,ok
partial_sequence,inductive_noise20,trace,0.2,weight_voidage,2.329982817173004e-05,11,ok
partial_sequence,inductive_noise20,trace,0.3,aligned_duration_cache,0.0019505997188389,1,ok
partial_sequence,inductive_noise20,trace,0.3,alignment_coverage_pn2_lower,9.62996855378151e-05,11,ok
partial_sequence,inductive_noise20,trace,0.3,alignment_coverage_pn2_upper,5.9099867939949036e-05,11,ok
partial_sequence,inductive_noise20,trace,0.3,classical,0.006588399875909,1,ok
partial_sequence,inductive_noise20,trace,0.3,dv,5.861769299954176,1,ok
partial_sequence,inductive_noise20,trace,0.3,executions_cache,6.699934601783752e-06,1,ok
partial_sequence,inductive_noise20,trace,0.3,matchprob,3.2996758818626404e-06,11,ok
partial_sequence,inductive_noise20,trace,0.3,mean_leaf_skipprob,3.09990718960762e-06,1,ok
partial_sequence,inductive_noise20,trace,0.3,salign_coverage,0.0001196996308863163,11,ok
partial_sequence,inductive_noise20,trace,0.3,skipprob,3.2996758818626404e-06,11,ok
partial_sequence,inductive_noise20,trace,0.3,traces,0.0019339998252689,1,ok
partial_sequence,inductive_noise20,trace,0.3,voidmass_deficit_lower,6.600283086299896e-06,11,ok
partial_sequence,inductive_noise20,trace,0.3,voidmass_deficit_upper,3.7015415728092194e-06,11,ok
partial_sequence,inductive_noise20,trace,0.3,voidmass_movecount,2.9997900128364563e-06,11,ok
partial_sequence,inductive_noise20,trace,0.3,voidmass_movecount_bound,3.3993273973464966e-06,11,ok
partial_sequence,inductive_noise20,trace,0.3,voidmass_process_lower,3.700144588947296e-06,11,ok
partial_sequence,inductive_noise20,trace,0.3,voidmass_process_upper,3.600027412176132e-06,11,ok
partial_sequence,inductive_noise20,trace,0.3,voidsalign3,7.599964737892151e-05,11,ok
partial_sequence,inductive_noise20,trace,0.3,voidsat2,0.00017930008471012115,11,ok
partial_sequence,inductive_noise20,trace,0.3,weight_voidage,2.2999942302703857e-05,11,ok
partial_sequence,inductive_noise20,trace,0.4,aligned_duration_cache,0.0020361002534627,1,ok
partial_sequence,inductive_noise20,trace,0.4,alignment_coverage_pn2_lower,9.410083293914795e-05,11,ok
partial_sequence,inductive_noise20,trace,0.4,alignment_coverage_pn2_upper,5.800044164061546e-05,11,ok
partial_sequence,inductive_noise20,trace,0.4,classical,0.0067777996882796,1,ok
partial_sequence,inductive_noise20,trace,0.4,dv,5.733417899813503,1,ok
partial_sequence,inductive_noise20,trace,0.4,executions_cache,7.399823516607283e-06,1,ok
partial_sequence,inductive_noise20,trace,0.4,matchprob,3.100372850894928e-06,11,ok
partial_sequence,inductive_noise20,trace,0.4,mean_leaf_skipprob,2.800021320581436e-06,1,ok
partial_sequence,inductive_noise20,trace,0.4,salign_coverage,0.00011619925498962402,11,ok
partial_sequence,inductive_noise20,trace,0.4,skipprob,3.60049307346344e-06,11,ok
partial_sequence,inductive_noise20,trace,0.4,traces,0.0020204996690154,1,ok
partial_sequence,inductive_noise20,trace,0.4,voidmass_deficit_lower,7.200054824352264e-06,11,ok
partial_sequence,inductive_noise20,trace,0.4,voidmass_deficit_upper,4.00003045797348e-06,11,ok
partial_sequence,inductive_noise20,trace,0.4,voidmass_movecount,2.9997900128364563e-06,11,ok
partial_sequence,inductive_noise20,trace,0.4,voidmass_movecount_bound,3.498513251543045e-06,11,ok
partial_sequence,inductive_noise20,trace,0.4,voidmass_process_lower,3.899913281202316e-06,11,ok
partial_sequence,inductive_noise20,trace,0.4,voidmass_process_upper,2.9997900128364563e-06,11,ok
partial_sequence,inductive_noise20,trace,0.4,voidsalign3,7.250020280480385e-05,11,ok
partial_sequence,inductive_noise20,trace,0.4,voidsat2,0.00018040044233202934,11,ok
partial_sequence,inductive_noise20,trace,0.4,weight_voidage,2.2700056433677673e-05,11,ok
partial_sequence,inductive_noise20,trace,0.5,aligned_duration_cache,0.0015104003250598,1,ok
partial_sequence,inductive_noise20,trace,0.5,alignment_coverage_pn2_lower,4.74010594189167e-05,11,ok
partial_sequence,inductive_noise20,trace,0.5,alignment_coverage_pn2_upper,2.8600450605154037e-05,11,ok
partial_sequence,inductive_noise20,trace,0.5,classical,0.0036772000603377,1,ok
partial_sequence,inductive_noise20,trace,0.5,dv,5.461515000090003,1,ok
partial_sequence,inductive_noise20,trace,0.5,executions_cache,7.0999376475811005e-06,1,ok
partial_sequence,inductive_noise20,trace,0.5,matchprob,3.5995617508888245e-06,11,ok
partial_sequence,inductive_noise20,trace,0.5,mean_leaf_skipprob,3.09990718960762e-06,1,ok
partial_sequence,inductive_noise20,trace,0.5,salign_coverage,7.060030475258827e-05,11,ok
partial_sequence,inductive_noise20,trace,0.5,skipprob,3.6009587347507477e-06,11,ok
partial_sequence,inductive_noise20,trace,0.5,traces,0.0014955000951886,1,ok
partial_sequence,inductive_noise20,trace,0.5,voidmass_deficit_lower,6.800051778554916e-06,11,ok
partial_sequence,inductive_noise20,trace,0.5,voidmass_deficit_upper,3.200024366378784e-06,11,ok
partial_sequence,inductive_noise20,trace,0.5,voidmass_movecount,3.1995587050914764e-06,11,ok
partial_sequence,inductive_noise20,trace,0.5,voidmass_movecount_bound,3.1990930438041687e-06,11,ok
partial_sequence,inductive_noise20,trace,0.5,voidmass_process_lower,3.7993304431438446e-06,11,ok
partial_sequence,inductive_noise20,trace,0.5,voidmass_process_upper,3.300141543149948e-06,11,ok
partial_sequence,inductive_noise20,trace,0.5,voidsalign3,4.020007327198982e-05,11,ok
partial_sequence,inductive_noise20,trace,0.5,voidsat2,9.869970381259918e-05,11,ok
partial_sequence,inductive_noise20,trace,0.5,weight_voidage,2.220040187239647e-05,11,ok
partial_sequence,inductive_noise20,trace,0.6,aligned_duration_cache,0.0014233998954296,1,ok
partial_sequence,inductive_noise20,trace,0.6,alignment_coverage_pn2_lower,4.620105028152466e-05,11,ok
partial_sequence,inductive_noise20,trace,0.6,alignment_coverage_pn2_upper,2.840021625161171e-05,11,ok
partial_sequence,inductive_noise20,trace,0.6,classical,0.0036130999214947,1,ok
partial_sequence,inductive_noise20,trace,0.6,dv,5.484940099995583,1,ok
partial_sequence,inductive_noise20,trace,0.6,executions_cache,6.800051778554916e-06,1,ok
partial_sequence,inductive_noise20,trace,0.6,matchprob,3.5990960896015167e-06,11,ok
partial_sequence,inductive_noise20,trace,0.6,mean_leaf_skipprob,2.800021320581436e-06,1,ok
partial_sequence,inductive_noise20,trace,0.6,salign_coverage,6.889970973134041e-05,11,ok
partial_sequence,inductive_noise20,trace,0.6,skipprob,3.60049307346344e-06,11,ok
partial_sequence,inductive_noise20,trace,0.6,traces,0.0014116000384092,1,ok
partial_sequence,inductive_noise20,trace,0.6,voidmass_deficit_lower,5.898531526327133e-06,11,ok
partial_sequence,inductive_noise20,trace,0.6,voidmass_deficit_upper,3.4994445741176605e-06,11,ok
partial_sequence,inductive_noise20,trace,0.6,voidmass_movecount,3.300141543149948e-06,11,ok
partial_sequence,inductive_noise20,trace,0.6,voidmass_movecount_bound,2.70036980509758e-06,11,ok
partial_sequence,inductive_noise20,trace,0.6,voidmass_process_lower,4.200730472803116e-06,11,ok
partial_sequence,inductive_noise20,trace,0.6,voidmass_process_upper,3.0994415283203125e-06,11,ok
partial_sequence,inductive_noise20,trace,0.6,voidsalign3,3.9099715650081635e-05,11,ok
partial_sequence,inductive_noise20,trace,0.6,voidsat2,9.890133515000343e-05,11,ok
partial_sequence,inductive_noise20,trace,0.6,weight_voidage,2.1600164473056793e-05,11,ok
partial_sequence,inductive_noise20,trace,0.7,aligned_duration_cache,0.0016244002617895,1,ok
partial_sequence,inductive_noise20,trace,0.7,alignment_coverage_pn2_lower,4.9400608986616135e-05,11,ok
partial_sequence,inductive_noise20,trace,0.7,alignment_coverage_pn2_upper,2.8599053621292114e-05,11,ok
partial_sequence,inductive_noise20,trace,0.7,classical,0.0034619001671671,1,ok
partial_sequence,inductive_noise20,trace,0.7,dv,5.680650999769568,1,ok
partial_sequence,inductive_noise20,trace,0.7,executions_cache,6.200280040502548e-06,1,ok
partial_sequence,inductive_noise20,trace,0.7,matchprob,3.6014243960380554e-06,11,ok
partial_sequence,inductive_noise20,trace,0.7,mean_leaf_skipprob,3.799796104431152e-06,1,ok
partial_sequence,inductive_noise20,trace,0.7,salign_coverage,6.860075518488884e-05,11,ok
partial_sequence,inductive_noise20,trace,0.7,skipprob,3.5995617508888245e-06,11,ok
partial_sequence,inductive_noise20,trace,0.7,traces,0.0016099996864795,1,ok
partial_sequence,inductive_noise20,trace,0.7,voidmass_deficit_lower,5.200039595365524e-06,11,ok
partial_sequence,inductive_noise20,trace,0.7,voidmass_deficit_upper,3.6009587347507477e-06,11,ok
partial_sequence,inductive_noise20,trace,0.7,voidmass_movecount,3.1008385121822357e-06,11,ok
partial_sequence,inductive_noise20,trace,0.7,voidmass_movecount_bound,2.900604158639908e-06,11,ok
partial_sequence,inductive_noise20,trace,0.7,voidmass_process_lower,3.5995617508888245e-06,11,ok
partial_sequence,inductive_noise20,trace,0.7,voidmass_process_upper,3.700610250234604e-06,11,ok
partial_sequence,inductive_noise20,trace,0.7,voidsalign3,4.0899962186813354e-05,11,ok
partial_sequence,inductive_noise20,trace,0.7,voidsat2,0.00010030018165707588,11,ok
partial_sequence,inductive_noise20,trace,0.7,weight_voidage,2.2800173610448837e-05,11,ok
partial_sequence,inductive_noise20,trace,0.8,aligned_duration_cache,0.0014585996977984,1,ok
partial_sequence,inductive_noise20,trace,0.8,alignment_coverage_pn2_lower,4.589976742863655e-05,11,ok
partial_sequence,inductive_noise20,trace,0.8,alignment_coverage_pn2_upper,2.8699636459350586e-05,11,ok
partial_sequence,inductive_noise20,trace,0.8,classical,0.0038027996197342,1,ok
partial_sequence,inductive_noise20,trace,0.8,dv,5.436240300070494,1,ok
partial_sequence,inductive_noise20,trace,0.8,executions_cache,6.90016895532608e-06,1,ok
partial_sequence,inductive_noise20,trace,0.8,matchprob,3.4994445741176605e-06,11,ok
partial_sequence,inductive_noise20,trace,0.8,mean_leaf_skipprob,2.8996728360652924e-06,1,ok
partial_sequence,inductive_noise20,trace,0.8,salign_coverage,6.45006075501442e-05,11,ok
partial_sequence,inductive_noise20,trace,0.8,skipprob,2.9997900128364563e-06,11,ok
partial_sequence,inductive_noise20,trace,0.8,traces,0.0014446000568568,1,ok
partial_sequence,inductive_noise20,trace,0.8,voidmass_deficit_lower,5.499925464391708e-06,11,ok
partial_sequence,inductive_noise20,trace,0.8,voidmass_deficit_upper,3.700144588947296e-06,11,ok
partial_sequence,inductive_noise20,trace,0.8,voidmass_movecount,2.6994384825229645e-06,11,ok
partial_sequence,inductive_noise20,trace,0.8,voidmass_movecount_bound,3.0007213354110718e-06,11,ok
partial_sequence,inductive_noise20,trace,0.8,voidmass_process_lower,3.80026176571846e-06,11,ok
partial_sequence,inductive_noise20,trace,0.8,voidmass_process_upper,2.5993213057518005e-06,11,ok
partial_sequence,inductive_noise20,trace,0.8,voidsalign3,3.970041871070862e-05,11,ok
partial_sequence,inductive_noise20,trace,0.8,voidsat2,9.569898247718811e-05,11,ok
partial_sequence,inductive_noise20,trace,0.8,weight_voidage,2.1900516003370285e-05,11,ok
partial_sequence,inductive_noise20,trace,0.9,aligned_duration_cache,0.0005068001337349,1,ok
partial_sequence,inductive_noise20,trace,0.9,alignment_coverage_pn2_lower,1.2100208550691605e-05,11,ok
partial_sequence,inductive_noise20,trace,0.9,alignment_coverage_pn2_upper,9.700190275907516e-06,11,ok
partial_sequence,inductive_noise20,trace,0.9,classical,0.0004590000025928,1,ok
partial_sequence,inductive_noise20,trace,0.9,dv,0.0732664000242948,1,ok
partial_sequence,inductive_noise20,trace,0.9,executions_cache,6.699934601783752e-06,1,ok
partial_sequence,inductive_noise20,trace,0.9,matchprob,3.298744559288025e-06,11,ok
partial_sequence,inductive_noise20,trace,0.9,mean_leaf_skipprob,4.200264811515808e-06,1,ok
partial_sequence,inductive_noise20,trace,0.9,salign_coverage,1.4800578355789185e-05,11,ok
partial_sequence,inductive_noise20,trace,0.9,skipprob,2.998858690261841e-06,11,ok
partial_sequence,inductive_noise20,trace,0.9,traces,0.0004941001534461,1,ok
partial_sequence,inductive_noise20,trace,0.9,voidmass_deficit_lower,5.8002769947052e-06,11,ok
partial_sequence,inductive_noise20,trace,0.9,voidmass_deficit_upper,3.6996789276599884e-06,11,ok
partial_sequence,inductive_noise20,trace,0.9,voidmass_movecount,2.9001384973526e-06,11,ok
partial_sequence,inductive_noise20,trace,0.9,voidmass_movecount_bound,3.200490027666092e-06,11,ok
partial_sequence,inductive_noise20,trace,0.9,voidmass_process_lower,3.60049307346344e-06,11,ok
partial_sequence,inductive_noise20,trace,0.9,voidmass_process_upper,3.100372850894928e-06,11,ok
partial_sequence,inductive_noise20,trace,0.9,voidsalign3,1.7300713807344437e-05,11,ok
partial_sequence,inductive_noise20,trace,0.9,voidsat2,1.729978248476982e-05,11,ok
partial_sequence,inductive_noise20,trace,0.9,weight_voidage,2.0598527044057846e-05,11,ok
partial_sequence,inductive_noise20,,0.0,aligned_duration_cache,0.0024641002528369,1,ok
partial_sequence,inductive_noise20,,0.0,alignment_coverage_pn2_lower,0.00013070041313767433,11,ok
partial_sequence,inductive_noise20,,0.0,alignment_coverage_pn2_upper,8.120061829686165e-05,11,ok
partial_sequence,inductive_noise20,,0.0,classical,0.0103249996900558,1,ok
partial_sequence,inductive_noise20,,0.0,dv,5.9380370997823775,1,ok
partial_sequence,inductive_noise20,,0.0,executions_cache,8.500181138515472e-06,1,ok
partial_sequence,inductive_noise20,,0.0,matchprob,4.299916326999664e-06,11,ok
partial_sequence,inductive_noise20,,0.0,mean_leaf_skipprob,5.600042641162872e-06,1,ok
partial_sequence,inductive_noise20,,0.0,salign_coverage,0.0001759999431669712,11,ok
partial_sequence,inductive_noise20,,0.0,skipprob,4.100147634744644e-06,11,ok
partial_sequence,inductive_noise20,,0.0,traces,0.002449800260365,1,ok
partial_sequence,inductive_noise20,,0.0,voidmass_deficit_lower,6.4997002482414246e-06,11,ok
partial_sequence,inductive_noise20,,0.0,voidmass_deficit_upper,4.0996819734573364e-06,11,ok
partial_sequence,inductive_noise20,,0.0,voidmass_movecount,2.900604158639908e-06,11,ok
partial_sequence,inductive_noise20,,0.0,voidmass_movecount_bound,2.7990899980068207e-06,11,ok
partial_sequence,inductive_noise20,,0.0,voidmass_process_lower,3.8994476199150085e-06,11,ok
partial_sequence,inductive_noise20,,0.0,voidmass_process_upper,3.2009556889533997e-06,11,ok
partial_sequence,inductive_noise20,,0.0,voidsalign3,0.0001042000949382782,11,ok
partial_sequence,inductive_noise20,,0.0,voidsat2,0.00028060004115102274,11,ok
partial_sequence,inductive_noise20,,0.0,weight_voidage,3.0400697141885757e-05,11,ok
partial_sequence,toothpaste,activity_frequency_gradual,0.1,aligned_duration_cache,0.002292999997735,1,ok
partial_sequence,toothpaste,activity_frequency_gradual,0.1,alignment_coverage_pn2_lower,9.63001511991024e-05,12,ok
partial_sequence,toothpaste,activity_frequency_gradual,0.1,alignment_coverage_pn2_upper,6.149988621473312e-05,12,ok
partial_sequence,toothpaste,activity_frequency_gradual,0.1,classical,0.0064881998114287,1,ok
partial_sequence,toothpaste,activity_frequency_gradual,0.1,dv,5.591208300087601,1,ok
partial_sequence,toothpaste,activity_frequency_gradual,0.1,executions_cache,7.399823516607283e-06,1,ok
partial_sequence,toothpaste,activity_frequency_gradual,0.1,matchprob,3.899913281202316e-06,12,ok
partial_sequence,toothpaste,activity_frequency_gradual,0.1,mean_leaf_skipprob,2.5997869670391083e-06,1,ok
partial_sequence,toothpaste,activity_frequency_gradual,0.1,salign_coverage,0.00011650193482637405,12,ok
partial_sequence,toothpaste,activity_frequency_gradual,0.1,skipprob,3.5995617508888245e-06,12,ok
partial_sequence,toothpaste,activity_frequency_gradual,0.1,traces,0.0022799996659159,1,ok
partial_sequence,toothpaste,activity_frequency_gradual,0.1,voidmass_deficit_lower,6.200745701789856e-06,12,ok
partial_sequence,toothpaste,activity_frequency_gradual,0.1,voidmass_deficit_upper,4.0996819734573364e-06,12,ok
partial_sequence,toothpaste,activity_frequency_gradual,0.1,voidmass_movecount,3.2996758818626404e-06,12,ok
partial_sequence,toothpaste,activity_frequency_gradual,0.1,voidmass_movecount_bound,2.900604158639908e-06,12,ok
partial_sequence,toothpaste,activity_frequency_gradual,0.1,voidmass_process_lower,4.30084764957428e-06,12,ok
partial_sequence,toothpaste,activity_frequency_gradual,0.1,voidmass_process_upper,3.200490027666092e-06,12,ok
partial_sequence,toothpaste,activity_frequency_gradual,0.1,voidsalign3,7.269997149705887e-05,12,ok
partial_sequence,toothpaste,activity_frequency_gradual,0.1,voidsat2,0.0002279006876051426,12,ok
partial_sequence,toothpaste,activity_frequency_gradual,0.1,weight_voidage,2.560066059231758e-05,12,ok
partial_sequence,toothpaste,activity_frequency_gradual,0.2,aligned_duration_cache,0.0035568997263908,1,ok
partial_sequence,toothpaste,activity_frequency_gradual,0.2,alignment_coverage_pn2_lower,0.00018339930102229118,12,ok
partial_sequence,toothpaste,activity_frequency_gradual,0.2,alignment_coverage_pn2_upper,0.00010990072041749954,12,ok
partial_sequence,toothpaste,activity_frequency_gradual,0.2,classical,0.0062342002056539,1,ok
partial_sequence,toothpaste,activity_frequency_gradual,0.2,dv,5.6562457997351885,1,ok
partial_sequence,toothpaste,activity_frequency_gradual,0.2,executions_cache,6.100162863731384e-06,1,ok
partial_sequence,toothpaste,activity_frequency_gradual,0.2,matchprob,5.899462848901749e-06,12,ok
partial_sequence,toothpaste,activity_frequency_gradual,0.2,mean_leaf_skipprob,4.1997991502285e-06,1,ok
partial_sequence,toothpaste,activity_frequency_gradual,0.2,salign_coverage,0.0002021007239818573,12,ok
partial_sequence,toothpaste,activity_frequency_gradual,0.2,skipprob,5.700159817934036e-06,12,ok
partial_sequence,toothpaste,activity_frequency_gradual,0.2,traces,0.0035389000549912,1,ok
partial_sequence,toothpaste,activity_frequency_gradual,0.2,voidmass_deficit_lower,9.899958968162537e-06,12,ok
partial_sequence,toothpaste,activity_frequency_gradual,0.2,voidmass_deficit_upper,5.499925464391708e-06,12,ok
partial_sequence,toothpaste,activity_frequency_gradual,0.2,voidmass_movecount,5.6996941566467285e-06,12,ok
partial_sequence,toothpaste,activity_frequency_gradual,0.2,voidmass_movecount_bound,6.100162863731384e-06,12,ok
partial_sequence,toothpaste,activity_frequency_gradual,0.2,voidmass_process_lower,7.60052353143692e-06,12,ok
partial_sequence,toothpaste,activity_frequency_gradual,0.2,voidmass_process_upper,6.299465894699097e-06,12,ok
partial_sequence,toothpaste,activity_frequency_gradual,0.2,voidsalign3,0.00013120099902153015,12,ok
partial_sequence,toothpaste,activity_frequency_gradual,0.2,voidsat2,0.00036090007051825523,12,ok
partial_sequence,toothpaste,activity_frequency_gradual,0.2,weight_voidage,4.299962893128395e-05,12,ok
partial_sequence,toothpaste,activity_frequency_gradual,0.3,aligned_duration_cache,0.0024325000122189,1,ok
partial_sequence,toothpaste,activity_frequency_gradual,0.3,alignment_coverage_pn2_lower,8.289981633424759e-05,12,ok
partial_sequence,toothpaste,activity_frequency_gradual,0.3,alignment_coverage_pn2_upper,5.229935050010681e-05,12,ok
partial_sequence,toothpaste,activity_frequency_gradual,0.3,classical,0.0092200003564357,1,ok
partial_sequence,toothpaste,activity_frequency_gradual,0.3,dv,5.466237399727106,1,ok
partial_sequence,toothpaste,activity_frequency_gradual,0.3,executions_cache,7.0999376475811005e-06,1,ok
partial_sequence,toothpaste,activity_frequency_gradual,0.3,matchprob,3.698747605085373e-06,12,ok
partial_sequence,toothpaste,activity_frequency_gradual,0.3,mean_leaf_skipprob,3.09990718960762e-06,1,ok
partial_sequence,toothpaste,activity_frequency_gradual,0.3,salign_coverage,0.00010069925338029861,12,ok
partial_sequence,toothpaste,activity_frequency_gradual,0.3,skipprob,3.198627382516861e-06,12,ok
partial_sequence,toothpaste,activity_frequency_gradual,0.3,traces,0.0024168002419173,1,ok
partial_sequence,toothpaste,activity_frequency_gradual,0.3,voidmass_deficit_lower,6.098765879869461e-06,12,ok
partial_sequence,toothpaste,activity_frequency_gradual,0.3,voidmass_deficit_upper,4.400033503770828e-06,12,ok
partial_sequence,toothpaste,activity_frequency_gradual,0.3,voidmass_movecount,3.2992102205753326e-06,12,ok
partial_sequence,toothpaste,activity_frequency_gradual,0.3,voidmass_movecount_bound,3.60049307346344e-06,12,ok
partial_sequence,toothpaste,activity_frequency_gradual,0.3,voidmass_process_lower,4.4996850192546844e-06,12,ok
partial_sequence,toothpaste,activity_frequency_gradual,0.3,voidmass_process_upper,3.4999102354049683e-06,12,ok
partial_sequence,toothpaste,activity_frequency_gradual,0.3,voidsalign3,6.190035492181778e-05,12,ok
partial_sequence,toothpaste,activity_frequency_gradual,0.3,voidsat2,0.00017399992793798447,12,ok
partial_sequence,toothpaste,activity_frequency_gradual,0.3,weight_voidage,2.5599729269742966e-05,12,ok
partial_sequence,toothpaste,activity_frequency_gradual,0.4,aligned_duration_cache,0.0023985998705029,1,ok
partial_sequence,toothpaste,activity_frequency_gradual,0.4,alignment_coverage_pn2_lower,8.060038089752197e-05,12,ok
partial_sequence,toothpaste,activity_frequency_gradual,0.4,alignment_coverage_pn2_upper,5.100062116980553e-05,12,ok
partial_sequence,toothpaste,activity_frequency_gradual,0.4,classical,0.0061075999401509,1,ok
partial_sequence,toothpaste,activity_frequency_gradual,0.4,dv,5.507166400086135,1,ok
partial_sequence,toothpaste,activity_frequency_gradual,0.4,executions_cache,7.100403308868408e-06,1,ok
partial_sequence,toothpaste,activity_frequency_gradual,0.4,matchprob,3.899913281202316e-06,12,ok
partial_sequence,toothpaste,activity_frequency_gradual,0.4,mean_leaf_skipprob,2.800021320581436e-06,1,ok
partial_sequence,toothpaste,activity_frequency_gradual,0.4,salign_coverage,9.909970685839653e-05,12,ok
partial_sequence,toothpaste,activity_frequency_gradual,0.4,skipprob,3.80026176571846e-06,12,ok
partial_sequence,toothpaste,activity_frequency_gradual,0.4,traces,0.0023841997608542,1,ok
partial_sequence,toothpaste,activity_frequency_gradual,0.4,voidmass_deficit_lower,6.299931555986404e-06,12,ok
partial_sequence,toothpaste,activity_frequency_gradual,0.4,voidmass_deficit_upper,3.600027412176132e-06,12,ok
partial_sequence,toothpaste,activity_frequency_gradual,0.4,voidmass_movecount,3.100372850894928e-06,12,ok
partial_sequence,toothpaste,activity_frequency_gradual,0.4,voidmass_movecount_bound,2.9993243515491486e-06,12,ok
partial_sequence,toothpaste,activity_frequency_gradual,0.4,voidmass_process_lower,4.800036549568176e-06,12,ok
partial_sequence,toothpaste,activity_frequency_gradual,0.4,voidmass_process_upper,3.900378942489624e-06,12,ok
partial_sequence,toothpaste,activity_frequency_gradual,0.4,voidsalign3,6.42002560198307e-05,12,ok
partial_sequence,toothpaste,activity_frequency_gradual,0.4,voidsat2,0.00016239983960986137,12,ok
partial_sequence,toothpaste,activity_frequency_gradual,0.4,weight_voidage,2.779997885227203e-05,12,ok
partial_sequence,toothpaste,activity_frequency_gradual,0.5,aligned_duration_cache,0.0024036997929215,1,ok
partial_sequence,toothpaste,activity_frequency_gradual,0.5,alignment_coverage_pn2_lower,5.0599221140146255e-05,12,ok
partial_sequence,toothpaste,activity_frequency_gradual,0.5,alignment_coverage_pn2_upper,3.1800009310245514e-05,12,ok
partial_sequence,toothpaste,activity_frequency_gradual,0.5,classical,0.0036875000223517,1,ok
partial_sequence,toothpaste,activity_frequency_gradual,0.5,dv,5.436623899731785,1,ok
partial_sequence,toothpaste,activity_frequency_gradual,0.5,executions_cache,7.100403308868408e-06,1,ok
partial_sequence,toothpaste,activity_frequency_gradual,0.5,matchprob,3.8994476199150085e-06,12,ok
partial_sequence,toothpaste,activity_frequency_gradual,0.5,mean_leaf_skipprob,2.70036980509758e-06,1,ok
partial_sequence,toothpaste,activity_frequency_gradual,0.5,salign_coverage,7.539940997958183e-05,12,ok
partial_sequence,toothpaste,activity_frequency_gradual,0.5,skipprob,3.700610250234604e-06,12,ok
partial_sequence,toothpaste,activity_frequency_gradual,0.5,traces,0.002388899680227,1,ok
partial_sequence,toothpaste,activity_frequency_gradual,0.5,voidmass_deficit_lower,6.599351763725281e-06,12,ok
partial_sequence,toothpaste,activity_frequency_gradual,0.5,voidmass_deficit_upper,3.999099135398865e-06,12,ok
partial_sequence,toothpaste,activity_frequency_gradual,0.5,voidmass_movecount,3.7997961044311523e-06,12,ok
partial_sequence,toothpaste,activity_frequency_gradual,0.5,voidmass_movecount_bound,3.4989789128303528e-06,12,ok
partial_sequence,toothpaste,activity_frequency_gradual,0.5,voidmass_process_lower,4.8996880650520325e-06,12,ok
partial_sequence,toothpaste,activity_frequency_gradual,0.5,voidmass_process_upper,3.1995587050914764e-06,12,ok
partial_sequence,toothpaste,activity_frequency_gradual,0.5,voidsalign3,4.319986328482628e-05,12,ok
partial_sequence,toothpaste,activity_frequency_gradual,0.5,voidsat2,0.00014959974214434624,12,ok
partial_sequence,toothpaste,activity_frequency_gradual,0.5,weight_voidage,2.6899389922618866e-05,12,ok
partial_sequence,toothpaste,activity_frequency_gradual,0.6,aligned_duration_cache,0.0023475997149944,1,ok
partial_sequence,toothpaste,activity_frequency_gradual,0.6,alignment_coverage_pn2_lower,7.380079478025436e-05,12,ok
partial_sequence,toothpaste,activity_frequency_gradual,0.6,alignment_coverage_pn2_upper,4.619918763637543e-05,12,ok
partial_sequence,toothpaste,activity_frequency_gradual,0.6,classical,0.0059651997871696,1,ok
partial_sequence,toothpaste,activity_frequency_gradual,0.6,dv,5.625068900175393,1,ok
partial_sequence,toothpaste,activity_frequency_gradual,0.6,executions_cache,7.0999376475811005e-06,1,ok
partial_sequence,toothpaste,activity_frequency_gradual,0.6,matchprob,3.898981958627701e-06,12,ok
partial_sequence,toothpaste,activity_frequency_gradual,0.6,mean_leaf_skipprob,2.5997869670391083e-06,1,ok
partial_sequence,toothpaste,activity_frequency_gradual,0.6,salign_coverage,0.0001026000827550888,12,ok
partial_sequence,toothpaste,activity_frequency_gradual,0.6,skipprob,3.7993304431438446e-06,12,ok
partial_sequence,toothpaste,activity_frequency_gradual,0.6,traces,0.0023314002901315,1,ok
partial_sequence,toothpaste,activity_frequency_gradual,0.6,voidmass_deficit_lower,6.9998204708099365e-06,12,ok
partial_sequence,toothpaste,activity_frequency_gradual,0.6,voidmass_deficit_upper,4.600267857313156e-06,12,ok
partial_sequence,toothpaste,activity_frequency_gradual,0.6,voidmass_movecount,3.40072438120842e-06,12,ok
partial_sequence,toothpaste,activity_frequency_gradual,0.6,voidmass_movecount_bound,4.199333488941193e-06,12,ok
partial_sequence,toothpaste,activity_frequency_gradual,0.6,voidmass_process_lower,4.198867827653885e-06,12,ok
partial_sequence,toothpaste,activity_frequency_gradual,0.6,voidmass_process_upper,3.600027412176132e-06,12,ok
partial_sequence,toothpaste,activity_frequency_gradual,0.6,voidsalign3,5.930056795477867e-05,12,ok
partial_sequence,toothpaste,activity_frequency_gradual,0.6,voidsat2,0.00014549912884831429,12,ok
partial_sequence,toothpaste,activity_frequency_gradual,0.6,weight_voidage,2.800021320581436e-05,12,ok
partial_sequence,toothpaste,activity_frequency_gradual,0.7,aligned_duration_cache,0.00239730020985,1,ok
partial_sequence,toothpaste,activity_frequency_gradual,0.7,alignment_coverage_pn2_lower,7.609976455569267e-05,12,ok
partial_sequence,toothpaste,activity_frequency_gradual,0.7,alignment_coverage_pn2_upper,4.6798959374427795e-05,12,ok
partial_sequence,toothpaste,activity_frequency_gradual,0.7,classical,0.0059068999253213,1,ok
partial_sequence,toothpaste,activity_frequency_gradual,0.7,dv,5.515592100098729,1,ok
partial_sequence,toothpaste,activity_frequency_gradual,0.7,executions_cache,8.299946784973145e-06,1,ok
partial_sequence,toothpaste,activity_frequency_gradual,0.7,matchprob,4.300381988286972e-06,12,ok
partial_sequence,toothpaste,activity_frequency_gradual,0.7,mean_leaf_skipprob,2.699904143810272e-06,1,ok
partial_sequence,toothpaste,activity_frequency_gradual,0.7,salign_coverage,0.00010079983621835709,12,ok
partial_sequence,toothpaste,activity_frequency_gradual,0.7,skipprob,4.000496119260788e-06,12,ok
partial_sequence,toothpaste,activity_frequency_gradual,0.7,traces,0.0023820996284484,1,ok
partial_sequence,toothpaste,activity_frequency_gradual,0.7,voidmass_deficit_lower,7.199123501777649e-06,12,ok
partial_sequence,toothpaste,activity_frequency_gradual,0.7,voidmass_deficit_upper,4.200730472803116e-06,12,ok
partial_sequence,toothpaste,activity_frequency_gradual,0.7,voidmass_movecount,3.0999071896076202e-06,12,ok
partial_sequence,toothpaste,activity_frequency_gradual,0.7,voidmass_movecount_bound,3.4999102354049683e-06,12,ok
partial_sequence,toothpaste,activity_frequency_gradual,0.7,voidmass_process_lower,4.90015372633934e-06,12,ok
partial_sequence,toothpaste,activity_frequency_gradual,0.7,voidmass_process_upper,3.500375896692276e-06,12,ok
partial_sequence,toothpaste,activity_frequency_gradual,0.7,voidsalign3,5.87007962167263e-05,12,ok
partial_sequence,toothpaste,activity_frequency_gradual,0.7,voidsat2,0.00013709813356399536,12,ok
partial_sequence,toothpaste,activity_frequency_gradual,0.7,weight_voidage,2.6400666683912277e-05,12,ok
partial_sequence,toothpaste,activity_frequency_gradual,0.8,aligned_duration_cache,0.0331085999496281,1,ok
partial_sequence,toothpaste,activity_frequency_gradual,0.8,alignment_coverage_pn2_lower,3.970041871070862e-05,12,ok
partial_sequence,toothpaste,activity_frequency_gradual,0.8,alignment_coverage_pn2_upper,2.5101006031036377e-05,12,ok
partial_sequence,toothpaste,activity_frequency_gradual,0.8,classical,0.0033028996549546,1,ok
partial_sequence,toothpaste,activity_frequency_gradual,0.8,dv,5.36349940020591,1,ok
partial_sequence,toothpaste,activity_frequency_gradual,0.8,executions_cache,7.400289177894592e-06,1,ok
partial_sequence,toothpaste,activity_frequency_gradual,0.8,matchprob,4.000961780548096e-06,12,ok
partial_sequence,toothpaste,activity_frequency_gradual,0.8,mean_leaf_skipprob,2.300366759300232e-06,1,ok
partial_sequence,toothpaste,activity_frequency_gradual,0.8,salign_coverage,6.260024383664131e-05,12,ok
partial_sequence,toothpaste,activity_frequency_gradual,0.8,skipprob,3.300141543149948e-06,12,ok
partial_sequence,toothpaste,activity_frequency_gradual,0.8,traces,0.0330942999571561,1,ok
partial_sequence,toothpaste,activity_frequency_gradual,0.8,voidmass_deficit_lower,4.600267857313156e-06,12,ok
partial_sequence,toothpaste,activity_frequency_gradual,0.8,voidmass_deficit_upper,4.000496119260788e-06,12,ok
partial_sequence,toothpaste,activity_frequency_gradual,0.8,voidmass_movecount,2.9001384973526e-06,12,ok
partial_sequence,toothpaste,activity_frequency_gradual,0.8,voidmass_movecount_bound,3.200490027666092e-06,12,ok
partial_sequence,toothpaste,activity_frequency_gradual,0.8,voidmass_process_lower,3.8994476199150085e-06,12,ok
partial_sequence,toothpaste,activity_frequency_gradual,0.8,voidmass_process_upper,3.7993304431438446e-06,12,ok
partial_sequence,toothpaste,activity_frequency_gradual,0.8,voidsalign3,3.5999342799186707e-05,12,ok
partial_sequence,toothpaste,activity_frequency_gradual,0.8,voidsat2,6.509991362690926e-05,12,ok
partial_sequence,toothpaste,activity_frequency_gradual,0.8,weight_voidage,2.6400666683912277e-05,12,ok
partial_sequence,toothpaste,activity_frequency_gradual,0.9,aligned_duration_cache,0.0014864997938275,1,ok
partial_sequence,toothpaste,activity_frequency_gradual,0.9,alignment_coverage_pn2_lower,4.6100933104753494e-05,12,ok
partial_sequence,toothpaste,activity_frequency_gradual,0.9,alignment_coverage_pn2_upper,2.620043233036995e-05,12,ok
partial_sequence,toothpaste,activity_frequency_gradual,0.9,classical,0.0030094999819993,1,ok
partial_sequence,toothpaste,activity_frequency_gradual,0.9,dv,5.311207600403577,1,ok
partial_sequence,toothpaste,activity_frequency_gradual,0.9,executions_cache,6.899703294038773e-06,1,ok
partial_sequence,toothpaste,activity_frequency_gradual,0.9,matchprob,3.798864781856537e-06,12,ok
partial_sequence,toothpaste,activity_frequency_gradual,0.9,mean_leaf_skipprob,3.09990718960762e-06,1,ok
partial_sequence,toothpaste,activity_frequency_gradual,0.9,salign_coverage,6.480095908045769e-05,12,ok
partial_sequence,toothpaste,activity_frequency_gradual,0.9,skipprob,3.60049307346344e-06,12,ok
partial_sequence,toothpaste,activity_frequency_gradual,0.9,traces,0.0014721998013556,1,ok
partial_sequence,toothpaste,activity_frequency_gradual,0.9,voidmass_deficit_lower,8.599832653999329e-06,12,ok
partial_sequence,toothpaste,activity_frequency_gradual,0.9,voidmass_deficit_upper,4.299916326999664e-06,12,ok
partial_sequence,toothpaste,activity_frequency_gradual,0.9,voidmass_movecount,3.8994476199150085e-06,12,ok
partial_sequence,toothpaste,activity_frequency_gradual,0.9,voidmass_movecount_bound,4.199333488941193e-06,12,ok
partial_sequence,toothpaste,activity_frequency_gradual,0.9,voidmass_process_lower,4.800036549568176e-06,12,ok
partial_sequence,toothpaste,activity_frequency_gradual,0.9,voidmass_process_upper,4.1997991502285e-06,12,ok
partial_sequence,toothpaste,activity_frequency_gradual,0.9,voidsalign3,3.800028935074806e-05,12,ok
partial_sequence,toothpaste,activity_frequency_gradual,0.9,voidsat2,5.170051008462906e-05,12,ok
partial_sequence,toothpaste,activity_frequency_gradual,0.9,weight_voidage,2.7500558644533157e-05,12,ok
partial_sequence,toothpaste,activity_gradual,0.1,aligned_duration_cache,0.0026186001487076,1,ok
partial_sequence,toothpaste,activity_gradual,0.1,alignment_coverage_pn2_lower,0.0002234005369246006,12,ok
partial_sequence,toothpaste,activity_gradual,0.1,alignment_coverage_pn2_upper,0.00015200022608041763,12,ok
partial_sequence,toothpaste,activity_gradual,0.1,classical,0.00955619988963,1,ok
partial_sequence,toothpaste,activity_gradual,0.1,dv,5.8723867000080645,1,ok
partial_sequence,toothpaste,activity_gradual,0.1,executions_cache,6.399583071470261e-06,1,ok
partial_sequence,toothpaste,activity_gradual,0.1,matchprob,6.300397217273712e-06,12,ok
partial_sequence,toothpaste,activity_gradual,0.1,mean_leaf_skipprob,4.100147634744644e-06,1,ok
partial_sequence,toothpaste,activity_gradual,0.1,salign_coverage,0.0002469997853040695,12,ok
partial_sequence,toothpaste,activity_gradual,0.1,skipprob,6.101094186306e-06,12,ok
partial_sequence,toothpaste,activity_gradual,0.1,traces,0.0026023997925221,1,ok
partial_sequence,toothpaste,activity_gradual,0.1,voidmass_deficit_lower,8.599832653999329e-06,12,ok
partial_sequence,toothpaste,activity_gradual,0.1,voidmass_deficit_upper,5.799345672130585e-06,12,ok
partial_sequence,toothpaste,activity_gradual,0.1,voidmass_movecount,5.000736564397812e-06,12,ok
partial_sequence,toothpaste,activity_gradual,0.1,voidmass_movecount_bound,5.100388079881668e-06,12,ok
partial_sequence,toothpaste,activity_gradual,0.1,voidmass_process_lower,6.300397217273712e-06,12,ok
partial_sequence,toothpaste,activity_gradual,0.1,voidmass_process_upper,5.5995769798755646e-06,12,ok
partial_sequence,toothpaste,activity_gradual,0.1,voidsalign3,0.00016349973157048225,12,ok
partial_sequence,toothpaste,activity_gradual,0.1,voidsat2,0.0004224996082484398,12,ok
partial_sequence,toothpaste,activity_gradual,0.1,weight_voidage,3.91998328268528e-05,12,ok
partial_sequence,toothpaste,activity_gradual,0.2,aligned_duration_cache,0.0023491000756621,1,ok
partial_sequence,toothpaste,activity_gradual,0.2,alignment_coverage_pn2_lower,9.720074012875557e-05,12,ok
partial_sequence,toothpaste,activity_gradual,0.2,alignment_coverage_pn2_upper,6.150035187602043e-05,12,ok
partial_sequence,toothpaste,activity_gradual,0.2,classical,0.0088438997045159,1,ok
partial_sequence,toothpaste,activity_gradual,0.2,dv,5.5751600000076,1,ok
partial_sequence,toothpaste,activity_gradual,0.2,executions_cache,8.299946784973145e-06,1,ok
partial_sequence,toothpaste,activity_gradual,0.2,matchprob,3.800727427005768e-06,12,ok
partial_sequence,toothpaste,activity_gradual,0.2,mean_leaf_skipprob,2.800021320581436e-06,1,ok
partial_sequence,toothpaste,activity_gradual,0.2,salign_coverage,0.00011760089546442032,12,ok
partial_sequence,toothpaste,activity_gradual,0.2,skipprob,3.899913281202316e-06,12,ok
partial_sequence,toothpaste,activity_gradual,0.2,traces,0.002335200086236,1,ok
partial_sequence,toothpaste,activity_gradual,0.2,voidmass_deficit_lower,6.30086287856102e-06,12,ok
partial_sequence,toothpaste,activity_gradual,0.2,voidmass_deficit_upper,3.7997961044311523e-06,12,ok
partial_sequence,toothpaste,activity_gradual,0.2,voidmass_movecount,3.702007234096527e-06,12,ok
partial_sequence,toothpaste,activity_gradual,0.2,voidmass_movecount_bound,3.900378942489624e-06,12,ok
partial_sequence,toothpaste,activity_gradual,0.2,voidmass_process_lower,4.0996819734573364e-06,12,ok
partial_sequence,toothpaste,activity_gradual,0.2,voidmass_process_upper,3.598630428314209e-06,12,ok
partial_sequence,toothpaste,activity_gradual,0.2,voidsalign3,7.760012522339821e-05,12,ok
partial_sequence,toothpaste,activity_gradual,0.2,voidsat2,0.00022879987955093384,12,ok
partial_sequence,toothpaste,activity_gradual,0.2,weight_voidage,2.6700086891651154e-05,12,ok
partial_sequence,toothpaste,activity_gradual,0.3,aligned_duration_cache,0.0025200997479259,1,ok
partial_sequence,toothpaste,activity_gradual,0.3,alignment_coverage_pn2_lower,9.769992902874947e-05,12,ok
partial_sequence,toothpaste,activity_gradual,0.3,alignment_coverage_pn2_upper,5.9999991208314896e-05,12,ok
partial_sequence,toothpaste,activity_gradual,0.3,classical,0.0062605999410152,1,ok
partial_sequence,toothpaste,activity_gradual,0.3,dv,5.607065400108695,1,ok
partial_sequence,toothpaste,activity_gradual,0.3,executions_cache,7.799826562404633e-06,1,ok
partial_sequence,toothpaste,activity_gradual,0.3,matchprob,3.4999102354049683e-06,12,ok
partial_sequence,toothpaste,activity_gradual,0.3,mean_leaf_skipprob,3.200024366378784e-06,1,ok
partial_sequence,toothpaste,activity_gradual,0.3,salign_coverage,0.00011829938739538193,12,ok
partial_sequence,toothpaste,activity_gradual,0.3,skipprob,3.4994445741176605e-06,12,ok
partial_sequence,toothpaste,activity_gradual,0.3,traces,0.0025039999745786,1,ok
partial_sequence,toothpaste,activity_gradual,0.3,voidmass_deficit_lower,6.299931555986404e-06,12,ok
partial_sequence,toothpaste,activity_gradual,0.3,voidmass_deficit_upper,3.80026176571846e-06,12,ok
partial_sequence,toothpaste,activity_gradual,0.3,voidmass_movecount,3.5995617508888245e-06,12,ok
partial_sequence,toothpaste,activity_gradual,0.3,voidmass_movecount_bound,3.6996789276599884e-06,12,ok
partial_sequence,toothpaste,activity_gradual,0.3,voidmass_process_lower,3.7993304431438446e-06,12,ok
partial_sequence,toothpaste,activity_gradual,0.3,voidmass_process_upper,3.500375896692276e-06,12,ok
partial_sequence,toothpaste,activity_gradual,0.3,voidsalign3,7.439963519573212e-05,12,ok
partial_sequence,toothpaste,activity_gradual,0.3,voidsat2,0.0002071000635623932,12,ok
partial_sequence,toothpaste,activity_gradual,0.3,weight_voidage,2.5600194931030273e-05,12,ok
partial_sequence,toothpaste,activity_gradual,0.4,aligned_duration_cache,0.0023000999353826,1,ok
partial_sequence,toothpaste,activity_gradual,0.4,alignment_coverage_pn2_lower,9.21003520488739e-05,12,ok
partial_sequence,toothpaste,activity_gradual,0.4,alignment_coverage_pn2_upper,5.520042032003403e-05,12,ok
partial_sequence,toothpaste,activity_gradual,0.4,classical,0.0061570997349917,1,ok
partial_sequence,toothpaste,activity_gradual,0.4,dv,5.69459389988333,1,ok
partial_sequence,toothpaste,activity_gradual,0.4,executions_cache,7.80029222369194e-06,1,ok
partial_sequence,toothpaste,activity_gradual,0.4,matchprob,3.6992132663726807e-06,12,ok
partial_sequence,toothpaste,activity_gradual,0.4,mean_leaf_skipprob,2.699904143810272e-06,1,ok
partial_sequence,toothpaste,activity_gradual,0.4,salign_coverage,0.0001121005043387413,12,ok
partial_sequence,toothpaste,activity_gradual,0.4,skipprob,3.600027412176132e-06,12,ok
partial_sequence,toothpaste,activity_gradual,0.4,traces,0.0022856998257339,1,ok
partial_sequence,toothpaste,activity_gradual,0.4,voidmass_deficit_lower,7.000286132097244e-06,12,ok
partial_sequence,toothpaste,activity_gradual,0.4,voidmass_deficit_upper,4.00003045797348e-06,12,ok
partial_sequence,toothpaste,activity_gradual,0.4,voidmass_movecount,3.4989789128303528e-06,12,ok
partial_sequence,toothpaste,activity_gradual,0.4,voidmass_movecount_bound,3.6996789276599884e-06,12,ok
partial_sequence,toothpaste,activity_gradual,0.4,voidmass_process_lower,4.800036549568176e-06,12,ok
partial_sequence,toothpaste,activity_gradual,0.4,voidmass_process_upper,3.598630428314209e-06,12,ok
partial_sequence,toothpaste,activity_gradual,0.4,voidsalign3,0.00019189948216076692,12,ok
partial_sequence,toothpaste,activity_gradual,0.4,voidsat2,0.00019910046830773354,12,ok
partial_sequence,toothpaste,activity_gradual,0.4,weight_voidage,2.979906275868416e-05,12,ok
partial_sequence,toothpaste,activity_gradual,0.5,aligned_duration_cache,0.0023985998705029,1,ok
partial_sequence,toothpaste,activity_gradual,0.5,alignment_coverage_pn2_lower,0.00012180116027593613,12,ok
partial_sequence,toothpaste,activity_gradual,0.5,alignment_coverage_pn2_upper,7.569976150989532e-05,12,ok
partial_sequence,toothpaste,activity_gradual,0.5,classical,0.0084017002955079,1,ok
partial_sequence,toothpaste,activity_gradual,0.5,dv,5.773801099974662,1,ok
partial_sequence,toothpaste,activity_gradual,0.5,executions_cache,8.00006091594696e-06,1,ok
partial_sequence,toothpaste,activity_gradual,0.5,matchprob,3.8994476199150085e-06,12,ok
partial_sequence,toothpaste,activity_gradual,0.5,mean_leaf_skipprob,2.800021320581436e-06,1,ok
partial_sequence,toothpaste,activity_gradual,0.5,salign_coverage,0.00015180092304944992,12,ok
partial_sequence,toothpaste,activity_gradual,0.5,skipprob,3.899913281202316e-06,12,ok
partial_sequence,toothpaste,activity_gradual,0.5,traces,0.0023836004547774,1,ok
partial_sequence,toothpaste,activity_gradual,0.5,voidmass_deficit_lower,6.399583071470261e-06,12,ok
partial_sequence,toothpaste,activity_gradual,0.5,voidmass_deficit_upper,4.199333488941193e-06,12,ok
partial_sequence,toothpaste,activity_gradual,0.5,voidmass_movecount,3.6992132663726807e-06,12,ok
partial_sequence,toothpaste,activity_gradual,0.5,voidmass_movecount_bound,3.4999102354049683e-06,12,ok
partial_sequence,toothpaste,activity_gradual,0.5,voidmass_process_lower,4.0996819734573364e-06,12,ok
partial_sequence,toothpaste,activity_gradual,0.5,voidmass_process_upper,3.3997930586338043e-06,12,ok
partial_sequence,toothpaste,activity_gradual,0.5,voidsalign3,9.400025010108948e-05,12,ok
partial_sequence,toothpaste,activity_gradual,0.5,voidsat2,0.0001926003023982048,12,ok
partial_sequence,toothpaste,activity_gradual,0.5,weight_voidage,2.6699155569076538e-05,12,ok
partial_sequence,toothpaste,activity_gradual,0.6,aligned_duration_cache,0.0023849001154303,1,ok
partial_sequence,toothpaste,activity_gradual,0.6,alignment_coverage_pn2_lower,8.599972352385521e-05,12,ok
partial_sequence,toothpaste,activity_gradual,0.6,alignment_coverage_pn2_upper,5.0999224185943604e-05,12,ok
partial_sequence,toothpaste,activity_gradual,0.6,classical,0.0061414004303514,1,ok
partial_sequence,toothpaste,activity_gradual,0.6,dv,5.728903399780393,1,ok
partial_sequence,toothpaste,activity_gradual,0.6,executions_cache,7.200054824352264e-06,1,ok
partial_sequence,toothpaste,activity_gradual,0.6,matchprob,3.8994476199150085e-06,12,ok
partial_sequence,toothpaste,activity_gradual,0.6,mean_leaf_skipprob,2.600252628326416e-06,1,ok
partial_sequence,toothpaste,activity_gradual,0.6,salign_coverage,0.00012249965220689774,12,ok
partial_sequence,toothpaste,activity_gradual,0.6,skipprob,3.999099135398865e-06,12,ok
partial_sequence,toothpaste,activity_gradual,0.6,traces,0.0023701000027358,1,ok
partial_sequence,toothpaste,activity_gradual,0.6,voidmass_deficit_lower,7.100403308868408e-06,12,ok
partial_sequence,toothpaste,activity_gradual,0.6,voidmass_deficit_upper,3.700144588947296e-06,12,ok
partial_sequence,toothpaste,activity_gradual,0.6,voidmass_movecount,3.5995617508888245e-06,12,ok
partial_sequence,toothpaste,activity_gradual,0.6,voidmass_movecount_bound,3.2014213502407074e-06,12,ok
partial_sequence,toothpaste,activity_gradual,0.6,voidmass_process_lower,4.900619387626648e-06,12,ok
partial_sequence,toothpaste,activity_gradual,0.6,voidmass_process_upper,4.100147634744644e-06,12,ok
partial_sequence,toothpaste,activity_gradual,0.6,voidsalign3,6.770016625523567e-05,12,ok
partial_sequence,toothpaste,activity_gradual,0.6,voidsat2,0.00017689866945147514,12,ok
partial_sequence,toothpaste,activity_gradual,0.6,weight_voidage,2.6599038392305374e-05,12,ok
partial_sequence,toothpaste,activity_gradual,0.7,aligned_duration_cache,0.0024776998907327,1,ok
partial_sequence,toothpaste,activity_gradual,0.7,alignment_coverage_pn2_lower,9.460095316171646e-05,12,ok
partial_sequence,toothpaste,activity_gradual,0.7,alignment_coverage_pn2_upper,5.450006574392319e-05,12,ok
partial_sequence,toothpaste,activity_gradual,0.7,classical,0.0059642000123858,1,ok
partial_sequence,toothpaste,activity_gradual,0.7,dv,5.658719700295478,1,ok
partial_sequence,toothpaste,activity_gradual,0.7,executions_cache,7.300172001123428e-06,1,ok
partial_sequence,toothpaste,activity_gradual,0.7,matchprob,4.0996819734573364e-06,12,ok
partial_sequence,toothpaste,activity_gradual,0.7,mean_leaf_skipprob,3.000255674123764e-06,1,ok
partial_sequence,toothpaste,activity_gradual,0.7,salign_coverage,0.0001224009320139885,12,ok
partial_sequence,toothpaste,activity_gradual,0.7,skipprob,3.9995647966861725e-06,12,ok
partial_sequence,toothpaste,activity_gradual,0.7,traces,0.0024616997689008,1,ok
partial_sequence,toothpaste,activity_gradual,0.7,voidmass_deficit_lower,7.500406354665756e-06,12,ok
partial_sequence,toothpaste,activity_gradual,0.7,voidmass_deficit_upper,4.199333488941193e-06,12,ok
partial_sequence,toothpaste,activity_gradual,0.7,voidmass_movecount,3.5990960896015167e-06,12,ok
partial_sequence,toothpaste,activity_gradual,0.7,voidmass_movecount_bound,3.300141543149948e-06,12,ok
partial_sequence,toothpaste,activity_gradual,0.7,voidmass_process_lower,4.600733518600464e-06,12,ok
partial_sequence,toothpaste,activity_gradual,0.7,voidmass_process_upper,3.60049307346344e-06,12,ok
partial_sequence,toothpaste,activity_gradual,0.7,voidsalign3,7.37006776034832e-05,12,ok
partial_sequence,toothpaste,activity_gradual,0.7,voidsat2,0.00018029985949397087,12,ok
partial_sequence,toothpaste,activity_gradual,0.7,weight_voidage,2.990150824189186e-05,12,ok
partial_sequence,toothpaste,activity_gradual,0.8,aligned_duration_cache,0.0023153997026383,1,ok
partial_sequence,toothpaste,activity_gradual,0.8,alignment_coverage_pn2_lower,4.3600331991910934e-05,12,ok
partial_sequence,toothpaste,activity_gradual,0.8,alignment_coverage_pn2_upper,2.620043233036995e-05,12,ok
partial_sequence,toothpaste,activity_gradual,0.8,classical,0.0036165998317301,1,ok
partial_sequence,toothpaste,activity_gradual,0.8,dv,5.28109489986673,1,ok
partial_sequence,toothpaste,activity_gradual,0.8,executions_cache,7.6000578701496124e-06,1,ok
partial_sequence,toothpaste,activity_gradual,0.8,matchprob,4.000961780548096e-06,12,ok
partial_sequence,toothpaste,activity_gradual,0.8,mean_leaf_skipprob,2.70036980509758e-06,1,ok
partial_sequence,toothpaste,activity_gradual,0.8,salign_coverage,6.230082362890244e-05,12,ok
partial_sequence,toothpaste,activity_gradual,0.8,skipprob,3.702007234096527e-06,12,ok
partial_sequence,toothpaste,activity_gradual,0.8,traces,0.0023018000647425,1,ok
partial_sequence,toothpaste,activity_gradual,0.8,voidmass_deficit_lower,6.401445716619492e-06,12,ok
partial_sequence,toothpaste,activity_gradual,0.8,voidmass_deficit_upper,4.000496119260788e-06,12,ok
partial_sequence,toothpaste,activity_gradual,0.8,voidmass_movecount,3.3015385270118713e-06,12,ok
partial_sequence,toothpaste,activity_gradual,0.8,voidmass_movecount_bound,3.398861736059189e-06,12,ok
partial_sequence,toothpaste,activity_gradual,0.8,voidmass_process_lower,4.599802196025848e-06,12,ok
partial_sequence,toothpaste,activity_gradual,0.8,voidmass_process_upper,4.00003045797348e-06,12,ok
partial_sequence,toothpaste,activity_gradual,0.8,voidsalign3,3.7600286304950714e-05,12,ok
partial_sequence,toothpaste,activity_gradual,0.8,voidsat2,7.979944348335266e-05,12,ok
partial_sequence,toothpaste,activity_gradual,0.8,weight_voidage,2.6499386876821518e-05,12,ok
partial_sequence,toothpaste,activity_gradual,0.9,aligned_duration_cache,0.0015102000907063,1,ok
partial_sequence,toothpaste,activity_gradual,0.9,alignment_coverage_pn2_lower,4.930002614855766e-05,12,ok
partial_sequence,toothpaste,activity_gradual,0.9,alignment_coverage_pn2_upper,2.5999266654253006e-05,12,ok
partial_sequence,toothpaste,activity_gradual,0.9,classical,0.0031015998683869,1,ok
partial_sequence,toothpaste,activity_gradual,0.9,dv,5.321441000327468,1,ok
partial_sequence,toothpaste,activity_gradual,0.9,executions_cache,7.000286132097244e-06,1,ok
partial_sequence,toothpaste,activity_gradual,0.9,matchprob,3.5995617508888245e-06,12,ok
partial_sequence,toothpaste,activity_gradual,0.9,mean_leaf_skipprob,2.800021320581436e-06,1,ok
partial_sequence,toothpaste,activity_gradual,0.9,salign_coverage,6.219977512955666e-05,12,ok
partial_sequence,toothpaste,activity_gradual,0.9,skipprob,3.4994445741176605e-06,12,ok
partial_sequence,toothpaste,activity_gradual,0.9,traces,0.0014964998699724,1,ok
partial_sequence,toothpaste,activity_gradual,0.9,voidmass_deficit_lower,7.100868970155716e-06,12,ok
partial_sequence,toothpaste,activity_gradual,0.9,voidmass_deficit_upper,3.6992132663726807e-06,12,ok
partial_sequence,toothpaste,activity_gradual,0.9,voidmass_movecount,3.5995617508888245e-06,12,ok
partial_sequence,toothpaste,activity_gradual,0.9,voidmass_movecount_bound,2.9993243515491486e-06,12,ok
partial_sequence,toothpaste,activity_gradual,0.9,voidmass_process_lower,4.5006163418293e-06,12,ok
partial_sequence,toothpaste,activity_gradual,0.9,voidmass_process_upper,3.60049307346344e-06,12,ok
partial_sequence,toothpaste,activity_gradual,0.9,voidsalign3,3.790203481912613e-05,12,ok
partial_sequence,toothpaste,activity_gradual,0.9,voidsat2,5.1400624215602875e-05,12,ok
partial_sequence,toothpaste,activity_gradual,0.9,weight_voidage,2.58004292845726e-05,12,ok
partial_sequence,toothpaste,trace,0.1,aligned_duration_cache,0.0023715002462267,1,ok
partial_sequence,toothpaste,trace,0.1,alignment_coverage_pn2_lower,0.00014579994603991508,12,ok
partial_sequence,toothpaste,trace,0.1,alignment_coverage_pn2_upper,9.180000051856041e-05,12,ok
partial_sequence,toothpaste,trace,0.1,classical,0.0092831999063491,1,ok
partial_sequence,toothpaste,trace,0.1,dv,5.87856819992885,1,ok
partial_sequence,toothpaste,trace,0.1,executions_cache,6.5998174250125885e-06,1,ok
partial_sequence,toothpaste,trace,0.1,matchprob,3.700610250234604e-06,12,ok
partial_sequence,toothpaste,trace,0.1,mean_leaf_skipprob,2.699904143810272e-06,1,ok
partial_sequence,toothpaste,trace,0.1,salign_coverage,0.00017060106620192528,12,ok
partial_sequence,toothpaste,trace,0.1,skipprob,3.500375896692276e-06,12,ok
partial_sequence,toothpaste,trace,0.1,traces,0.0023570000194013,1,ok
partial_sequence,toothpaste,trace,0.1,voidmass_deficit_lower,7.399357855319977e-06,12,ok
partial_sequence,toothpaste,trace,0.1,voidmass_deficit_upper,3.80026176571846e-06,12,ok
partial_sequence,toothpaste,trace,0.1,voidmass_movecount,3.200024366378784e-06,12,ok
partial_sequence,toothpaste,trace,0.1,voidmass_movecount_bound,4.1997991502285e-06,12,ok
partial_sequence,toothpaste,trace,0.1,voidmass_process_lower,4.800036549568176e-06,12,ok
partial_sequence,toothpaste,trace,0.1,voidmass_process_upper,3.500375896692276e-06,12,ok
partial_sequence,toothpaste,trace,0.1,voidsalign3,0.00010820012539625168,12,ok
partial_sequence,toothpaste,trace,0.1,voidsat2,0.0002570995129644871,12,ok
partial_sequence,toothpaste,trace,0.1,weight_voidage,2.6499852538108826e-05,12,ok
partial_sequence,toothpaste,trace,0.2,aligned_duration_cache,0.0019793999381363,1,ok
partial_sequence,toothpaste,trace,0.2,alignment_coverage_pn2_lower,0.00010669976472854614,12,ok
partial_sequence,toothpaste,trace,0.2,alignment_coverage_pn2_upper,6.620073691010475e-05,12,ok
partial_sequence,toothpaste,trace,0.2,classical,0.0064962999895215,1,ok
partial_sequence,toothpaste,trace,0.2,dv,5.64925350015983,1,ok
partial_sequence,toothpaste,trace,0.2,executions_cache,7.0999376475811005e-06,1,ok
partial_sequence,toothpaste,trace,0.2,matchprob,3.500375896692276e-06,12,ok
partial_sequence,toothpaste,trace,0.2,mean_leaf_skipprob,2.9001384973526e-06,1,ok
partial_sequence,toothpaste,trace,0.2,salign_coverage,0.00012880004942417145,12,ok
partial_sequence,toothpaste,trace,0.2,skipprob,3.800727427005768e-06,12,ok
partial_sequence,toothpaste,trace,0.2,traces,0.0019648997113108,1,ok
partial_sequence,toothpaste,trace,0.2,voidmass_deficit_lower,7.300172001123428e-06,12,ok
partial_sequence,toothpaste,trace,0.2,voidmass_deficit_upper,4.2994506657123566e-06,12,ok
partial_sequence,toothpaste,trace,0.2,voidmass_movecount,3.6992132663726807e-06,12,ok
partial_sequence,toothpaste,trace,0.2,voidmass_movecount_bound,3.8994476199150085e-06,12,ok
partial_sequence,toothpaste,trace,0.2,voidmass_process_lower,4.399102181196213e-06,12,ok
partial_sequence,toothpaste,trace,0.2,voidmass_process_upper,4.198867827653885e-06,12,ok
partial_sequence,toothpaste,trace,0.2,voidsalign3,7.979897782206535e-05,12,ok
partial_sequence,toothpaste,trace,0.2,voidsat2,0.00020070094615221024,12,ok
partial_sequence,toothpaste,trace,0.2,weight_voidage,2.6300083845853806e-05,12,ok
partial_sequence,toothpaste,trace,0.3,aligned_duration_cache,0.0020951000042259,1,ok
partial_sequence,toothpaste,trace,0.3,alignment_coverage_pn2_lower,0.00011209957301616669,12,ok
partial_sequence,toothpaste,trace,0.3,alignment_coverage_pn2_upper,6.800005212426186e-05,12,ok
partial_sequence,toothpaste,trace,0.3,classical,0.006615599617362,1,ok
partial_sequence,toothpaste,trace,0.3,dv,5.750650099944323,1,ok
partial_sequence,toothpaste,trace,0.3,executions_cache,7.299706339836121e-06,1,ok
partial_sequence,toothpaste,trace,0.3,matchprob,3.899913281202316e-06,12,ok
partial_sequence,toothpaste,trace,0.3,mean_leaf_skipprob,2.9997900128364563e-06,1,ok
partial_sequence,toothpaste,trace,0.3,salign_coverage,0.00013219984248280525,12,ok
partial_sequence,toothpaste,trace,0.3,skipprob,3.5008415579795837e-06,12,ok
partial_sequence,toothpaste,trace,0.3,traces,0.0020793001167476,1,ok
partial_sequence,toothpaste,trace,0.3,voidmass_deficit_lower,7.699709385633469e-06,12,ok
partial_sequence,toothpaste,trace,0.3,voidmass_deficit_upper,4.600733518600464e-06,12,ok
partial_sequence,toothpaste,trace,0.3,voidmass_movecount,3.900844603776932e-06,12,ok
partial_sequence,toothpaste,trace,0.3,voidmass_movecount_bound,4.30084764957428e-06,12,ok
partial_sequence,toothpaste,trace,0.3,voidmass_process_lower,4.90015372633934e-06,12,ok
partial_sequence,toothpaste,trace,0.3,voidmass_process_upper,3.9013102650642395e-06,12,ok
partial_sequence,toothpaste,trace,0.3,voidsalign3,8.119922131299973e-05,12,ok
partial_sequence,toothpaste,trace,0.3,voidsat2,0.00020730029791593552,12,ok
partial_sequence,toothpaste,trace,0.3,weight_voidage,2.8100796043872833e-05,12,ok
partial_sequence,toothpaste,trace,0.4,aligned_duration_cache,0.0021220999769866,1,ok
partial_sequence,toothpaste,trace,0.4,alignment_coverage_pn2_lower,0.00011359993368387222,12,ok
partial_sequence,toothpaste,trace,0.4,alignment_coverage_pn2_upper,6.570015102624893e-05,12,ok
partial_sequence,toothpaste,trace,0.4,classical,0.0066990000195801,1,ok
partial_sequence,toothpaste,trace,0.4,dv,5.72246430022642,1,ok
partial_sequence,toothpaste,trace,0.4,executions_cache,7.499940693378448e-06,1,ok
partial_sequence,toothpaste,trace,0.4,matchprob,4.000496119260788e-06,12,ok
partial_sequence,toothpaste,trace,0.4,mean_leaf_skipprob,2.800021320581436e-06,1,ok
partial_sequence,toothpaste,trace,0.4,salign_coverage,0.0001349998638033867,12,ok
partial_sequence,toothpaste,trace,0.4,skipprob,3.60049307346344e-06,12,ok
partial_sequence,toothpaste,trace,0.4,traces,0.0021064998582005,1,ok
partial_sequence,toothpaste,trace,0.4,voidmass_deficit_lower,6.799586117267609e-06,12,ok
partial_sequence,toothpaste,trace,0.4,voidmass_deficit_upper,4.499219357967377e-06,12,ok
partial_sequence,toothpaste,trace,0.4,voidmass_movecount,3.598630428314209e-06,12,ok
partial_sequence,toothpaste,trace,0.4,voidmass_movecount_bound,4.200264811515808e-06,12,ok
partial_sequence,toothpaste,trace,0.4,voidmass_process_lower,4.90015372633934e-06,12,ok
partial_sequence,toothpaste,trace,0.4,voidmass_process_upper,4.300381988286972e-06,12,ok
partial_sequence,toothpaste,trace,0.4,voidsalign3,8.090073242783546e-05,12,ok
partial_sequence,toothpaste,trace,0.4,voidsat2,0.000205999705940485,12,ok
partial_sequence,toothpaste,trace,0.4,weight_voidage,2.7399510145187378e-05,12,ok
partial_sequence,toothpaste,trace,0.5,aligned_duration_cache,0.0015127002261579,1,ok
partial_sequence,toothpaste,trace,0.5,alignment_coverage_pn2_lower,5.119992420077324e-05,12,ok
partial_sequence,toothpaste,trace,0.5,alignment_coverage_pn2_upper,3.3000949770212173e-05,12,ok
partial_sequence,toothpaste,trace,0.5,classical,0.0035214000381529,1,ok
partial_sequence,toothpaste,trace,0.5,dv,5.441043499857187,1,ok
partial_sequence,toothpaste,trace,0.5,executions_cache,7.799826562404633e-06,1,ok
partial_sequence,toothpaste,trace,0.5,matchprob,3.999099135398865e-06,12,ok
partial_sequence,toothpaste,trace,0.5,mean_leaf_skipprob,2.800021320581436e-06,1,ok
partial_sequence,toothpaste,trace,0.5,salign_coverage,6.649969145655632e-05,12,ok
partial_sequence,toothpaste,trace,0.5,skipprob,3.400258719921112e-06,12,ok
partial_sequence,toothpaste,trace,0.5,traces,0.0014983997680246,1,ok
partial_sequence,toothpaste,trace,0.5,voidmass_deficit_lower,6.699468940496445e-06,12,ok
partial_sequence,toothpaste,trace,0.5,voidmass_deficit_upper,4.198867827653885e-06,12,ok
partial_sequence,toothpaste,trace,0.5,voidmass_movecount,3.7997961044311523e-06,12,ok
partial_sequence,toothpaste,trace,0.5,voidmass_movecount_bound,3.4994445741176605e-06,12,ok
partial_sequence,toothpaste,trace,0.5,voidmass_process_lower,4.90015372633934e-06,12,ok
partial_sequence,toothpaste,trace,0.5,voidmass_process_upper,4.299916326999664e-06,12,ok
partial_sequence,toothpaste,trace,0.5,voidsalign3,4.1400082409381866e-05,12,ok
partial_sequence,toothpaste,trace,0.5,voidsat2,0.00010050041601061821,12,ok
partial_sequence,toothpaste,trace,0.5,weight_voidage,2.5600194931030273e-05,12,ok
partial_sequence,toothpaste,trace,0.6,aligned_duration_cache,0.0015353998169302,1,ok
partial_sequence,toothpaste,trace,0.6,alignment_coverage_pn2_lower,6.239954382181168e-05,12,ok
partial_sequence,toothpaste,trace,0.6,alignment_coverage_pn2_upper,3.329990431666374e-05,12,ok
partial_sequence,toothpaste,trace,0.6,classical,0.0035184998996555,1,ok
partial_sequence,toothpaste,trace,0.6,dv,5.452463900204748,1,ok
partial_sequence,toothpaste,trace,0.6,executions_cache,7.700175046920776e-06,1,ok
partial_sequence,toothpaste,trace,0.6,matchprob,4.199333488941193e-06,12,ok
partial_sequence,toothpaste,trace,0.6,mean_leaf_skipprob,2.9001384973526e-06,1,ok
partial_sequence,toothpaste,trace,0.6,salign_coverage,6.979983299970627e-05,12,ok
partial_sequence,toothpaste,trace,0.6,skipprob,3.6992132663726807e-06,12,ok
partial_sequence,toothpaste,trace,0.6,traces,0.0015210998244583,1,ok
partial_sequence,toothpaste,trace,0.6,voidmass_deficit_lower,7.398892194032669e-06,12,ok
partial_sequence,toothpaste,trace,0.6,voidmass_deficit_upper,4.2994506657123566e-06,12,ok
partial_sequence,toothpaste,trace,0.6,voidmass_movecount,3.6996789276599884e-06,12,ok
partial_sequence,toothpaste,trace,0.6,voidmass_movecount_bound,4.00003045797348e-06,12,ok
partial_sequence,toothpaste,trace,0.6,voidmass_process_lower,4.999805241823196e-06,12,ok
partial_sequence,toothpaste,trace,0.6,voidmass_process_upper,4.198402166366577e-06,12,ok
partial_sequence,toothpaste,trace,0.6,voidsalign3,4.069926217198372e-05,12,ok
partial_sequence,toothpaste,trace,0.6,voidsat2,0.00010200031101703644,12,ok
partial_sequence,toothpaste,trace,0.6,weight_voidage,2.8300099074840546e-05,12,ok
partial_sequence,toothpaste,trace,0.7,aligned_duration_cache,0.0016386997886002,1,ok
partial_sequence,toothpaste,trace,0.7,alignment_coverage_pn2_lower,5.480041727423668e-05,12,ok
partial_sequence,toothpaste,trace,0.7,alignment_coverage_pn2_upper,3.3000484108924866e-05,12,ok
partial_sequence,toothpaste,trace,0.7,classical,0.0037134997546672,1,ok
partial_sequence,toothpaste,trace,0.7,dv,5.44895390002057,1,ok
partial_sequence,toothpaste,trace,0.7,executions_cache,8.400063961744308e-06,1,ok
partial_sequence,toothpaste,trace,0.7,matchprob,4.0996819734573364e-06,12,ok
partial_sequence,toothpaste,trace,0.7,mean_leaf_skipprob,2.699904143810272e-06,1,ok
partial_sequence,toothpaste,trace,0.7,salign_coverage,7.079867646098137e-05,12,ok
partial_sequence,toothpaste,trace,0.7,skipprob,3.6009587347507477e-06,12,ok
partial_sequence,toothpaste,trace,0.7,traces,0.0016236002556979,1,ok
partial_sequence,toothpaste,trace,0.7,voidmass_deficit_lower,6.899703294038773e-06,12,ok
partial_sequence,toothpaste,trace,0.7,voidmass_deficit_upper,4.299916326999664e-06,12,ok
partial_sequence,toothpaste,trace,0.7,voidmass_movecount,3.500375896692276e-06,12,ok
partial_sequence,toothpaste,trace,0.7,voidmass_movecount_bound,3.7997961044311523e-06,12,ok
partial_sequence,toothpaste,trace,0.7,voidmass_process_lower,4.599336534738541e-06,12,ok
partial_sequence,toothpaste,trace,0.7,voidmass_process_upper,4.30084764957428e-06,12,ok
partial_sequence,toothpaste,trace,0.7,voidsalign3,4.3200328946113586e-05,12,ok
partial_sequence,toothpaste,trace,0.7,voidsat2,0.0001051994040608406,12,ok
partial_sequence,toothpaste,trace,0.7,weight_voidage,2.9000453650951385e-05,12,ok
partial_sequence,toothpaste,trace,0.8,aligned_duration_cache,0.0014893999323248,1,ok
partial_sequence,toothpaste,trace,0.8,alignment_coverage_pn2_lower,5.440041422843933e-05,12,ok
partial_sequence,toothpaste,trace,0.8,alignment_coverage_pn2_upper,3.3800024539232254e-05,12,ok
partial_sequence,toothpaste,trace,0.8,classical,0.0036969999782741,1,ok
partial_sequence,toothpaste,trace,0.8,dv,5.383336799684912,1,ok
partial_sequence,toothpaste,trace,0.8,executions_cache,8.200295269489288e-06,1,ok
partial_sequence,toothpaste,trace,0.8,matchprob,3.9995647966861725e-06,12,ok
partial_sequence,toothpaste,trace,0.8,mean_leaf_skipprob,2.800021320581436e-06,1,ok
partial_sequence,toothpaste,trace,0.8,salign_coverage,6.75995834171772e-05,12,ok
partial_sequence,toothpaste,trace,0.8,skipprob,3.700144588947296e-06,12,ok
partial_sequence,toothpaste,trace,0.8,traces,0.0014760997146368,1,ok
partial_sequence,toothpaste,trace,0.8,voidmass_deficit_lower,6.099231541156769e-06,12,ok
partial_sequence,toothpaste,trace,0.8,voidmass_deficit_upper,4.000496119260788e-06,12,ok
partial_sequence,toothpaste,trace,0.8,voidmass_movecount,3.6996789276599884e-06,12,ok
partial_sequence,toothpaste,trace,0.8,voidmass_movecount_bound,3.9995647966861725e-06,12,ok
partial_sequence,toothpaste,trace,0.8,voidmass_process_lower,4.599802196025848e-06,12,ok
partial_sequence,toothpaste,trace,0.8,voidmass_process_upper,4.1997991502285e-06,12,ok
partial_sequence,toothpaste,trace,0.8,voidsalign3,4.12999652326107e-05,12,ok
partial_sequence,toothpaste,trace,0.8,voidsat2,0.0001017991453409195,12,ok
partial_sequence,toothpaste,trace,0.8,weight_voidage,2.710055559873581e-05,12,ok
partial_sequence,toothpaste,trace,0.9,aligned_duration_cache,0.0002620001323521,1,ok
partial_sequence,toothpaste,trace,0.9,alignment_coverage_pn2_lower,1.3400334864854813e-05,12,ok
partial_sequence,toothpaste,trace,0.9,alignment_coverage_pn2_upper,1.0800082236528397e-05,12,ok
partial_sequence,toothpaste,trace,0.9,classical,0.0004512998275458,1,ok
partial_sequence,toothpaste,trace,0.9,dv,0.0062705003656446,1,ok
partial_sequence,toothpaste,trace,0.9,executions_cache,7.200054824352264e-06,1,ok
partial_sequence,toothpaste,trace,0.9,matchprob,3.6009587347507477e-06,12,ok
partial_sequence,toothpaste,trace,0.9,mean_leaf_skipprob,3.200024366378784e-06,1,ok
partial_sequence,toothpaste,trace,0.9,salign_coverage,1.5101395547389984e-05,12,ok
partial_sequence,toothpaste,trace,0.9,skipprob,3.5990960896015167e-06,12,ok
partial_sequence,toothpaste,trace,0.9,traces,0.0002517998218536,1,ok
partial_sequence,toothpaste,trace,0.9,voidmass_deficit_lower,4.100147634744644e-06,12,ok
partial_sequence,toothpaste,trace,0.9,voidmass_deficit_upper,3.2992102205753326e-06,12,ok
partial_sequence,toothpaste,trace,0.9,voidmass_movecount,2.902001142501831e-06,12,ok
partial_sequence,toothpaste,trace,0.9,voidmass_movecount_bound,3.100372850894928e-06,12,ok
partial_sequence,toothpaste,trace,0.9,voidmass_process_lower,2.898275852203369e-06,12,ok
partial_sequence,toothpaste,trace,0.9,voidmass_process_upper,3.400258719921112e-06,12,ok
partial_sequence,toothpaste,trace,0.9,voidsalign3,1.670094206929207e-05,12,ok
partial_sequence,toothpaste,trace,0.9,voidsat2,1.5399418771266937e-05,12,ok
partial_sequence,toothpaste,trace,0.9,weight_voidage,2.420041710138321e-05,12,ok
partial_sequence,toothpaste,,0.0,aligned_duration_cache,0.0023972000926733,1,ok
partial_sequence,toothpaste,,0.0,alignment_coverage_pn2_lower,0.00014739949256181717,12,ok
partial_sequence,toothpaste,,0.0,alignment_coverage_pn2_upper,9.590014815330505e-05,12,ok
partial_sequence,toothpaste,,0.0,classical,0.0095478999428451,1,ok
partial_sequence,toothpaste,,0.0,dv,5.717135099694133,1,ok
partial_sequence,toothpaste,,0.0,executions_cache,6.00004568696022e-06,1,ok
partial_sequence,toothpaste,,0.0,matchprob,3.5008415579795837e-06,12,ok
partial_sequence,toothpaste,,0.0,mean_leaf_skipprob,2.699904143810272e-06,1,ok
partial_sequence,toothpaste,,0.0,salign_coverage,0.00017399992793798447,12,ok
partial_sequence,toothpaste,,0.0,skipprob,3.500375896692276e-06,12,ok
partial_sequence,toothpaste,,0.0,traces,0.0023833997547626,1,ok
partial_sequence,toothpaste,,0.0,voidmass_deficit_lower,7.199589163064957e-06,12,ok
partial_sequence,toothpaste,,0.0,voidmass_deficit_upper,3.3993273973464966e-06,12,ok
partial_sequence,toothpaste,,0.0,voidmass_movecount,3.0999071896076202e-06,12,ok
partial_sequence,toothpaste,,0.0,voidmass_movecount_bound,3.0994415283203125e-06,12,ok
partial_sequence,toothpaste,,0.0,voidmass_process_lower,3.999099135398865e-06,12,ok
partial_sequence,toothpaste,,0.0,voidmass_process_upper,3.3997930586338043e-06,12,ok
partial_sequence,toothpaste,,0.0,voidsalign3,0.00010670069605112076,12,ok
partial_sequence,toothpaste,,0.0,voidsat2,0.0002596992999315262,12,ok
partial_sequence,toothpaste,,0.0,weight_voidage,2.7500558644533157e-05,12,ok
partial_sequence,toothpaste_noise10,activity_frequency_gradual,0.1,aligned_duration_cache,0.0025292998179793,1,ok
partial_sequence,toothpaste_noise10,activity_frequency_gradual,0.1,alignment_coverage_pn2_lower,9.360117837786674e-05,12,ok
partial_sequence,toothpaste_noise10,activity_frequency_gradual,0.1,alignment_coverage_pn2_upper,0.00011010002344846725,12,ok
partial_sequence,toothpaste_noise10,activity_frequency_gradual,0.1,classical,0.0065040998160839,1,ok
partial_sequence,toothpaste_noise10,activity_frequency_gradual,0.1,dv,5.736862799618393,1,ok
partial_sequence,toothpaste_noise10,activity_frequency_gradual,0.1,executions_cache,6.299931555986404e-06,1,ok
partial_sequence,toothpaste_noise10,activity_frequency_gradual,0.1,matchprob,3.5995617508888245e-06,12,ok
partial_sequence,toothpaste_noise10,activity_frequency_gradual,0.1,mean_leaf_skipprob,2.800021320581436e-06,1,ok
partial_sequence,toothpaste_noise10,activity_frequency_gradual,0.1,salign_coverage,0.00011439947411417961,12,ok
partial_sequence,toothpaste_noise10,activity_frequency_gradual,0.1,skipprob,3.6996789276599884e-06,12,ok
partial_sequence,toothpaste_noise10,activity_frequency_gradual,0.1,traces,0.0025146999396383,1,ok
partial_sequence,toothpaste_noise10,activity_frequency_gradual,0.1,voidmass_deficit_lower,7.200520485639572e-06,12,ok
partial_sequence,toothpaste_noise10,activity_frequency_gradual,0.1,voidmass_deficit_upper,4.0996819734573364e-06,12,ok
partial_sequence,toothpaste_noise10,activity_frequency_gradual,0.1,voidmass_movecount,3.0999071896076202e-06,12,ok
partial_sequence,toothpaste_noise10,activity_frequency_gradual,0.1,voidmass_movecount_bound,3.3997930586338043e-06,12,ok
partial_sequence,toothpaste_noise10,activity_frequency_gradual,0.1,voidmass_process_lower,4.299916326999664e-06,12,ok
partial_sequence,toothpaste_noise10,activity_frequency_gradual,0.1,voidmass_process_upper,3.200024366378784e-06,12,ok
partial_sequence,toothpaste_noise10,activity_frequency_gradual,0.1,voidsalign3,7.229996845126152e-05,12,ok
partial_sequence,toothpaste_noise10,activity_frequency_gradual,0.1,voidsat2,0.00023039896041154861,12,ok
partial_sequence,toothpaste_noise10,activity_frequency_gradual,0.1,weight_voidage,2.710055559873581e-05,12,ok
partial_sequence,toothpaste_noise10,activity_frequency_gradual,0.2,aligned_duration_cache,0.0023512998595833,1,ok
partial_sequence,toothpaste_noise10,activity_frequency_gradual,0.2,alignment_coverage_pn2_lower,9.63001511991024e-05,12,ok
partial_sequence,toothpaste_noise10,activity_frequency_gradual,0.2,alignment_coverage_pn2_upper,6.110034883022308e-05,12,ok
partial_sequence,toothpaste_noise10,activity_frequency_gradual,0.2,classical,0.0064802998676896,1,ok
partial_sequence,toothpaste_noise10,activity_frequency_gradual,0.2,dv,5.936824700329453,1,ok
partial_sequence,toothpaste_noise10,activity_frequency_gradual,0.2,executions_cache,7.700175046920776e-06,1,ok
partial_sequence,toothpaste_noise10,activity_frequency_gradual,0.2,matchprob,3.999099135398865e-06,12,ok
partial_sequence,toothpaste_noise10,activity_frequency_gradual,0.2,mean_leaf_skipprob,4.91999089717865e-05,1,ok
partial_sequence,toothpaste_noise10,activity_frequency_gradual,0.2,salign_coverage,0.00011600041761994362,12,ok
partial_sequence,toothpaste_noise10,activity_frequency_gradual,0.2,skipprob,3.7993304431438446e-06,12,ok
partial_sequence,toothpaste_noise10,activity_frequency_gradual,0.2,traces,0.0023366999812424,1,ok
partial_sequence,toothpaste_noise10,activity_frequency_gradual,0.2,voidmass_deficit_lower,7.299240678548813e-06,12,ok
partial_sequence,toothpaste_noise10,activity_frequency_gradual,0.2,voidmass_deficit_upper,3.300607204437256e-06,12,ok
partial_sequence,toothpaste_noise10,activity_frequency_gradual,0.2,voidmass_movecount,3.6009587347507477e-06,12,ok
partial_sequence,toothpaste_noise10,activity_frequency_gradual,0.2,voidmass_movecount_bound,2.998858690261841e-06,12,ok
partial_sequence,toothpaste_noise10,activity_frequency_gradual,0.2,voidmass_process_lower,4.100147634744644e-06,12,ok
partial_sequence,toothpaste_noise10,activity_frequency_gradual,0.2,voidmass_process_upper,3.60049307346344e-06,12,ok
partial_sequence,toothpaste_noise10,activity_frequency_gradual,0.2,voidsalign3,7.089972496032715e-05,12,ok
partial_sequence,toothpaste_noise10,activity_frequency_gradual,0.2,voidsat2,0.00020980089902877808,12,ok
partial_sequence,toothpaste_noise10,activity_frequency_gradual,0.2,weight_voidage,2.8100796043872833e-05,12,ok
partial_sequence,toothpaste_noise10,activity_frequency_gradual,0.3,aligned_duration_cache,0.002518099732697,1,ok
partial_sequence,toothpaste_noise10,activity_frequency_gradual,0.3,alignment_coverage_pn2_lower,9.760074317455292e-05,12,ok
partial_sequence,toothpaste_noise10,activity_frequency_gradual,0.3,alignment_coverage_pn2_upper,5.5299606174230576e-05,12,ok
partial_sequence,toothpaste_noise10,activity_frequency_gradual,0.3,classical,0.0060954000800848,1,ok
partial_sequence,toothpaste_noise10,activity_frequency_gradual,0.3,dv,5.638840899802744,1,ok
partial_sequence,toothpaste_noise10,activity_frequency_gradual,0.3,executions_cache,8.00006091594696e-06,1,ok
partial_sequence,toothpaste_noise10,activity_frequency_gradual,0.3,matchprob,5.7600438594818115e-05,12,ok
partial_sequence,toothpaste_noise10,activity_frequency_gradual,0.3,mean_leaf_skipprob,2.699904143810272e-06,1,ok
partial_sequence,toothpaste_noise10,activity_frequency_gradual,0.3,salign_coverage,0.00011529959738254547,12,ok
partial_sequence,toothpaste_noise10,activity_frequency_gradual,0.3,skipprob,3.7997961044311523e-06,12,ok
partial_sequence,toothpaste_noise10,activity_frequency_gradual,0.3,traces,0.0025035999715328,1,ok
partial_sequence,toothpaste_noise10,activity_frequency_gradual,0.3,voidmass_deficit_lower,8.299481123685837e-06,12,ok
partial_sequence,toothpaste_noise10,activity_frequency_gradual,0.3,voidmass_deficit_upper,4.599802196025848e-06,12,ok
partial_sequence,toothpaste_noise10,activity_frequency_gradual,0.3,voidmass_movecount,4.200264811515808e-06,12,ok
partial_sequence,toothpaste_noise10,activity_frequency_gradual,0.3,voidmass_movecount_bound,3.6009587347507477e-06,12,ok
partial_sequence,toothpaste_noise10,activity_frequency_gradual,0.3,voidmass_process_lower,5.6996941566467285e-06,12,ok
partial_sequence,toothpaste_noise10,activity_frequency_gradual,0.3,voidmass_process_upper,4.299916326999664e-06,12,ok
partial_sequence,toothpaste_noise10,activity_frequency_gradual,0.3,voidsalign3,7.490068674087524e-05,12,ok
partial_sequence,toothpaste_noise10,activity_frequency_gradual,0.3,voidsat2,0.00019239913672208786,12,ok
partial_sequence,toothpaste_noise10,activity_frequency_gradual,0.3,weight_voidage,2.969987690448761e-05,12,ok
partial_sequence,toothpaste_noise10,activity_frequency_gradual,0.4,aligned_duration_cache,0.0027211997658014,1,ok
partial_sequence,toothpaste_noise10,activity_frequency_gradual,0.4,alignment_coverage_pn2_lower,8.750008419156075e-05,12,ok
partial_sequence,toothpaste_noise10,activity_frequency_gradual,0.4,alignment_coverage_pn2_upper,5.200039595365524e-05,12,ok
partial_sequence,toothpaste_noise10,activity_frequency_gradual,0.4,classical,0.006114300340414,1,ok
partial_sequence,toothpaste_noise10,activity_frequency_gradual,0.4,dv,5.668467199895531,1,ok
partial_sequence,toothpaste_noise10,activity_frequency_gradual,0.4,executions_cache,6.4997002482414246e-06,1,ok
partial_sequence,toothpaste_noise10,activity_frequency_gradual,0.4,matchprob,4.100613296031952e-06,12,ok
partial_sequence,toothpaste_noise10,activity_frequency_gradual,0.4,mean_leaf_skipprob,2.8996728360652924e-06,1,ok
partial_sequence,toothpaste_noise10,activity_frequency_gradual,0.4,salign_coverage,0.00011350074782967567,12,ok
partial_sequence,toothpaste_noise10,activity_frequency_gradual,0.4,skipprob,3.900844603776932e-06,12,ok
partial_sequence,toothpaste_noise10,activity_frequency_gradual,0.4,traces,0.0027036000974476,1,ok
partial_sequence,toothpaste_noise10,activity_frequency_gradual,0.4,voidmass_deficit_lower,6.4997002482414246e-06,12,ok
partial_sequence,toothpaste_noise10,activity_frequency_gradual,0.4,voidmass_deficit_upper,4.30084764957428e-06,12,ok
partial_sequence,toothpaste_noise10,activity_frequency_gradual,0.4,voidmass_movecount,3.7010759115219116e-06,12,ok
partial_sequence,toothpaste_noise10,activity_frequency_gradual,0.4,voidmass_movecount_bound,4.200730472803116e-06,12,ok
partial_sequence,toothpaste_noise10,activity_frequency_gradual,0.4,voidmass_process_lower,4.201661795377731e-06,12,ok
partial_sequence,toothpaste_noise10,activity_frequency_gradual,0.4,voidmass_process_upper,3.5013072192668915e-06,12,ok
partial_sequence,toothpaste_noise10,activity_frequency_gradual,0.4,voidsalign3,7.209973409771919e-05,12,ok
partial_sequence,toothpaste_noise10,activity_frequency_gradual,0.4,voidsat2,0.00018610013648867607,12,ok
partial_sequence,toothpaste_noise10,activity_frequency_gradual,0.4,weight_voidage,2.7498695999383926e-05,12,ok
partial_sequence,toothpaste_noise10,activity_frequency_gradual,0.5,aligned_duration_cache,0.0026139998808503,1,ok
partial_sequence,toothpaste_noise10,activity_frequency_gradual,0.5,alignment_coverage_pn2_lower,5.2500516176223755e-05,12,ok
partial_sequence,toothpaste_noise10,activity_frequency_gradual,0.5,alignment_coverage_pn2_upper,3.2300595194101334e-05,12,ok
partial_sequence,toothpaste_noise10,activity_frequency_gradual,0.5,classical,0.0039304997771978,1,ok
partial_sequence,toothpaste_noise10,activity_frequency_gradual,0.5,dv,5.609436499886215,1,ok
partial_sequence,toothpaste_noise10,activity_frequency_gradual,0.5,executions_cache,8.400063961744308e-06,1,ok
partial_sequence,toothpaste_noise10,activity_frequency_gradual,0.5,matchprob,3.400258719921112e-06,12,ok
partial_sequence,toothpaste_noise10,activity_frequency_gradual,0.5,mean_leaf_skipprob,2.699904143810272e-06,1,ok
partial_sequence,toothpaste_noise10,activity_frequency_gradual,0.5,salign_coverage,6.939982995390892e-05,12,ok
partial_sequence,toothpaste_noise10,activity_frequency_gradual,0.5,skipprob,3.600027412176132e-06,12,ok
partial_sequence,toothpaste_noise10,activity_frequency_gradual,0.5,traces,0.0025980002246797,1,ok
partial_sequence,toothpaste_noise10,activity_frequency_gradual,0.5,voidmass_deficit_lower,7.500406354665756e-06,12,ok
partial_sequence,toothpaste_noise10,activity_frequency_gradual,0.5,voidmass_deficit_upper,4.000961780548096e-06,12,ok
partial_sequence,toothpaste_noise10,activity_frequency_gradual,0.5,voidmass_movecount,3.500375896692276e-06,12,ok
partial_sequence,toothpaste_noise10,activity_frequency_gradual,0.5,voidmass_movecount_bound,3.900378942489624e-06,12,ok
partial_sequence,toothpaste_noise10,activity_frequency_gradual,0.5,voidmass_process_lower,4.299916326999664e-06,12,ok
partial_sequence,toothpaste_noise10,activity_frequency_gradual,0.5,voidmass_process_upper,3.700610250234604e-06,12,ok
partial_sequence,toothpaste_noise10,activity_frequency_gradual,0.5,voidsalign3,4.609953612089157e-05,12,ok
partial_sequence,toothpaste_noise10,activity_frequency_gradual,0.5,voidsat2,0.00018529966473579404,12,ok
partial_sequence,toothpaste_noise10,activity_frequency_gradual,0.5,weight_voidage,2.780091017484665e-05,12,ok
partial_sequence,toothpaste_noise10,activity_frequency_gradual,0.6,aligned_duration_cache,0.0023830998688936,1,ok
partial_sequence,toothpaste_noise10,activity_frequency_gradual,0.6,alignment_coverage_pn2_lower,7.910002022981644e-05,12,ok
partial_sequence,toothpaste_noise10,activity_frequency_gradual,0.6,alignment_coverage_pn2_upper,4.820013418793678e-05,12,ok
partial_sequence,toothpaste_noise10,activity_frequency_gradual,0.6,classical,0.0069981003180146,1,ok
partial_sequence,toothpaste_noise10,activity_frequency_gradual,0.6,dv,5.631560700014234,1,ok
partial_sequence,toothpaste_noise10,activity_frequency_gradual,0.6,executions_cache,7.699709385633469e-06,1,ok
partial_sequence,toothpaste_noise10,activity_frequency_gradual,0.6,matchprob,3.6009587347507477e-06,12,ok
partial_sequence,toothpaste_noise10,activity_frequency_gradual,0.6,mean_leaf_skipprob,2.600252628326416e-06,1,ok
partial_sequence,toothpaste_noise10,activity_frequency_gradual,0.6,salign_coverage,9.66005027294159e-05,12,ok
partial_sequence,toothpaste_noise10,activity_frequency_gradual,0.6,skipprob,3.598630428314209e-06,12,ok
partial_sequence,toothpaste_noise10,activity_frequency_gradual,0.6,traces,0.002369999885559,1,ok
partial_sequence,toothpaste_noise10,activity_frequency_gradual,0.6,voidmass_deficit_lower,6.200745701789856e-06,12,ok
partial_sequence,toothpaste_noise10,activity_frequency_gradual,0.6,voidmass_deficit_upper,4.200264811515808e-06,12,ok
partial_sequence,toothpaste_noise10,activity_frequency_gradual,0.6,voidmass_movecount,3.500375896692276e-06,12,ok
partial_sequence,toothpaste_noise10,activity_frequency_gradual,0.6,voidmass_movecount_bound,3.60049307346344e-06,12,ok
partial_sequence,toothpaste_noise10,activity_frequency_gradual,0.6,voidmass_process_lower,5.100388079881668e-06,12,ok
partial_sequence,toothpaste_noise10,activity_frequency_gradual,0.6,voidmass_process_upper,3.200490027666092e-06,12,ok
partial_sequence,toothpaste_noise10,activity_frequency_gradual,0.6,voidsalign3,5.8999285101890564e-05,12,ok
partial_sequence,toothpaste_noise10,activity_frequency_gradual,0.6,voidsat2,0.00014719972386956215,12,ok
partial_sequence,toothpaste_noise10,activity_frequency_gradual,0.6,weight_voidage,2.5999732315540314e-05,12,ok
partial_sequence,toothpaste_noise10,activity_frequency_gradual,0.7,aligned_duration_cache,0.0023280000314116,1,ok
partial_sequence,toothpaste_noise10,activity_frequency_gradual,0.7,alignment_coverage_pn2_lower,7.50003382563591e-05,12,ok
partial_sequence,toothpaste_noise10,activity_frequency_gradual,0.7,alignment_coverage_pn2_upper,4.5800115913152695e-05,12,ok
partial_sequence,toothpaste_noise10,activity_frequency_gradual,0.7,classical,0.0057868999429047,1,ok
partial_sequence,toothpaste_noise10,activity_frequency_gradual,0.7,dv,5.554644600022584,1,ok
partial_sequence,toothpaste_noise10,activity_frequency_gradual,0.7,executions_cache,6.699934601783752e-06,1,ok
partial_sequence,toothpaste_noise10,activity_frequency_gradual,0.7,matchprob,4.100147634744644e-06,12,ok
partial_sequence,toothpaste_noise10,activity_frequency_gradual,0.7,mean_leaf_skipprob,2.800021320581436e-06,1,ok
partial_sequence,toothpaste_noise10,activity_frequency_gradual,0.7,salign_coverage,9.800121188163757e-05,12,ok
partial_sequence,toothpaste_noise10,activity_frequency_gradual,0.7,skipprob,3.798864781856537e-06,12,ok
partial_sequence,toothpaste_noise10,activity_frequency_gradual,0.7,traces,0.0023137000389397,1,ok
partial_sequence,toothpaste_noise10,activity_frequency_gradual,0.7,voidmass_deficit_lower,7.100403308868408e-06,12,ok
partial_sequence,toothpaste_noise10,activity_frequency_gradual,0.7,voidmass_deficit_upper,4.200730472803116e-06,12,ok
partial_sequence,toothpaste_noise10,activity_frequency_gradual,0.7,voidmass_movecount,3.800727427005768e-06,12,ok
partial_sequence,toothpaste_noise10,activity_frequency_gradual,0.7,voidmass_movecount_bound,3.700144588947296e-06,12,ok
partial_sequence,toothpaste_noise10,activity_frequency_gradual,0.7,voidmass_process_lower,4.799105226993561e-06,12,ok
partial_sequence,toothpaste_noise10,activity_frequency_gradual,0.7,voidmass_process_upper,3.000255674123764e-06,12,ok
partial_sequence,toothpaste_noise10,activity_frequency_gradual,0.7,voidsalign3,5.919951945543289e-05,12,ok
partial_sequence,toothpaste_noise10,activity_frequency_gradual,0.7,voidsat2,0.00013299984857439995,12,ok
partial_sequence,toothpaste_noise10,activity_frequency_gradual,0.7,weight_voidage,2.7099158614873886e-05,12,ok
partial_sequence,toothpaste_noise10,activity_frequency_gradual,0.8,aligned_duration_cache,0.0019642999395728,1,ok
partial_sequence,toothpaste_noise10,activity_frequency_gradual,0.8,alignment_coverage_pn2_lower,4.530046135187149e-05,12,ok
partial_sequence,toothpaste_noise10,activity_frequency_gradual,0.8,alignment_coverage_pn2_upper,2.619996666908264e-05,12,ok
partial_sequence,toothpaste_noise10,activity_frequency_gradual,0.8,classical,0.0033113001845777,1,ok
partial_sequence,toothpaste_noise10,activity_frequency_gradual,0.8,dv,5.470604400150478,1,ok
partial_sequence,toothpaste_noise10,activity_frequency_gradual,0.8,executions_cache,7.399823516607283e-06,1,ok
partial_sequence,toothpaste_noise10,activity_frequency_gradual,0.8,matchprob,3.6992132663726807e-06,12,ok
partial_sequence,toothpaste_noise10,activity_frequency_gradual,0.8,mean_leaf_skipprob,2.800021320581436e-06,1,ok
partial_sequence,toothpaste_noise10,activity_frequency_gradual,0.8,salign_coverage,6.359908729791641e-05,12,ok
partial_sequence,toothpaste_noise10,activity_frequency_gradual,0.8,skipprob,3.4994445741176605e-06,12,ok
partial_sequence,toothpaste_noise10,activity_frequency_gradual,0.8,traces,0.0019501000642776,1,ok
partial_sequence,toothpaste_noise10,activity_frequency_gradual,0.8,voidmass_deficit_lower,6.601214408874512e-06,12,ok
partial_sequence,toothpaste_noise10,activity_frequency_gradual,0.8,voidmass_deficit_upper,4.400499165058136e-06,12,ok
partial_sequence,toothpaste_noise10,activity_frequency_gradual,0.8,voidmass_movecount,3.5990960896015167e-06,12,ok
partial_sequence,toothpaste_noise10,activity_frequency_gradual,0.8,voidmass_movecount_bound,3.600027412176132e-06,12,ok
partial_sequence,toothpaste_noise10,activity_frequency_gradual,0.8,voidmass_process_lower,4.200264811515808e-06,12,ok
partial_sequence,toothpaste_noise10,activity_frequency_gradual,0.8,voidmass_process_upper,3.1981617212295532e-06,12,ok
partial_sequence,toothpaste_noise10,activity_frequency_gradual,0.8,voidsalign3,3.989832475781441e-05,12,ok
partial_sequence,toothpaste_noise10,activity_frequency_gradual,0.8,voidsat2,6.879959255456924e-05,12,ok
partial_sequence,toothpaste_noise10,activity_frequency_gradual,0.8,weight_voidage,2.7202069759368896e-05,12,ok
partial_sequence,toothpaste_noise10,activity_frequency_gradual,0.9,aligned_duration_cache,0.0015765000134706,1,ok
partial_sequence,toothpaste_noise10,activity_frequency_gradual,0.9,alignment_coverage_pn2_lower,4.509929567575455e-05,12,ok
partial_sequence,toothpaste_noise10,activity_frequency_gradual,0.9,alignment_coverage_pn2_upper,2.6399269700050354e-05,12,ok
partial_sequence,toothpaste_noise10,activity_frequency_gradual,0.9,classical,0.0032128002494573,1,ok
partial_sequence,toothpaste_noise10,activity_frequency_gradual,0.9,dv,5.496009000111371,1,ok
partial_sequence,toothpaste_noise10,activity_frequency_gradual,0.9,executions_cache,7.6000578701496124e-06,1,ok
partial_sequence,toothpaste_noise10,activity_frequency_gradual,0.9,matchprob,3.6996789276599884e-06,12,ok
partial_sequence,toothpaste_noise10,activity_frequency_gradual,0.9,mean_leaf_skipprob,2.8996728360652924e-06,1,ok
partial_sequence,toothpaste_noise10,activity_frequency_gradual,0.9,salign_coverage,6.41997903585434e-05,12,ok
partial_sequence,toothpaste_noise10,activity_frequency_gradual,0.9,skipprob,3.4994445741176605e-06,12,ok
partial_sequence,toothpaste_noise10,activity_frequency_gradual,0.9,traces,0.0015620002523064,1,ok
partial_sequence,toothpaste_noise10,activity_frequency_gradual,0.9,voidmass_deficit_lower,6.400514394044876e-06,12,ok
partial_sequence,toothpaste_noise10,activity_frequency_gradual,0.9,voidmass_deficit_upper,4.601199179887772e-06,12,ok
partial_sequence,toothpaste_noise10,activity_frequency_gradual,0.9,voidmass_movecount,3.40072438120842e-06,12,ok
partial_sequence,toothpaste_noise10,activity_frequency_gradual,0.9,voidmass_movecount_bound,3.2014213502407074e-06,12,ok
partial_sequence,toothpaste_noise10,activity_frequency_gradual,0.9,voidmass_process_lower,4.000496119260788e-06,12,ok
partial_sequence,toothpaste_noise10,activity_frequency_gradual,0.9,voidmass_process_upper,4.00003045797348e-06,12,ok
partial_sequence,toothpaste_noise10,activity_frequency_gradual,0.9,voidsalign3,3.869924694299698e-05,12,ok
partial_sequence,toothpaste_noise10,activity_frequency_gradual,0.9,voidsat2,5.0900038331747055e-05,12,ok
partial_sequence,toothpaste_noise10,activity_frequency_gradual,0.9,weight_voidage,2.6600435376167297e-05,12,ok
partial_sequence,toothpaste_noise10,activity_gradual,0.1,aligned_duration_cache,0.0028975000604987,1,ok
partial_sequence,toothpaste_noise10,activity_gradual,0.1,alignment_coverage_pn2_lower,0.0001554996706545353,12,ok
partial_sequence,toothpaste_noise10,activity_gradual,0.1,alignment_coverage_pn2_upper,9.169988334178925e-05,12,ok
partial_sequence,toothpaste_noise10,activity_gradual,0.1,classical,0.0094487001188099,1,ok
partial_sequence,toothpaste_noise10,activity_gradual,0.1,dv,5.949977000243962,1,ok
partial_sequence,toothpaste_noise10,activity_gradual,0.1,executions_cache,6.500165909528732e-06,1,ok
partial_sequence,toothpaste_noise10,activity_gradual,0.1,matchprob,3.700144588947296e-06,12,ok
partial_sequence,toothpaste_noise10,activity_gradual,0.1,mean_leaf_skipprob,2.800021320581436e-06,1,ok
partial_sequence,toothpaste_noise10,activity_gradual,0.1,salign_coverage,0.0001758006401360035,12,ok
partial_sequence,toothpaste_noise10,activity_gradual,0.1,skipprob,3.999099135398865e-06,12,ok
partial_sequence,toothpaste_noise10,activity_gradual,0.1,traces,0.0028749001212418,1,ok
partial_sequence,toothpaste_noise10,activity_gradual,0.1,voidmass_deficit_lower,6.600283086299896e-06,12,ok
partial_sequence,toothpaste_noise10,activity_gradual,0.1,voidmass_deficit_upper,4.4996850192546844e-06,12,ok
partial_sequence,toothpaste_noise10,activity_gradual,0.1,voidmass_movecount,3.2996758818626404e-06,12,ok
partial_sequence,toothpaste_noise10,activity_gradual,0.1,voidmass_movecount_bound,4.699919372797012e-06,12,ok
partial_sequence,toothpaste_noise10,activity_gradual,0.1,voidmass_process_lower,4.999805241823196e-06,12,ok
partial_sequence,toothpaste_noise10,activity_gradual,0.1,voidmass_process_upper,3.9995647966861725e-06,12,ok
partial_sequence,toothpaste_noise10,activity_gradual,0.1,voidsalign3,0.0001087007112801075,12,ok
partial_sequence,toothpaste_noise10,activity_gradual,0.1,voidsat2,0.00025609927251935005,12,ok
partial_sequence,toothpaste_noise10,activity_gradual,0.1,weight_voidage,3.110012039542198e-05,12,ok
partial_sequence,toothpaste_noise10,activity_gradual,0.2,aligned_duration_cache,0.0024168998934328,1,ok
partial_sequence,toothpaste_noise10,activity_gradual,0.2,alignment_coverage_pn2_lower,0.000104500912129879,12,ok
partial_sequence,toothpaste_noise10,activity_gradual,0.2,alignment_coverage_pn2_upper,6.509991362690926e-05,12,ok
partial_sequence,toothpaste_noise10,activity_gradual,0.2,classical,0.0068820999003946,1,ok
partial_sequence,toothpaste_noise10,activity_gradual,0.2,dv,5.845110900234431,1,ok
partial_sequence,toothpaste_noise10,activity_gradual,0.2,executions_cache,9.899958968162537e-06,1,ok
partial_sequence,toothpaste_noise10,activity_gradual,0.2,matchprob,3.600027412176132e-06,12,ok
partial_sequence,toothpaste_noise10,activity_gradual,0.2,mean_leaf_skipprob,3.09990718960762e-06,1,ok
partial_sequence,toothpaste_noise10,activity_gradual,0.2,salign_coverage,0.00012999866157770157,12,ok
partial_sequence,toothpaste_noise10,activity_gradual,0.2,skipprob,4.400499165058136e-06,12,ok
partial_sequence,toothpaste_noise10,activity_gradual,0.2,traces,0.0024028997868299,1,ok
partial_sequence,toothpaste_noise10,activity_gradual,0.2,voidmass_deficit_lower,7.4999406933784485e-06,12,ok
partial_sequence,toothpaste_noise10,activity_gradual,0.2,voidmass_deficit_upper,3.899913281202316e-06,12,ok
partial_sequence,toothpaste_noise10,activity_gradual,0.2,voidmass_movecount,3.80026176571846e-06,12,ok
partial_sequence,toothpaste_noise10,activity_gradual,0.2,voidmass_movecount_bound,3.998633474111557e-06,12,ok
partial_sequence,toothpaste_noise10,activity_gradual,0.2,voidmass_process_lower,4.7995708882808685e-06,12,ok
partial_sequence,toothpaste_noise10,activity_gradual,0.2,voidmass_process_upper,4.199333488941193e-06,12,ok
partial_sequence,toothpaste_noise10,activity_gradual,0.2,voidsalign3,7.990188896656036e-05,12,ok
partial_sequence,toothpaste_noise10,activity_gradual,0.2,voidsat2,0.00025419890880584717,12,ok
partial_sequence,toothpaste_noise10,activity_gradual,0.2,weight_voidage,2.890080213546753e-05,12,ok
partial_sequence,toothpaste_noise10,activity_gradual,0.3,aligned_duration_cache,0.0023754001595079,1,ok
partial_sequence,toothpaste_noise10,activity_gradual,0.3,alignment_coverage_pn2_lower,0.00014689890667796135,12,ok
partial_sequence,toothpaste_noise10,activity_gradual,0.3,alignment_coverage_pn2_upper,6.170058622956276e-05,12,ok
partial_sequence,toothpaste_noise10,activity_gradual,0.3,classical,0.0062461998313665,1,ok
partial_sequence,toothpaste_noise10,activity_gradual,0.3,dv,5.80506409984082,1,ok
partial_sequence,toothpaste_noise10,activity_gradual,0.3,executions_cache,6.90016895532608e-06,1,ok
partial_sequence,toothpaste_noise10,activity_gradual,0.3,matchprob,3.700610250234604e-06,12,ok
partial_sequence,toothpaste_noise10,activity_gradual,0.3,mean_leaf_skipprob,2.800021320581436e-06,1,ok
partial_sequence,toothpaste_noise10,activity_gradual,0.3,salign_coverage,0.00011190073564648628,12,ok
partial_sequence,toothpaste_noise10,activity_gradual,0.3,skipprob,3.8994476199150085e-06,12,ok
partial_sequence,toothpaste_noise10,activity_gradual,0.3,traces,0.0023616999387741,1,ok
partial_sequence,toothpaste_noise10,activity_gradual,0.3,voidmass_deficit_lower,7.799826562404633e-06,12,ok
partial_sequence,toothpaste_noise10,activity_gradual,0.3,voidmass_deficit_upper,3.700144588947296e-06,12,ok
partial_sequence,toothpaste_noise10,activity_gradual,0.3,voidmass_movecount,3.54996882379055e-05,12,ok
partial_sequence,toothpaste_noise10,activity_gradual,0.3,voidmass_movecount_bound,3.3015385270118713e-06,12,ok
partial_sequence,toothpaste_noise10,activity_gradual,0.3,voidmass_process_lower,4.4014304876327515e-06,12,ok
partial_sequence,toothpaste_noise10,activity_gradual,0.3,voidmass_process_upper,3.9995647966861725e-06,12,ok
partial_sequence,toothpaste_noise10,activity_gradual,0.3,voidsalign3,7.359962910413742e-05,12,ok
partial_sequence,toothpaste_noise10,activity_gradual,0.3,voidsat2,0.00020190002396702766,12,ok
partial_sequence,toothpaste_noise10,activity_gradual,0.3,weight_voidage,2.5999732315540314e-05,12,ok
partial_sequence,toothpaste_noise10,activity_gradual,0.4,aligned_duration_cache,0.0022724997252225,1,ok
partial_sequence,toothpaste_noise10,activity_gradual,0.4,alignment_coverage_pn2_lower,8.499948307871819e-05,12,ok
partial_sequence,toothpaste_noise10,activity_gradual,0.4,alignment_coverage_pn2_upper,5.399901419878006e-05,12,ok
partial_sequence,toothpaste_noise10,activity_gradual,0.4,classical,0.0062609002925455,1,ok
partial_sequence,toothpaste_noise10,activity_gradual,0.4,dv,5.734235699754208,1,ok
partial_sequence,toothpaste_noise10,activity_gradual,0.4,executions_cache,6.800051778554916e-06,1,ok
partial_sequence,toothpaste_noise10,activity_gradual,0.4,matchprob,3.498513251543045e-06,12,ok
partial_sequence,toothpaste_noise10,activity_gradual,0.4,mean_leaf_skipprob,2.600252628326416e-06,1,ok
partial_sequence,toothpaste_noise10,activity_gradual,0.4,salign_coverage,0.00010799942538142204,12,ok
partial_sequence,toothpaste_noise10,activity_gradual,0.4,skipprob,3.698747605085373e-06,12,ok
partial_sequence,toothpaste_noise10,activity_gradual,0.4,traces,0.0022602998651564,1,ok
partial_sequence,toothpaste_noise10,activity_gradual,0.4,voidmass_deficit_lower,6.800983101129532e-06,12,ok
partial_sequence,toothpaste_noise10,activity_gradual,0.4,voidmass_deficit_upper,4.500150680541992e-06,12,ok
partial_sequence,toothpaste_noise10,activity_gradual,0.4,voidmass_movecount,3.500375896692276e-06,12,ok
partial_sequence,toothpaste_noise10,activity_gradual,0.4,voidmass_movecount_bound,3.9995647966861725e-06,12,ok
partial_sequence,toothpaste_noise10,activity_gradual,0.4,voidmass_process_lower,4.599802196025848e-06,12,ok
partial_sequence,toothpaste_noise10,activity_gradual,0.4,voidmass_process_upper,4.2994506657123566e-06,12,ok
partial_sequence,toothpaste_noise10,activity_gradual,0.4,voidsalign3,7.589953020215034e-05,12,ok
partial_sequence,toothpaste_noise10,activity_gradual,0.4,voidsat2,0.00018860027194023132,12,ok
partial_sequence,toothpaste_noise10,activity_gradual,0.4,weight_voidage,2.5599729269742966e-05,12,ok
partial_sequence,toothpaste_noise10,activity_gradual,0.5,aligned_duration_cache,0.0024580000899732,1,ok
partial_sequence,toothpaste_noise10,activity_gradual,0.5,alignment_coverage_pn2_lower,0.0001271003857254982,12,ok
partial_sequence,toothpaste_noise10,activity_gradual,0.5,alignment_coverage_pn2_upper,7.690023630857468e-05,12,ok
partial_sequence,toothpaste_noise10,activity_gradual,0.5,classical,0.0082009998150169,1,ok
partial_sequence,toothpaste_noise10,activity_gradual,0.5,dv,5.930352100171149,1,ok
partial_sequence,toothpaste_noise10,activity_gradual,0.5,executions_cache,6.299931555986404e-06,1,ok
partial_sequence,toothpaste_noise10,activity_gradual,0.5,matchprob,4.000961780548096e-06,12,ok
partial_sequence,toothpaste_noise10,activity_gradual,0.5,mean_leaf_skipprob,2.500135451555252e-06,1,ok
partial_sequence,toothpaste_noise10,activity_gradual,0.5,salign_coverage,0.00015860004350543022,12,ok
partial_sequence,toothpaste_noise10,activity_gradual,0.5,skipprob,3.700610250234604e-06,12,ok
partial_sequence,toothpaste_noise10,activity_gradual,0.5,traces,0.0024425997398793,1,ok
partial_sequence,toothpaste_noise10,activity_gradual,0.5,voidmass_deficit_lower,6.9998204708099365e-06,12,ok
partial_sequence,toothpaste_noise10,activity_gradual,0.5,voidmass_deficit_upper,3.9995647966861725e-06,12,ok
partial_sequence,toothpaste_noise10,activity_gradual,0.5,voidmass_movecount,3.3993273973464966e-06,12,ok
partial_sequence,toothpaste_noise10,activity_gradual,0.5,voidmass_movecount_bound,3.60049307346344e-06,12,ok
partial_sequence,toothpaste_noise10,activity_gradual,0.5,voidmass_process_lower,4.600267857313156e-06,12,ok
partial_sequence,toothpaste_noise10,activity_gradual,0.5,voidmass_process_upper,3.5008415579795837e-06,12,ok
partial_sequence,toothpaste_noise10,activity_gradual,0.5,voidsalign3,9.479979053139687e-05,12,ok
partial_sequence,toothpaste_noise10,activity_gradual,0.5,voidsat2,0.0001955004408955574,12,ok
partial_sequence,toothpaste_noise10,activity_gradual,0.5,weight_voidage,3.8899946957826614e-05,12,ok
partial_sequence,toothpaste_noise10,activity_gradual,0.6,aligned_duration_cache,0.0024212002754211,1,ok
partial_sequence,toothpaste_noise10,activity_gradual,0.6,alignment_coverage_pn2_lower,8.560018613934517e-05,12,ok
partial_sequence,toothpaste_noise10,activity_gradual,0.6,alignment_coverage_pn2_upper,5.1301438361406326e-05,12,ok
partial_sequence,toothpaste_noise10,activity_gradual,0.6,classical,0.0062501998618245,1,ok
partial_sequence,toothpaste_noise10,activity_gradual,0.6,dv,6.094150800257921,1,ok
partial_sequence,toothpaste_noise10,activity_gradual,0.6,executions_cache,7.799826562404633e-06,1,ok
partial_sequence,toothpaste_noise10,activity_gradual,0.6,matchprob,3.7010759115219116e-06,12,ok
partial_sequence,toothpaste_noise10,activity_gradual,0.6,mean_leaf_skipprob,2.8996728360652924e-06,1,ok
partial_sequence,toothpaste_noise10,activity_gradual,0.6,salign_coverage,0.00011039944365620613,12,ok
partial_sequence,toothpaste_noise10,activity_gradual,0.6,skipprob,3.4989789128303528e-06,12,ok
partial_sequence,toothpaste_noise10,activity_gradual,0.6,traces,0.002405900042504,1,ok
partial_sequence,toothpaste_noise10,activity_gradual,0.6,voidmass_deficit_lower,6.899237632751465e-06,12,ok
partial_sequence,toothpaste_noise10,activity_gradual,0.6,voidmass_deficit_upper,3.7997961044311523e-06,12,ok
partial_sequence,toothpaste_noise10,activity_gradual,0.6,voidmass_movecount,3.899913281202316e-06,12,ok
partial_sequence,toothpaste_noise10,activity_gradual,0.6,voidmass_movecount_bound,3.6996789276599884e-06,12,ok
partial_sequence,toothpaste_noise10,activity_gradual,0.6,voidmass_process_lower,4.00003045797348e-06,12,ok
partial_sequence,toothpaste_noise10,activity_gradual,0.6,voidmass_process_upper,3.400258719921112e-06,12,ok
partial_sequence,toothpaste_noise10,activity_gradual,0.6,voidsalign3,6.829947233200073e-05,12,ok
partial_sequence,toothpaste_noise10,activity_gradual,0.6,voidsat2,0.0001735994592308998,12,ok
partial_sequence,toothpaste_noise10,activity_gradual,0.6,weight_voidage,2.7400441467761993e-05,12,ok
partial_sequence,toothpaste_noise10,activity_gradual,0.7,aligned_duration_cache,0.002301899716258,1,ok
partial_sequence,toothpaste_noise10,activity_gradual,0.7,alignment_coverage_pn2_lower,0.00010180007666349411,12,ok
partial_sequence,toothpaste_noise10,activity_gradual,0.7,alignment_coverage_pn2_upper,5.2700284868478775e-05,12,ok
partial_sequence,toothpaste_noise10,activity_gradual,0.7,classical,0.0060200002044439,1,ok
partial_sequence,toothpaste_noise10,activity_gradual,0.7,dv,5.700264799874276,1,ok
partial_sequence,toothpaste_noise10,activity_gradual,0.7,executions_cache,7.200054824352264e-06,1,ok
partial_sequence,toothpaste_noise10,activity_gradual,0.7,matchprob,3.6992132663726807e-06,12,ok
partial_sequence,toothpaste_noise10,activity_gradual,0.7,mean_leaf_skipprob,2.500135451555252e-06,1,ok
partial_sequence,toothpaste_noise10,activity_gradual,0.7,salign_coverage,0.00011159898713231087,12,ok
partial_sequence,toothpaste_noise10,activity_gradual,0.7,skipprob,3.700610250234604e-06,12,ok
partial_sequence,toothpaste_noise10,activity_gradual,0.7,traces,0.0022881999611854,1,ok
partial_sequence,toothpaste_noise10,activity_gradual,0.7,voidmass_deficit_lower,7.000286132097244e-06,12,ok
partial_sequence,toothpaste_noise10,activity_gradual,0.7,voidmass_deficit_upper,3.9995647966861725e-06,12,ok
partial_sequence,toothpaste_noise10,activity_gradual,0.7,voidmass_movecount,4.199333488941193e-06,12,ok
partial_sequence,toothpaste_noise10,activity_gradual,0.7,voidmass_movecount_bound,4.00003045797348e-06,12,ok
partial_sequence,toothpaste_noise10,activity_gradual,0.7,voidmass_process_lower,4.100613296031952e-06,12,ok
partial_sequence,toothpaste_noise10,activity_gradual,0.7,voidmass_process_upper,3.40072438120842e-06,12,ok
partial_sequence,toothpaste_noise10,activity_gradual,0.7,voidsalign3,6.869994103908539e-05,12,ok
partial_sequence,toothpaste_noise10,activity_gradual,0.7,voidsat2,0.0001534000039100647,12,ok
partial_sequence,toothpaste_noise10,activity_gradual,0.7,weight_voidage,2.6800204068422318e-05,12,ok
partial_sequence,toothpaste_noise10,activity_gradual,0.8,aligned_duration_cache,0.0023476001806557,1,ok
partial_sequence,toothpaste_noise10,activity_gradual,0.8,alignment_coverage_pn2_lower,4.440080374479294e-05,12,ok
partial_sequence,toothpaste_noise10,activity_gradual,0.8,alignment_coverage_pn2_upper,2.5799497961997986e-05,12,ok
partial_sequence,toothpaste_noise10,activity_gradual,0.8,classical,0.0034054000861942,1,ok
partial_sequence,toothpaste_noise10,activity_gradual,0.8,dv,5.487958899699152,1,ok
partial_sequence,toothpaste_noise10,activity_gradual,0.8,executions_cache,6.800051778554916e-06,1,ok
partial_sequence,toothpaste_noise10,activity_gradual,0.8,matchprob,3.900378942489624e-06,12,ok
partial_sequence,toothpaste_noise10,activity_gradual,0.8,mean_leaf_skipprob,2.800021320581436e-06,1,ok
partial_sequence,toothpaste_noise10,activity_gradual,0.8,salign_coverage,9.379908442497253e-05,12,ok
partial_sequence,toothpaste_noise10,activity_gradual,0.8,skipprob,3.899913281202316e-06,12,ok
partial_sequence,toothpaste_noise10,activity_gradual,0.8,traces,0.0023345998488366,1,ok
partial_sequence,toothpaste_noise10,activity_gradual,0.8,voidmass_deficit_lower,7.700175046920776e-06,12,ok
partial_sequence,toothpaste_noise10,activity_gradual,0.8,voidmass_deficit_upper,4.299916326999664e-06,12,ok
partial_sequence,toothpaste_noise10,activity_gradual,0.8,voidmass_movecount,3.6009587347507477e-06,12,ok
partial_sequence,toothpaste_noise10,activity_gradual,0.8,voidmass_movecount_bound,3.899913281202316e-06,12,ok
partial_sequence,toothpaste_noise10,activity_gradual,0.8,voidmass_process_lower,4.298519343137741e-06,12,ok
partial_sequence,toothpaste_noise10,activity_gradual,0.8,voidmass_process_upper,3.7993304431438446e-06,12,ok
partial_sequence,toothpaste_noise10,activity_gradual,0.8,voidsalign3,3.8298312574625015e-05,12,ok
partial_sequence,toothpaste_noise10,activity_gradual,0.8,voidsat2,8.169934153556824e-05,12,ok
partial_sequence,toothpaste_noise10,activity_gradual,0.8,weight_voidage,2.5600194931030273e-05,12,ok
partial_sequence,toothpaste_noise10,activity_gradual,0.9,aligned_duration_cache,0.0014499998651444,1,ok
partial_sequence,toothpaste_noise10,activity_gradual,0.9,alignment_coverage_pn2_lower,4.439987242221832e-05,12,ok
partial_sequence,toothpaste_noise10,activity_gradual,0.9,alignment_coverage_pn2_upper,2.5900546461343765e-05,12,ok
partial_sequence,toothpaste_noise10,activity_gradual,0.9,classical,0.0030947998166084,1,ok
partial_sequence,toothpaste_noise10,activity_gradual,0.9,dv,5.376677299849689,1,ok
partial_sequence,toothpaste_noise10,activity_gradual,0.9,executions_cache,6.0996972024440765e-06,1,ok
partial_sequence,toothpaste_noise10,activity_gradual,0.9,matchprob,3.4999102354049683e-06,12,ok
partial_sequence,toothpaste_noise10,activity_gradual,0.9,mean_leaf_skipprob,2.800021320581436e-06,1,ok
partial_sequence,toothpaste_noise10,activity_gradual,0.9,salign_coverage,5.999952554702759e-05,12,ok
partial_sequence,toothpaste_noise10,activity_gradual,0.9,skipprob,3.5008415579795837e-06,12,ok
partial_sequence,toothpaste_noise10,activity_gradual,0.9,traces,0.0014378000050783,1,ok
partial_sequence,toothpaste_noise10,activity_gradual,0.9,voidmass_deficit_lower,6.901100277900696e-06,12,ok
partial_sequence,toothpaste_noise10,activity_gradual,0.9,voidmass_deficit_upper,3.901775926351547e-06,12,ok
partial_sequence,toothpaste_noise10,activity_gradual,0.9,voidmass_movecount,3.40072438120842e-06,12,ok
partial_sequence,toothpaste_noise10,activity_gradual,0.9,voidmass_movecount_bound,3.1013041734695435e-06,12,ok
partial_sequence,toothpaste_noise10,activity_gradual,0.9,voidmass_process_lower,4.3995678424835205e-06,12,ok
partial_sequence,toothpaste_noise10,activity_gradual,0.9,voidmass_process_upper,4.200264811515808e-06,12,ok
partial_sequence,toothpaste_noise10,activity_gradual,0.9,voidsalign3,3.700004890561104e-05,12,ok
partial_sequence,toothpaste_noise10,activity_gradual,0.9,voidsat2,5.040038377046585e-05,12,ok
partial_sequence,toothpaste_noise10,activity_gradual,0.9,weight_voidage,2.5099609047174454e-05,12,ok
partial_sequence,toothpaste_noise10,trace,0.1,aligned_duration_cache,0.0024246997199952,1,ok
partial_sequence,toothpaste_noise10,trace,0.1,alignment_coverage_pn2_lower,0.0001637008972465992,12,ok
partial_sequence,toothpaste_noise10,trace,0.1,alignment_coverage_pn2_upper,9.309966117143631e-05,12,ok
partial_sequence,toothpaste_noise10,trace,0.1,classical,0.0095397001132369,1,ok
partial_sequence,toothpaste_noise10,trace,0.1,dv,5.97912220004946,1,ok
partial_sequence,toothpaste_noise10,trace,0.1,executions_cache,6.500165909528732e-06,1,ok
partial_sequence,toothpaste_noise10,trace,0.1,matchprob,3.7015415728092194e-06,12,ok
partial_sequence,toothpaste_noise10,trace,0.1,mean_leaf_skipprob,2.800021320581436e-06,1,ok
partial_sequence,toothpaste_noise10,trace,0.1,salign_coverage,0.00016569998115301132,12,ok
partial_sequence,toothpaste_noise10,trace,0.1,skipprob,3.5995617508888245e-06,12,ok
partial_sequence,toothpaste_noise10,trace,0.1,traces,0.0024089999496936,1,ok
partial_sequence,toothpaste_noise10,trace,0.1,voidmass_deficit_lower,7.000751793384552e-06,12,ok
partial_sequence,toothpaste_noise10,trace,0.1,voidmass_deficit_upper,4.398636519908905e-06,12,ok
partial_sequence,toothpaste_noise10,trace,0.1,voidmass_movecount,3.7997961044311523e-06,12,ok
partial_sequence,toothpaste_noise10,trace,0.1,voidmass_movecount_bound,3.999099135398865e-06,12,ok
partial_sequence,toothpaste_noise10,trace,0.1,voidmass_process_lower,4.399102181196213e-06,12,ok
partial_sequence,toothpaste_noise10,trace,0.1,voidmass_process_upper,3.900844603776932e-06,12,ok
partial_sequence,toothpaste_noise10,trace,0.1,voidsalign3,0.00011370005086064339,12,ok
partial_sequence,toothpaste_noise10,trace,0.1,voidsat2,0.00026270048692822456,12,ok
partial_sequence,toothpaste_noise10,trace,0.1,weight_voidage,2.71000899374485e-05,12,ok
partial_sequence,toothpaste_noise10,trace,0.2,aligned_duration_cache,0.0021438999101519,1,ok
partial_sequence,toothpaste_noise10,trace,0.2,alignment_coverage_pn2_lower,0.00011319993063807487,12,ok
partial_sequence,toothpaste_noise10,trace,0.2,alignment_coverage_pn2_upper,7.879920303821564e-05,12,ok
partial_sequence,toothpaste_noise10,trace,0.2,classical,0.0067322999238967,1,ok
partial_sequence,toothpaste_noise10,trace,0.2,dv,5.746151400264353,1,ok
partial_sequence,toothpaste_noise10,trace,0.2,executions_cache,7.199589163064957e-06,1,ok
partial_sequence,toothpaste_noise10,trace,0.2,matchprob,4.099216312170029e-06,12,ok
partial_sequence,toothpaste_noise10,trace,0.2,mean_leaf_skipprob,2.9001384973526e-06,1,ok
partial_sequence,toothpaste_noise10,trace,0.2,salign_coverage,0.00013449927791953087,12,ok
partial_sequence,toothpaste_noise10,trace,0.2,skipprob,4.098750650882721e-06,12,ok
partial_sequence,toothpaste_noise10,trace,0.2,traces,0.0021289000287652,1,ok
partial_sequence,toothpaste_noise10,trace,0.2,voidmass_deficit_lower,7.3015689849853516e-06,12,ok
partial_sequence,toothpaste_noise10,trace,0.2,voidmass_deficit_upper,3.9013102650642395e-06,12,ok
partial_sequence,toothpaste_noise10,trace,0.2,voidmass_movecount,3.40072438120842e-06,12,ok
partial_sequence,toothpaste_noise10,trace,0.2,voidmass_movecount_bound,3.4994445741176605e-06,12,ok
partial_sequence,toothpaste_noise10,trace,0.2,voidmass_process_lower,4.699453711509705e-06,12,ok
partial_sequence,toothpaste_noise10,trace,0.2,voidmass_process_upper,4.00003045797348e-06,12,ok
partial_sequence,toothpaste_noise10,trace,0.2,voidsalign3,8.880067616701126e-05,12,ok
partial_sequence,toothpaste_noise10,trace,0.2,voidsat2,0.00023270025849342346,12,ok
partial_sequence,toothpaste_noise10,trace,0.2,weight_voidage,3.979960456490517e-05,12,ok
partial_sequence,toothpaste_noise10,trace,0.3,aligned_duration_cache,0.0019096001051366,1,ok
partial_sequence,toothpaste_noise10,trace,0.3,alignment_coverage_pn2_lower,0.00010169902816414833,12,ok
partial_sequence,toothpaste_noise10,trace,0.3,alignment_coverage_pn2_upper,6.669992581009865e-05,12,ok
partial_sequence,toothpaste_noise10,trace,0.3,classical,0.0069420998916029,1,ok
partial_sequence,toothpaste_noise10,trace,0.3,dv,5.836881599854678,1,ok
partial_sequence,toothpaste_noise10,trace,0.3,executions_cache,7.499940693378448e-06,1,ok
partial_sequence,toothpaste_noise10,trace,0.3,matchprob,3.80026176571846e-06,12,ok
partial_sequence,toothpaste_noise10,trace,0.3,mean_leaf_skipprob,2.800021320581436e-06,1,ok
partial_sequence,toothpaste_noise10,trace,0.3,salign_coverage,0.00012649968266487122,12,ok
partial_sequence,toothpaste_noise10,trace,0.3,skipprob,4.00003045797348e-06,12,ok
partial_sequence,toothpaste_noise10,trace,0.3,traces,0.0018973001278936,1,ok
partial_sequence,toothpaste_noise10,trace,0.3,voidmass_deficit_lower,6.9998204708099365e-06,12,ok
partial_sequence,toothpaste_noise10,trace,0.3,voidmass_deficit_upper,3.998167812824249e-06,12,ok
partial_sequence,toothpaste_noise10,trace,0.3,voidmass_movecount,2.900604158639908e-06,12,ok
partial_sequence,toothpaste_noise10,trace,0.3,voidmass_movecount_bound,3.8994476199150085e-06,12,ok
partial_sequence,toothpaste_noise10,trace,0.3,voidmass_process_lower,4.300381988286972e-06,12,ok
partial_sequence,toothpaste_noise10,trace,0.3,voidmass_process_upper,3.80026176571846e-06,12,ok
partial_sequence,toothpaste_noise10,trace,0.3,voidsalign3,8.249888196587563e-05,12,ok
partial_sequence,toothpaste_noise10,trace,0.3,voidsat2,0.00019909953698515892,12,ok
partial_sequence,toothpaste_noise10,trace,0.3,weight_voidage,2.5700312107801437e-05,12,ok
partial_sequence,toothpaste_noise10,trace,0.4,aligned_duration_cache,0.0020292000845074,1,ok
partial_sequence,toothpaste_noise10,trace,0.4,alignment_coverage_pn2_lower,9.96994785964489e-05,12,ok
partial_sequence,toothpaste_noise10,trace,0.4,alignment_coverage_pn2_upper,6.560003384947777e-05,12,ok
partial_sequence,toothpaste_noise10,trace,0.4,classical,0.0065121999941766,1,ok
partial_sequence,toothpaste_noise10,trace,0.4,dv,5.785877399612218,1,ok
partial_sequence,toothpaste_noise10,trace,0.4,executions_cache,7.6000578701496124e-06,1,ok
partial_sequence,toothpaste_noise10,trace,0.4,matchprob,3.600027412176132e-06,12,ok
partial_sequence,toothpaste_noise10,trace,0.4,mean_leaf_skipprob,3.09990718960762e-06,1,ok
partial_sequence,toothpaste_noise10,trace,0.4,salign_coverage,0.0001268000341951847,12,ok
partial_sequence,toothpaste_noise10,trace,0.4,skipprob,3.6996789276599884e-06,12,ok
partial_sequence,toothpaste_noise10,trace,0.4,traces,0.0020124004222452,1,ok
partial_sequence,toothpaste_noise10,trace,0.4,voidmass_deficit_lower,6.899237632751465e-06,12,ok
partial_sequence,toothpaste_noise10,trace,0.4,voidmass_deficit_upper,3.9995647966861725e-06,12,ok
partial_sequence,toothpaste_noise10,trace,0.4,voidmass_movecount,3.300607204437256e-06,12,ok
partial_sequence,toothpaste_noise10,trace,0.4,voidmass_movecount_bound,3.200024366378784e-06,12,ok
partial_sequence,toothpaste_noise10,trace,0.4,voidmass_process_lower,4.298985004425049e-06,12,ok
partial_sequence,toothpaste_noise10,trace,0.4,voidmass_process_upper,3.40072438120842e-06,12,ok
partial_sequence,toothpaste_noise10,trace,0.4,voidsalign3,7.900036871433258e-05,12,ok
partial_sequence,toothpaste_noise10,trace,0.4,voidsat2,0.00019670045003294945,12,ok
partial_sequence,toothpaste_noise10,trace,0.4,weight_voidage,2.7700327336788177e-05,12,ok
partial_sequence,toothpaste_noise10,trace,0.5,aligned_duration_cache,0.0015381998382508,1,ok
partial_sequence,toothpaste_noise10,trace,0.5,alignment_coverage_pn2_lower,5.1499344408512115e-05,12,ok
partial_sequence,toothpaste_noise10,trace,0.5,alignment_coverage_pn2_upper,3.2699666917324066e-05,12,ok
partial_sequence,toothpaste_noise10,trace,0.5,classical,0.0035568000748753,1,ok
partial_sequence,toothpaste_noise10,trace,0.5,dv,5.3791972999461,1,ok
partial_sequence,toothpaste_noise10,trace,0.5,executions_cache,7.899943739175797e-06,1,ok
partial_sequence,toothpaste_noise10,trace,0.5,matchprob,4.000496119260788e-06,12,ok
partial_sequence,toothpaste_noise10,trace,0.5,mean_leaf_skipprob,2.9001384973526e-06,1,ok
partial_sequence,toothpaste_noise10,trace,0.5,salign_coverage,6.890064105391502e-05,12,ok
partial_sequence,toothpaste_noise10,trace,0.5,skipprob,3.4994445741176605e-06,12,ok
partial_sequence,toothpaste_noise10,trace,0.5,traces,0.0015254998579621,1,ok
partial_sequence,toothpaste_noise10,trace,0.5,voidmass_deficit_lower,6.600283086299896e-06,12,ok
partial_sequence,toothpaste_noise10,trace,0.5,voidmass_deficit_upper,3.4999102354049683e-06,12,ok
partial_sequence,toothpaste_noise10,trace,0.5,voidmass_movecount,3.200490027666092e-06,12,ok
partial_sequence,toothpaste_noise10,trace,0.5,voidmass_movecount_bound,3.7010759115219116e-06,12,ok
partial_sequence,toothpaste_noise10,trace,0.5,voidmass_process_lower,4.10107895731926e-06,12,ok
partial_sequence,toothpaste_noise10,trace,0.5,voidmass_process_upper,3.1990930438041687e-06,12,ok
partial_sequence,toothpaste_noise10,trace,0.5,voidsalign3,4.199938848614693e-05,12,ok
partial_sequence,toothpaste_noise10,trace,0.5,voidsat2,0.00010479893535375595,12,ok
partial_sequence,toothpaste_noise10,trace,0.5,weight_voidage,2.609938383102417e-05,12,ok
partial_sequence,toothpaste_noise10,trace,0.6,aligned_duration_cache,0.0015195999294519,1,ok
partial_sequence,toothpaste_noise10,trace,0.6,alignment_coverage_pn2_lower,5.340017378330231e-05,12,ok
partial_sequence,toothpaste_noise10,trace,0.6,alignment_coverage_pn2_upper,3.3599790185689926e-05,12,ok
partial_sequence,toothpaste_noise10,trace,0.6,classical,0.0033579999580979,1,ok
partial_sequence,toothpaste_noise10,trace,0.6,dv,5.692180200014263,1,ok
partial_sequence,toothpaste_noise10,trace,0.6,executions_cache,6.0996972024440765e-06,1,ok
partial_sequence,toothpaste_noise10,trace,0.6,matchprob,3.798864781856537e-06,12,ok
partial_sequence,toothpaste_noise10,trace,0.6,mean_leaf_skipprob,2.9001384973526e-06,1,ok
partial_sequence,toothpaste_noise10,trace,0.6,salign_coverage,7.59991817176342e-05,12,ok
partial_sequence,toothpaste_noise10,trace,0.6,skipprob,3.6992132663726807e-06,12,ok
partial_sequence,toothpaste_noise10,trace,0.6,traces,0.0015051001682877,1,ok
partial_sequence,toothpaste_noise10,trace,0.6,voidmass_deficit_lower,6.70040026307106e-06,12,ok
partial_sequence,toothpaste_noise10,trace,0.6,voidmass_deficit_upper,4.7995708882808685e-06,12,ok
partial_sequence,toothpaste_noise10,trace,0.6,voidmass_movecount,3.500375896692276e-06,12,ok
partial_sequence,toothpaste_noise10,trace,0.6,voidmass_movecount_bound,3.5995617508888245e-06,12,ok
partial_sequence,toothpaste_noise10,trace,0.6,voidmass_process_lower,4.298985004425049e-06,12,ok
partial_sequence,toothpaste_noise10,trace,0.6,voidmass_process_upper,3.7015415728092194e-06,12,ok
partial_sequence,toothpaste_noise10,trace,0.6,voidsalign3,4.600035026669502e-05,12,ok
partial_sequence,toothpaste_noise10,trace,0.6,voidsat2,0.00010340102016925812,12,ok
partial_sequence,toothpaste_noise10,trace,0.6,weight_voidage,2.8299633413553238e-05,12,ok
partial_sequence,toothpaste_noise10,trace,0.7,aligned_duration_cache,0.0015147998929023,1,ok
partial_sequence,toothpaste_noise10,trace,0.7,alignment_coverage_pn2_lower,5.30988909304142e-05,12,ok
partial_sequence,toothpaste_noise10,trace,0.7,alignment_coverage_pn2_upper,3.439979627728462e-05,12,ok
partial_sequence,toothpaste_noise10,trace,0.7,classical,0.0035904999822378,1,ok
partial_sequence,toothpaste_noise10,trace,0.7,dv,5.351847399957478,1,ok
partial_sequence,toothpaste_noise10,trace,0.7,executions_cache,6.00004568696022e-06,1,ok
partial_sequence,toothpaste_noise10,trace,0.7,matchprob,3.700144588947296e-06,12,ok
partial_sequence,toothpaste_noise10,trace,0.7,mean_leaf_skipprob,2.699904143810272e-06,1,ok
partial_sequence,toothpaste_noise10,trace,0.7,salign_coverage,6.66007399559021e-05,12,ok
partial_sequence,toothpaste_noise10,trace,0.7,skipprob,3.200024366378784e-06,12,ok
partial_sequence,toothpaste_noise10,trace,0.7,traces,0.0014998000115156,1,ok
partial_sequence,toothpaste_noise10,trace,0.7,voidmass_deficit_lower,6.399117410182953e-06,12,ok
partial_sequence,toothpaste_noise10,trace,0.7,voidmass_deficit_upper,3.700610250234604e-06,12,ok
partial_sequence,toothpaste_noise10,trace,0.7,voidmass_movecount,3.3997930586338043e-06,12,ok
partial_sequence,toothpaste_noise10,trace,0.7,voidmass_movecount_bound,3.5995617508888245e-06,12,ok
partial_sequence,toothpaste_noise10,trace,0.7,voidmass_process_lower,4.599336534738541e-06,12,ok
partial_sequence,toothpaste_noise10,trace,0.7,voidmass_process_upper,3.4980475902557373e-06,12,ok
partial_sequence,toothpaste_noise10,trace,0.7,voidsalign3,4.7299545258283615e-05,12,ok
partial_sequence,toothpaste_noise10,trace,0.7,voidsat2,0.00010569998994469643,12,ok
partial_sequence,toothpaste_noise10,trace,0.7,weight_voidage,2.71000899374485e-05,12,ok
partial_sequence,toothpaste_noise10,trace,0.8,aligned_duration_cache,0.0014423998072743,1,ok
partial_sequence,toothpaste_noise10,trace,0.8,alignment_coverage_pn2_lower,4.999851807951927e-05,12,ok
partial_sequence,toothpaste_noise10,trace,0.8,alignment_coverage_pn2_upper,3.300001844763756e-05,12,ok
partial_sequence,toothpaste_noise10,trace,0.8,classical,0.0034920000471174,1,ok
partial_sequence,toothpaste_noise10,trace,0.8,dv,5.338976399973035,1,ok
partial_sequence,toothpaste_noise10,trace,0.8,executions_cache,7.200054824352264e-06,1,ok
partial_sequence,toothpaste_noise10,trace,0.8,matchprob,3.8016587495803833e-06,12,ok
partial_sequence,toothpaste_noise10,trace,0.8,mean_leaf_skipprob,2.800021320581436e-06,1,ok
partial_sequence,toothpaste_noise10,trace,0.8,salign_coverage,6.880005821585655e-05,12,ok
partial_sequence,toothpaste_noise10,trace,0.8,skipprob,3.899913281202316e-06,12,ok
partial_sequence,toothpaste_noise10,trace,0.8,traces,0.0014300998300313,1,ok
partial_sequence,toothpaste_noise10,trace,0.8,voidmass_deficit_lower,6.70040026307106e-06,12,ok
partial_sequence,toothpaste_noise10,trace,0.8,voidmass_deficit_upper,3.900378942489624e-06,12,ok
partial_sequence,toothpaste_noise10,trace,0.8,voidmass_movecount,3.100372850894928e-06,12,ok
partial_sequence,toothpaste_noise10,trace,0.8,voidmass_movecount_bound,3.7993304431438446e-06,12,ok
partial_sequence,toothpaste_noise10,trace,0.8,voidmass_process_lower,4.098284989595413e-06,12,ok
partial_sequence,toothpaste_noise10,trace,0.8,voidmass_process_upper,3.6009587347507477e-06,12,ok
partial_sequence,toothpaste_noise10,trace,0.8,voidsalign3,4.2100436985492706e-05,12,ok
partial_sequence,toothpaste_noise10,trace,0.8,voidsat2,0.00010220101103186607,12,ok
partial_sequence,toothpaste_noise10,trace,0.8,weight_voidage,2.5200657546520233e-05,12,ok
partial_sequence,toothpaste_noise10,trace,0.9,aligned_duration_cache,0.0002566999755799,1,ok
partial_sequence,toothpaste_noise10,trace,0.9,alignment_coverage_pn2_lower,1.2200325727462769e-05,12,ok
partial_sequence,toothpaste_noise10,trace,0.9,alignment_coverage_pn2_upper,1.039961352944374e-05,12,ok
partial_sequence,toothpaste_noise10,trace,0.9,classical,0.0004070000723004,1,ok
partial_sequence,toothpaste_noise10,trace,0.9,dv,0.0063578002154827,1,ok
partial_sequence,toothpaste_noise10,trace,0.9,executions_cache,7.399823516607283e-06,1,ok
partial_sequence,toothpaste_noise10,trace,0.9,matchprob,3.700144588947296e-06,12,ok
partial_sequence,toothpaste_noise10,trace,0.9,mean_leaf_skipprob,2.9001384973526e-06,1,ok
partial_sequence,toothpaste_noise10,trace,0.9,salign_coverage,1.4200340956449509e-05,12,ok
partial_sequence,toothpaste_noise10,trace,0.9,skipprob,3.4999102354049683e-06,12,ok
partial_sequence,toothpaste_noise10,trace,0.9,traces,0.0002468000166118,1,ok
partial_sequence,toothpaste_noise10,trace,0.9,voidmass_deficit_lower,4.2994506657123566e-06,12,ok
partial_sequence,toothpaste_noise10,trace,0.9,voidmass_deficit_upper,3.5990960896015167e-06,12,ok
partial_sequence,toothpaste_noise10,trace,0.9,voidmass_movecount,3.1981617212295532e-06,12,ok
partial_sequence,toothpaste_noise10,trace,0.9,voidmass_movecount_bound,2.70036980509758e-06,12,ok
partial_sequence,toothpaste_noise10,trace,0.9,voidmass_process_lower,3.300607204437256e-06,12,ok
partial_sequence,toothpaste_noise10,trace,0.9,voidmass_process_upper,2.4992041289806366e-06,12,ok
partial_sequence,toothpaste_noise10,trace,0.9,voidsalign3,1.580081880092621e-05,12,ok
partial_sequence,toothpaste_noise10,trace,0.9,voidsat2,1.490022987127304e-05,12,ok
partial_sequence,toothpaste_noise10,trace,0.9,weight_voidage,2.3600179702043533e-05,12,ok
partial_sequence,toothpaste_noise10,,0.0,aligned_duration_cache,0.0024791001342236,1,ok
partial_sequence,toothpaste_noise10,,0.0,alignment_coverage_pn2_lower,0.00014890078455209732,12,ok
partial_sequence,toothpaste_noise10,,0.0,alignment_coverage_pn2_upper,9.300094097852707e-05,12,ok
partial_sequence,toothpaste_noise10,,0.0,classical,0.0092997001484036,1,ok
partial_sequence,toothpaste_noise10,,0.0,dv,5.928830400109291,1,ok
partial_sequence,toothpaste_noise10,,0.0,executions_cache,5.700159817934036e-06,1,ok
partial_sequence,toothpaste_noise10,,0.0,matchprob,3.4989789128303528e-06,12,ok
partial_sequence,toothpaste_noise10,,0.0,mean_leaf_skipprob,3.000255674123764e-06,1,ok
partial_sequence,toothpaste_noise10,,0.0,salign_coverage,0.00017109932377934456,12,ok
partial_sequence,toothpaste_noise10,,0.0,skipprob,3.4989789128303528e-06,12,ok
partial_sequence,toothpaste_noise10,,0.0,traces,0.002465299796313,1,ok
partial_sequence,toothpaste_noise10,,0.0,voidmass_deficit_lower,6.299465894699097e-06,12,ok
partial_sequence,toothpaste_noise10,,0.0,voidmass_deficit_upper,3.898516297340393e-06,12,ok
partial_sequence,toothpaste_noise10,,0.0,voidmass_movecount,3.3993273973464966e-06,12,ok
partial_sequence,toothpaste_noise10,,0.0,voidmass_movecount_bound,3.5995617508888245e-06,12,ok
partial_sequence,toothpaste_noise10,,0.0,voidmass_process_lower,4.699919372797012e-06,12,ok
partial_sequence,toothpaste_noise10,,0.0,voidmass_process_upper,3.698747605085373e-06,12,ok
partial_sequence,toothpaste_noise10,,0.0,voidsalign3,0.00010649999603629112,12,ok
partial_sequence,toothpaste_noise10,,0.0,voidsat2,0.0002659992314875126,12,ok
partial_sequence,toothpaste_noise10,,0.0,weight_voidage,2.7299392968416214e-05,12,ok
