log,combo,degradation_dim,degradation_level,metric_or_stage,seconds,rows,status
rtfm,inductive_noise20,activity_frequency_gradual,0.1,aligned_duration_cache,84.08390920003876,1,ok
rtfm,inductive_noise20,activity_frequency_gradual,0.1,alignment_coverage_pn2_lower,0.0003855009563267231,17,ok
rtfm,inductive_noise20,activity_frequency_gradual,0.1,alignment_coverage_pn2_upper,0.00013990094885230064,17,ok
rtfm,inductive_noise20,activity_frequency_gradual,0.1,classical,23.8701311997138,1,ok
rtfm,inductive_noise20,activity_frequency_gradual,0.1,dv,15.589244300033895,1,ok
rtfm,inductive_noise20,activity_frequency_gradual,0.1,executions_cache,7.200054824352264e-06,1,ok
rtfm,inductive_noise20,activity_frequency_gradual,0.1,matchprob,1.2500211596488953e-05,17,ok
rtfm,inductive_noise20,activity_frequency_gradual,0.1,mean_leaf_skipprob,8.999835699796677e-06,1,ok
rtfm,inductive_noise20,activity_frequency_gradual,0.1,salign_coverage,0.0005065011791884899,17,ok
rtfm,inductive_noise20,activity_frequency_gradual,0.1,skipprob,1.3000797480344772e-05,17,ok
rtfm,inductive_noise20,activity_frequency_gradual,0.1,traces,84.08388169994578,1,ok
rtfm,inductive_noise20,activity_frequency_gradual,0.1,voidmass_deficit_lower,3.800028935074806e-05,17,ok
rtfm,inductive_noise20,activity_frequency_gradual,0.1,voidmass_deficit_upper,1.48015096783638e-05,17,ok
rtfm,inductive_noise20,activity_frequency_gradual,0.1,voidmass_movecount,1.2600328773260117e-05,17,ok
rtfm,inductive_noise20,activity_frequency_gradual,0.1,voidmass_movecount_bound,1.0599847882986069e-05,17,ok
rtfm,inductive_noise20,activity_frequency_gradual,0.1,voidmass_process_lower,1.4599412679672241e-05,17,ok
rtfm,inductive_noise20,activity_frequency_gradual,0.1,voidmass_process_upper,1.2399628758430481e-05,17,ok
rtfm,inductive_noise20,activity_frequency_gradual,0.1,voidsalign3,0.00022539962083101273,17,ok
rtfm,inductive_noise20,activity_frequency_gradual,0.1,voidsat2,6.839770898222923,17,ok
rtfm,inductive_noise20,activity_frequency_gradual,0.1,weight_voidage,0.00014160014688968658,17,ok
rtfm,inductive_noise20,activity_frequency_gradual,0.2,aligned_duration_cache,78.71497630001977,1,ok
rtfm,inductive_noise20,activity_frequency_gradual,0.2,alignment_coverage_pn2_lower,0.0003329007886350155,17,ok
rtfm,inductive_noise20,activity_frequency_gradual,0.2,alignment_coverage_pn2_upper,0.0001443997025489807,17,ok
rtfm,inductive_noise20,activity_frequency_gradual,0.2,classical,22.976416300050914,1,ok
rtfm,inductive_noise20,activity_frequency_gradual,0.2,dv,14.193859599996358,1,ok
rtfm,inductive_noise20,activity_frequency_gradual,0.2,executions_cache,8.600298315286636e-06,1,ok
rtfm,inductive_noise20,activity_frequency_gradual,0.2,matchprob,1.2100674211978912e-05,17,ok
rtfm,inductive_noise20,activity_frequency_gradual,0.2,mean_leaf_skipprob,2.1600164473056797e-05,1,ok
rtfm,inductive_noise20,activity_frequency_gradual,0.2,salign_coverage,0.0004700995050370693,17,ok
rtfm,inductive_noise20,activity_frequency_gradual,0.2,skipprob,1.3299752026796341e-05,17,ok
rtfm,inductive_noise20,activity_frequency_gradual,0.2,traces,78.714946300257,1,ok
rtfm,inductive_noise20,activity_frequency_gradual,0.2,voidmass_deficit_lower,3.190012648701668e-05,17,ok
rtfm,inductive_noise20,activity_frequency_gradual,0.2,voidmass_deficit_upper,1.400010660290718e-05,17,ok
rtfm,inductive_noise20,activity_frequency_gradual,0.2,voidmass_movecount,1.210113987326622e-05,17,ok
rtfm,inductive_noise20,activity_frequency_gradual,0.2,voidmass_movecount_bound,1.1798925697803497e-05,17,ok
rtfm,inductive_noise20,activity_frequency_gradual,0.2,voidmass_process_lower,1.2199394404888153e-05,17,ok
rtfm,inductive_noise20,activity_frequency_gradual,0.2,voidmass_process_upper,1.109996810555458e-05,17,ok
rtfm,inductive_noise20,activity_frequency_gradual,0.2,voidsalign3,0.00023419922217726707,17,ok
rtfm,inductive_noise20,activity_frequency_gradual,0.2,voidsat2,6.196980399545282,17,ok
rtfm,inductive_noise20,activity_frequency_gradual,0.2,weight_voidage,0.0001484001986682415,17,ok
rtfm,inductive_noise20,activity_frequency_gradual,0.3,aligned_duration_cache,78.40443470003083,1,ok
rtfm,inductive_noise20,activity_frequency_gradual,0.3,alignment_coverage_pn2_lower,0.00033869920298457146,17,ok
rtfm,inductive_noise20,activity_frequency_gradual,0.3,alignment_coverage_pn2_upper,0.00013120053336024284,17,ok
rtfm,inductive_noise20,activity_frequency_gradual,0.3,classical,23.60915550030768,1,ok
rtfm,inductive_noise20,activity_frequency_gradual,0.3,dv,13.733961299993098,1,ok
rtfm,inductive_noise20,activity_frequency_gradual,0.3,executions_cache,9.699724614620209e-06,1,ok
rtfm,inductive_noise20,activity_frequency_gradual,0.3,matchprob,1.3301149010658264e-05,17,ok
rtfm,inductive_noise20,activity_frequency_gradual,0.3,mean_leaf_skipprob,1.090019941329956e-05,1,ok
rtfm,inductive_noise20,activity_frequency_gradual,0.3,salign_coverage,0.00046290038153529167,17,ok
rtfm,inductive_noise20,activity_frequency_gradual,0.3,skipprob,1.4200806617736816e-05,17,ok
rtfm,inductive_noise20,activity_frequency_gradual,0.3,traces,78.4044053000398,1,ok
rtfm,inductive_noise20,activity_frequency_gradual,0.3,voidmass_deficit_lower,2.8800684958696365e-05,17,ok
rtfm,inductive_noise20,activity_frequency_gradual,0.3,voidmass_deficit_upper,1.2901145964860916e-05,17,ok
rtfm,inductive_noise20,activity_frequency_gradual,0.3,voidmass_movecount,1.159869134426117e-05,17,ok
rtfm,inductive_noise20,activity_frequency_gradual,0.3,voidmass_movecount_bound,1.1900439858436584e-05,17,ok
rtfm,inductive_noise20,activity_frequency_gradual,0.3,voidmass_process_lower,1.219986006617546e-05,17,ok
rtfm,inductive_noise20,activity_frequency_gradual,0.3,voidmass_process_upper,1.1199619621038437e-05,17,ok
rtfm,inductive_noise20,activity_frequency_gradual,0.3,voidsalign3,0.00022860011085867882,17,ok
rtfm,inductive_noise20,activity_frequency_gradual,0.3,voidsat2,5.714068100322038,17,ok
rtfm,inductive_noise20,activity_frequency_gradual,0.3,weight_voidage,0.0001497003249824047,17,ok
rtfm,inductive_noise20,activity_frequency_gradual,0.4,aligned_duration_cache,77.78076050011441,1,ok
rtfm,inductive_noise20,activity_frequency_gradual,0.4,alignment_coverage_pn2_lower,0.00023780018091201782,17,ok
rtfm,inductive_noise20,activity_frequency_gradual,0.4,alignment_coverage_pn2_upper,9.400025010108948e-05,17,ok
rtfm,inductive_noise20,activity_frequency_gradual,0.4,classical,23.399784400127828,1,ok
rtfm,inductive_noise20,activity_frequency_gradual,0.4,dv,12.82007380016148,1,ok
rtfm,inductive_noise20,activity_frequency_gradual,0.4,executions_cache,6.600283086299896e-06,1,ok
rtfm,inductive_noise20,activity_frequency_gradual,0.4,matchprob,1.249881461262703e-05,17,ok
rtfm,inductive_noise20,activity_frequency_gradual,0.4,mean_leaf_skipprob,1.00000761449337e-05,1,ok
rtfm,inductive_noise20,activity_frequency_gradual,0.4,salign_coverage,0.00035930052399635315,17,ok
rtfm,inductive_noise20,activity_frequency_gradual,0.4,skipprob,1.849886029958725e-05,17,ok
rtfm,inductive_noise20,activity_frequency_gradual,0.4,traces,77.78073420003057,1,ok
rtfm,inductive_noise20,activity_frequency_gradual,0.4,voidmass_deficit_lower,3.259815275669098e-05,17,ok
rtfm,inductive_noise20,activity_frequency_gradual,0.4,voidmass_deficit_upper,1.2298580259084702e-05,17,ok
rtfm,inductive_noise20,activity_frequency_gradual,0.4,voidmass_movecount,1.049879938364029e-05,17,ok
rtfm,inductive_noise20,activity_frequency_gradual,0.4,voidmass_movecount_bound,1.0600313544273376e-05,17,ok
rtfm,inductive_noise20,activity_frequency_gradual,0.4,voidmass_process_lower,1.1599157005548477e-05,17,ok
rtfm,inductive_noise20,activity_frequency_gradual,0.4,voidmass_process_upper,1.0198913514614105e-05,17,ok
rtfm,inductive_noise20,activity_frequency_gradual,0.4,voidsalign3,0.00017660018056631088,17,ok
rtfm,inductive_noise20,activity_frequency_gradual,0.4,voidsat2,4.885458499658853,17,ok
rtfm,inductive_noise20,activity_frequency_gradual,0.4,weight_voidage,0.00014299992471933365,17,ok
rtfm,inductive_noise20,activity_frequency_gradual,0.5,aligned_duration_cache,83.00366309983656,1,ok
rtfm,inductive_noise20,activity_frequency_gradual,0.5,alignment_coverage_pn2_lower,0.00028030015528202057,17,ok
rtfm,inductive_noise20,activity_frequency_gradual,0.5,alignment_coverage_pn2_upper,9.699910879135132e-05,17,ok
rtfm,inductive_noise20,activity_frequency_gradual,0.5,classical,24.59753349982202,1,ok
rtfm,inductive_noise20,activity_frequency_gradual,0.5,dv,15.609104100149125,1,ok
rtfm,inductive_noise20,activity_frequency_gradual,0.5,executions_cache,7.499940693378448e-06,1,ok
rtfm,inductive_noise20,activity_frequency_gradual,0.5,matchprob,1.2400094419717789e-05,17,ok
rtfm,inductive_noise20,activity_frequency_gradual,0.5,mean_leaf_skipprob,9.899958968162537e-06,1,ok
rtfm,inductive_noise20,activity_frequency_gradual,0.5,salign_coverage,0.00039049936458468437,17,ok
rtfm,inductive_noise20,activity_frequency_gradual,0.5,skipprob,1.3099052011966705e-05,17,ok
rtfm,inductive_noise20,activity_frequency_gradual,0.5,traces,83.00363470008597,1,ok
rtfm,inductive_noise20,activity_frequency_gradual,0.5,voidmass_deficit_lower,3.460142761468887e-05,17,ok
rtfm,inductive_noise20,activity_frequency_gradual,0.5,voidmass_deficit_upper,1.4299992471933365e-05,17,ok
rtfm,inductive_noise20,activity_frequency_gradual,0.5,voidmass_movecount,1.2399628758430481e-05,17,ok
rtfm,inductive_noise20,activity_frequency_gradual,0.5,voidmass_movecount_bound,1.0598916560411453e-05,17,ok
rtfm,inductive_noise20,activity_frequency_gradual,0.5,voidmass_process_lower,1.3000331819057465e-05,17,ok
rtfm,inductive_noise20,activity_frequency_gradual,0.5,voidmass_process_upper,1.19013711810112e-05,17,ok
rtfm,inductive_noise20,activity_frequency_gradual,0.5,voidsalign3,0.00017949892207980156,17,ok
rtfm,inductive_noise20,activity_frequency_gradual,0.5,voidsat2,4.45856950059533,17,ok
rtfm,inductive_noise20,activity_frequency_gradual,0.5,weight_voidage,0.00013129925355315208,17,ok
rtfm,inductive_noise20,activity_frequency_gradual,0.6,aligned_duration_cache,78.41184670012444,1,ok
rtfm,inductive_noise20,activity_frequency_gradual,0.6,alignment_coverage_pn2_lower,0.00028379959985613823,17,ok
rtfm,inductive_noise20,activity_frequency_gradual,0.6,alignment_coverage_pn2_upper,9.350059553980827e-05,17,ok
rtfm,inductive_noise20,activity_frequency_gradual,0.6,classical,24.29855109984055,1,ok
rtfm,inductive_noise20,activity_frequency_gradual,0.6,dv,12.065247700084,1,ok
rtfm,inductive_noise20,activity_frequency_gradual,0.6,executions_cache,7.499940693378448e-06,1,ok
rtfm,inductive_noise20,activity_frequency_gradual,0.6,matchprob,1.3499520719051361e-05,17,ok
rtfm,inductive_noise20,activity_frequency_gradual,0.6,mean_leaf_skipprob,1.0400079190731049e-05,1,ok
rtfm,inductive_noise20,activity_frequency_gradual,0.6,salign_coverage,0.0004244004376232624,17,ok
rtfm,inductive_noise20,activity_frequency_gradual,0.6,skipprob,1.3499520719051361e-05,17,ok
rtfm,inductive_noise20,activity_frequency_gradual,0.6,traces,78.411821000278,1,ok
rtfm,inductive_noise20,activity_frequency_gradual,0.6,voidmass_deficit_lower,3.9000529795885086e-05,17,ok
rtfm,inductive_noise20,activity_frequency_gradual,0.6,voidmass_deficit_upper,1.2600794434547424e-05,17,ok
rtfm,inductive_noise20,activity_frequency_gradual,0.6,voidmass_movecount,1.1900439858436584e-05,17,ok
rtfm,inductive_noise20,activity_frequency_gradual,0.6,voidmass_movecount_bound,1.0900665074586868e-05,17,ok
rtfm,inductive_noise20,activity_frequency_gradual,0.6,voidmass_process_lower,1.2599397450685501e-05,17,ok
rtfm,inductive_noise20,activity_frequency_gradual,0.6,voidmass_process_upper,1.090019941329956e-05,17,ok
rtfm,inductive_noise20,activity_frequency_gradual,0.6,voidsalign3,0.00019090017303824425,17,ok
rtfm,inductive_noise20,activity_frequency_gradual,0.6,voidsat2,3.5817738007754083,17,ok
rtfm,inductive_noise20,activity_frequency_gradual,0.6,weight_voidage,0.00013600056990981102,17,ok
rtfm,inductive_noise20,activity_frequency_gradual,0.7,aligned_duration_cache,60.40328580001369,1,ok
rtfm,inductive_noise20,activity_frequency_gradual,0.7,alignment_coverage_pn2_lower,0.00018770014867186546,17,ok
rtfm,inductive_noise20,activity_frequency_gradual,0.7,alignment_coverage_pn2_upper,6.120000034570694e-05,17,ok
rtfm,inductive_noise20,activity_frequency_gradual,0.7,classical,18.092373799998317,1,ok
rtfm,inductive_noise20,activity_frequency_gradual,0.7,dv,9.861404300201684,1,ok
rtfm,inductive_noise20,activity_frequency_gradual,0.7,executions_cache,8.299946784973145e-06,1,ok
rtfm,inductive_noise20,activity_frequency_gradual,0.7,matchprob,1.2400560081005096e-05,17,ok
rtfm,inductive_noise20,activity_frequency_gradual,0.7,mean_leaf_skipprob,1.200009137392044e-05,1,ok
rtfm,inductive_noise20,activity_frequency_gradual,0.7,salign_coverage,0.00029299966990947723,17,ok
rtfm,inductive_noise20,activity_frequency_gradual,0.7,skipprob,1.4098826795816422e-05,17,ok
rtfm,inductive_noise20,activity_frequency_gradual,0.7,traces,60.40326160006225,1,ok
rtfm,inductive_noise20,activity_frequency_gradual,0.7,voidmass_deficit_lower,3.6599114537239075e-05,17,ok
rtfm,inductive_noise20,activity_frequency_gradual,0.7,voidmass_deficit_upper,1.3999175280332565e-05,17,ok
rtfm,inductive_noise20,activity_frequency_gradual,0.7,voidmass_movecount,1.1800788342952728e-05,17,ok
rtfm,inductive_noise20,activity_frequency_gradual,0.7,voidmass_movecount_bound,1.0001007467508316e-05,17,ok
rtfm,inductive_noise20,activity_frequency_gradual,0.7,voidmass_process_lower,1.2699514627456665e-05,17,ok
rtfm,inductive_noise20,activity_frequency_gradual,0.7,voidmass_process_upper,1.140078529715538e-05,17,ok
rtfm,inductive_noise20,activity_frequency_gradual,0.7,voidsalign3,0.000139500480145216,17,ok
rtfm,inductive_noise20,activity_frequency_gradual,0.7,voidsat2,2.651008899789303,17,ok
rtfm,inductive_noise20,activity_frequency_gradual,0.7,weight_voidage,0.0001493995077908039,17,ok
rtfm,inductive_noise20,activity_frequency_gradual,0.8,aligned_duration_cache,40.62014539958909,1,ok
rtfm,inductive_noise20,activity_frequency_gradual,0.8,alignment_coverage_pn2_lower,0.0001984001137316227,17,ok
rtfm,inductive_noise20,activity_frequency_gradual,0.8,alignment_coverage_pn2_upper,6.640097126364708e-05,17,ok
rtfm,inductive_noise20,activity_frequency_gradual,0.8,classical,11.939152200240642,1,ok
rtfm,inductive_noise20,activity_frequency_gradual,0.8,dv,8.953853799961507,1,ok
rtfm,inductive_noise20,activity_frequency_gradual,0.8,executions_cache,7.799826562404633e-06,1,ok
rtfm,inductive_noise20,activity_frequency_gradual,0.8,matchprob,1.3899058103561401e-05,17,ok
rtfm,inductive_noise20,activity_frequency_gradual,0.8,mean_leaf_skipprob,1.3799872249364851e-05,1,ok
rtfm,inductive_noise20,activity_frequency_gradual,0.8,salign_coverage,0.00031819893047213554,17,ok
rtfm,inductive_noise20,activity_frequency_gradual,0.8,skipprob,1.4001037925481796e-05,17,ok
rtfm,inductive_noise20,activity_frequency_gradual,0.8,traces,40.620118299964815,1,ok
rtfm,inductive_noise20,activity_frequency_gradual,0.8,voidmass_deficit_lower,3.290083259344101e-05,17,ok
rtfm,inductive_noise20,activity_frequency_gradual,0.8,voidmass_deficit_upper,1.3500452041625977e-05,17,ok
rtfm,inductive_noise20,activity_frequency_gradual,0.8,voidmass_movecount,1.3099517673254013e-05,17,ok
rtfm,inductive_noise20,activity_frequency_gradual,0.8,voidmass_movecount_bound,1.2300442904233932e-05,17,ok
rtfm,inductive_noise20,activity_frequency_gradual,0.8,voidmass_process_lower,1.2799166142940521e-05,17,ok
rtfm,inductive_noise20,activity_frequency_gradual,0.8,voidmass_process_upper,1.139892265200615e-05,17,ok
rtfm,inductive_noise20,activity_frequency_gradual,0.8,voidsalign3,0.00014850031584501266,17,ok
rtfm,inductive_noise20,activity_frequency_gradual,0.8,voidsat2,1.8904058989137404,17,ok
rtfm,inductive_noise20,activity_frequency_gradual,0.8,weight_voidage,0.00014939997345209122,17,ok
rtfm,inductive_noise20,activity_frequency_gradual,0.9,aligned_duration_cache,20.871031200047582,1,ok
rtfm,inductive_noise20,activity_frequency_gradual,0.9,alignment_coverage_pn2_lower,0.000170800369232893,17,ok
rtfm,inductive_noise20,activity_frequency_gradual,0.9,alignment_coverage_pn2_upper,5.7398807257413864e-05,17,ok
rtfm,inductive_noise20,activity_frequency_gradual,0.9,classical,6.188617100007832,1,ok
rtfm,inductive_noise20,activity_frequency_gradual,0.9,dv,7.876203100197017,1,ok
rtfm,inductive_noise20,activity_frequency_gradual,0.9,executions_cache,7.0999376475811005e-06,1,ok
rtfm,inductive_noise20,activity_frequency_gradual,0.9,matchprob,1.1098571121692657e-05,17,ok
rtfm,inductive_noise20,activity_frequency_gradual,0.9,mean_leaf_skipprob,1.019984483718872e-05,1,ok
rtfm,inductive_noise20,activity_frequency_gradual,0.9,salign_coverage,0.0002703010104596615,17,ok
rtfm,inductive_noise20,activity_frequency_gradual,0.9,skipprob,1.2100674211978912e-05,17,ok
rtfm,inductive_noise20,activity_frequency_gradual,0.9,traces,20.871004600077868,1,ok
rtfm,inductive_noise20,activity_frequency_gradual,0.9,voidmass_deficit_lower,3.2300129532814026e-05,17,ok
rtfm,inductive_noise20,activity_frequency_gradual,0.9,voidmass_deficit_upper,1.1499971151351929e-05,17,ok
rtfm,inductive_noise20,activity_frequency_gradual,0.9,voidmass_movecount,1.1899974197149277e-05,17,ok
rtfm,inductive_noise20,activity_frequency_gradual,0.9,voidmass_movecount_bound,1.1499971151351929e-05,17,ok
rtfm,inductive_noise20,activity_frequency_gradual,0.9,voidmass_process_lower,1.1900439858436584e-05,17,ok
rtfm,inductive_noise20,activity_frequency_gradual,0.9,voidmass_process_upper,9.799841791391373e-06,17,ok
rtfm,inductive_noise20,activity_frequency_gradual,0.9,voidsalign3,0.00012249872088432312,17,ok
rtfm,inductive_noise20,activity_frequency_gradual,0.9,voidsat2,0.876821500249206,17,ok
rtfm,inductive_noise20,activity_frequency_gradual,0.9,weight_voidage,0.0001398990862071514,17,ok
rtfm,inductive_noise20,activity_gradual,0.1,aligned_duration_cache,81.13777020014822,1,ok
rtfm,inductive_noise20,activity_gradual,0.1,alignment_coverage_pn2_lower,0.0038888007402411,17,ok
rtfm,inductive_noise20,activity_gradual,0.1,alignment_coverage_pn2_upper,0.001611299347132089,17,ok
rtfm,inductive_noise20,activity_gradual,0.1,classical,24.85618990007788,1,ok
rtfm,inductive_noise20,activity_gradual,0.1,dv,28.22561739990488,1,ok
rtfm,inductive_noise20,activity_gradual,0.1,executions_cache,8.299946784973145e-06,1,ok
rtfm,inductive_noise20,activity_gradual,0.1,matchprob,1.3298355042934418e-05,17,ok
rtfm,inductive_noise20,activity_gradual,0.1,mean_leaf_skipprob,1.1399853974580765e-05,1,ok
rtfm,inductive_noise20,activity_gradual,0.1,salign_coverage,0.0039433003403237,17,ok
rtfm,inductive_noise20,activity_gradual,0.1,skipprob,1.4000572264194489e-05,17,ok
rtfm,inductive_noise20,activity_gradual,0.1,traces,81.13773960014805,1,ok
rtfm,inductive_noise20,activity_gradual,0.1,voidmass_deficit_lower,3.9000529795885086e-05,17,ok
rtfm,inductive_noise20,activity_gradual,0.1,voidmass_deficit_upper,1.3700220733880997e-05,17,ok
rtfm,inductive_noise20,activity_gradual,0.1,voidmass_movecount,1.270044595003128e-05,17,ok
rtfm,inductive_noise20,activity_gradual,0.1,voidmass_movecount_bound,1.090019941329956e-05,17,ok
rtfm,inductive_noise20,activity_gradual,0.1,voidmass_process_lower,1.2799166142940521e-05,17,ok
rtfm,inductive_noise20,activity_gradual,0.1,voidmass_process_upper,1.16005539894104e-05,17,ok
rtfm,inductive_noise20,activity_gradual,0.1,voidsalign3,0.0018113004043694338,17,ok
rtfm,inductive_noise20,activity_gradual,0.1,voidsat2,7.369859701022506,17,ok
rtfm,inductive_noise20,activity_gradual,0.1,weight_voidage,0.00013530021533370018,17,ok
rtfm,inductive_noise20,activity_gradual,0.2,aligned_duration_cache,79.21333529986441,1,ok
rtfm,inductive_noise20,activity_gradual,0.2,alignment_coverage_pn2_lower,0.0033404002897432835,17,ok
rtfm,inductive_noise20,activity_gradual,0.2,alignment_coverage_pn2_upper,0.001447499729692644,17,ok
rtfm,inductive_noise20,activity_gradual,0.2,classical,24.513246899936348,1,ok
rtfm,inductive_noise20,activity_gradual,0.2,dv,16.261139099951833,1,ok
rtfm,inductive_noise20,activity_gradual,0.2,executions_cache,8.400063961744308e-06,1,ok
rtfm,inductive_noise20,activity_gradual,0.2,matchprob,1.2098345905542374e-05,17,ok
rtfm,inductive_noise20,activity_gradual,0.2,mean_leaf_skipprob,8.999835699796677e-06,1,ok
rtfm,inductive_noise20,activity_gradual,0.2,salign_coverage,0.0034982995130116985,17,ok
rtfm,inductive_noise20,activity_gradual,0.2,skipprob,1.1899508535861969e-05,17,ok
rtfm,inductive_noise20,activity_gradual,0.2,traces,79.21330099971965,1,ok
rtfm,inductive_noise20,activity_gradual,0.2,voidmass_deficit_lower,3.7499237805604935e-05,17,ok
rtfm,inductive_noise20,activity_gradual,0.2,voidmass_deficit_upper,1.3400334864854813e-05,17,ok
rtfm,inductive_noise20,activity_gradual,0.2,voidmass_movecount,1.219986006617546e-05,17,ok
rtfm,inductive_noise20,activity_gradual,0.2,voidmass_movecount_bound,1.2900680303573608e-05,17,ok
rtfm,inductive_noise20,activity_gradual,0.2,voidmass_process_lower,1.2401025742292404e-05,17,ok
rtfm,inductive_noise20,activity_gradual,0.2,voidmass_process_upper,1.1799857020378113e-05,17,ok
rtfm,inductive_noise20,activity_gradual,0.2,voidsalign3,0.0015771007165309636,17,ok
rtfm,inductive_noise20,activity_gradual,0.2,voidsat2,6.797633000649512,17,ok
rtfm,inductive_noise20,activity_gradual,0.2,weight_voidage,0.00014070095494389534,17,ok
rtfm,inductive_noise20,activity_gradual,0.3,aligned_duration_cache,76.9574905000627,1,ok
rtfm,inductive_noise20,activity_gradual,0.3,alignment_coverage_pn2_lower,0.0019085984677072682,17,ok
rtfm,inductive_noise20,activity_gradual,0.3,alignment_coverage_pn2_upper,0.000769500620663166,17,ok
rtfm,inductive_noise20,activity_gradual,0.3,classical,23.78674599993974,1,ok
rtfm,inductive_noise20,activity_gradual,0.3,dv,14.647429700009525,1,ok
rtfm,inductive_noise20,activity_gradual,0.3,executions_cache,7.500406354665756e-06,1,ok
rtfm,inductive_noise20,activity_gradual,0.3,matchprob,1.2400560081005096e-05,17,ok
rtfm,inductive_noise20,activity_gradual,0.3,mean_leaf_skipprob,8.499715477228165e-06,1,ok
rtfm,inductive_noise20,activity_gradual,0.3,salign_coverage,0.002087899949401041,17,ok
rtfm,inductive_noise20,activity_gradual,0.3,skipprob,1.1799391359090805e-05,17,ok
rtfm,inductive_noise20,activity_gradual,0.3,traces,76.95746329985559,1,ok
rtfm,inductive_noise20,activity_gradual,0.3,voidmass_deficit_lower,3.260001540184021e-05,17,ok
rtfm,inductive_noise20,activity_gradual,0.3,voidmass_deficit_upper,1.4001037925481796e-05,17,ok
rtfm,inductive_noise20,activity_gradual,0.3,voidmass_movecount,1.159869134426117e-05,17,ok
rtfm,inductive_noise20,activity_gradual,0.3,voidmass_movecount_bound,1.2599397450685501e-05,17,ok
rtfm,inductive_noise20,activity_gradual,0.3,voidmass_process_lower,1.2500211596488953e-05,17,ok
rtfm,inductive_noise20,activity_gradual,0.3,voidmass_process_upper,1.1501368135213852e-05,17,ok
rtfm,inductive_noise20,activity_gradual,0.3,voidsalign3,0.0008792998269200128,17,ok
rtfm,inductive_noise20,activity_gradual,0.3,voidsat2,6.113053699024022,17,ok
rtfm,inductive_noise20,activity_gradual,0.3,weight_voidage,0.0001353980042040348,17,ok
rtfm,inductive_noise20,activity_gradual,0.4,aligned_duration_cache,78.27016399987042,1,ok
rtfm,inductive_noise20,activity_gradual,0.4,alignment_coverage_pn2_lower,0.0016919989138838576,17,ok
rtfm,inductive_noise20,activity_gradual,0.4,alignment_coverage_pn2_upper,0.0006917007267475128,17,ok
rtfm,inductive_noise20,activity_gradual,0.4,classical,23.76628080010414,1,ok
rtfm,inductive_noise20,activity_gradual,0.4,dv,16.307080099824816,1,ok
rtfm,inductive_noise20,activity_gradual,0.4,executions_cache,8.099712431430817e-06,1,ok
rtfm,inductive_noise20,activity_gradual,0.4,matchprob,1.2599863111972809e-05,17,ok
rtfm,inductive_noise20,activity_gradual,0.4,mean_leaf_skipprob,8.400063961744308e-06,1,ok
rtfm,inductive_noise20,activity_gradual,0.4,salign_coverage,0.0018244995735583933,17,ok
rtfm,inductive_noise20,activity_gradual,0.4,skipprob,1.2801028788089752e-05,17,ok
rtfm,inductive_noise20,activity_gradual,0.4,traces,78.27013799967244,1,ok
rtfm,inductive_noise20,activity_gradual,0.4,voidmass_deficit_lower,3.5299453884363174e-05,17,ok
rtfm,inductive_noise20,activity_gradual,0.4,voidmass_deficit_upper,1.309998333454132e-05,17,ok
rtfm,inductive_noise20,activity_gradual,0.4,voidmass_movecount,1.1699274182319641e-05,17,ok
rtfm,inductive_noise20,activity_gradual,0.4,voidmass_movecount_bound,1.29002146422863e-05,17,ok
rtfm,inductive_noise20,activity_gradual,0.4,voidmass_process_lower,1.2699048966169357e-05,17,ok
rtfm,inductive_noise20,activity_gradual,0.4,voidmass_process_upper,1.0498333722352982e-05,17,ok
rtfm,inductive_noise20,activity_gradual,0.4,voidsalign3,0.0008132001385092735,17,ok
rtfm,inductive_noise20,activity_gradual,0.4,voidsat2,6.220927699003369,17,ok
rtfm,inductive_noise20,activity_gradual,0.4,weight_voidage,0.00013700034469366074,17,ok
rtfm,inductive_noise20,activity_gradual,0.5,aligned_duration_cache,78.53240080038086,1,ok
rtfm,inductive_noise20,activity_gradual,0.5,alignment_coverage_pn2_lower,0.0012273010797797738,17,ok
rtfm,inductive_noise20,activity_gradual,0.5,alignment_coverage_pn2_upper,0.0004595993086695671,17,ok
rtfm,inductive_noise20,activity_gradual,0.5,classical,22.50660980027169,1,ok
rtfm,inductive_noise20,activity_gradual,0.5,dv,15.473508399911225,1,ok
rtfm,inductive_noise20,activity_gradual,0.5,executions_cache,7.799826562404633e-06,1,ok
rtfm,inductive_noise20,activity_gradual,0.5,matchprob,1.1798925697803497e-05,17,ok
rtfm,inductive_noise20,activity_gradual,0.5,mean_leaf_skipprob,9.09995287656784e-06,1,ok
rtfm,inductive_noise20,activity_gradual,0.5,salign_coverage,0.0013166991993783213,17,ok
rtfm,inductive_noise20,activity_gradual,0.5,skipprob,1.3100448995828629e-05,17,ok
rtfm,inductive_noise20,activity_gradual,0.5,traces,78.53237430006266,1,ok
rtfm,inductive_noise20,activity_gradual,0.5,voidmass_deficit_lower,3.5499222576618195e-05,17,ok
rtfm,inductive_noise20,activity_gradual,0.5,voidmass_deficit_upper,1.309998333454132e-05,17,ok
rtfm,inductive_noise20,activity_gradual,0.5,voidmass_movecount,1.0900665074586868e-05,17,ok
rtfm,inductive_noise20,activity_gradual,0.5,voidmass_movecount_bound,1.0300427675247192e-05,17,ok
rtfm,inductive_noise20,activity_gradual,0.5,voidmass_process_lower,1.2299511581659317e-05,17,ok
rtfm,inductive_noise20,activity_gradual,0.5,voidmass_process_upper,1.139892265200615e-05,17,ok
rtfm,inductive_noise20,activity_gradual,0.5,voidsalign3,0.0005827988497912884,17,ok
rtfm,inductive_noise20,activity_gradual,0.5,voidsat2,6.090355398599058,17,ok
rtfm,inductive_noise20,activity_gradual,0.5,weight_voidage,0.00013349903747439384,17,ok
rtfm,inductive_noise20,activity_gradual,0.6,aligned_duration_cache,76.48113139998168,1,ok
rtfm,inductive_noise20,activity_gradual,0.6,alignment_coverage_pn2_lower,0.0010366011410950762,17,ok
rtfm,inductive_noise20,activity_gradual,0.6,alignment_coverage_pn2_upper,0.0003479002043604851,17,ok
rtfm,inductive_noise20,activity_gradual,0.6,classical,22.15539550036192,1,ok
rtfm,inductive_noise20,activity_gradual,0.6,dv,14.025676399935035,1,ok
rtfm,inductive_noise20,activity_gradual,0.6,executions_cache,7.0999376475811005e-06,1,ok
rtfm,inductive_noise20,activity_gradual,0.6,matchprob,1.4901161193847656e-05,17,ok
rtfm,inductive_noise20,activity_gradual,0.6,mean_leaf_skipprob,9.600073099136353e-06,1,ok
rtfm,inductive_noise20,activity_gradual,0.6,salign_coverage,0.0009701992385089095,17,ok
rtfm,inductive_noise20,activity_gradual,0.6,skipprob,1.429906114935875e-05,17,ok
rtfm,inductive_noise20,activity_gradual,0.6,traces,76.48110319999978,1,ok
rtfm,inductive_noise20,activity_gradual,0.6,voidmass_deficit_lower,3.4100841730833054e-05,17,ok
rtfm,inductive_noise20,activity_gradual,0.6,voidmass_deficit_upper,1.4999881386756897e-05,17,ok
rtfm,inductive_noise20,activity_gradual,0.6,voidmass_movecount,1.380033791065216e-05,17,ok
rtfm,inductive_noise20,activity_gradual,0.6,voidmass_movecount_bound,1.1400319635868073e-05,17,ok
rtfm,inductive_noise20,activity_gradual,0.6,voidmass_process_lower,1.4900695532560349e-05,17,ok
rtfm,inductive_noise20,activity_gradual,0.6,voidmass_process_upper,1.2100674211978912e-05,17,ok
rtfm,inductive_noise20,activity_gradual,0.6,voidsalign3,0.00040410179644823074,17,ok
rtfm,inductive_noise20,activity_gradual,0.6,voidsat2,5.585334400180726,17,ok
rtfm,inductive_noise20,activity_gradual,0.6,weight_voidage,0.00014779949560761452,17,ok
rtfm,inductive_noise20,activity_gradual,0.7,aligned_duration_cache,62.11579619999975,1,ok
rtfm,inductive_noise20,activity_gradual,0.7,alignment_coverage_pn2_lower,0.0010398011654615263,17,ok
rtfm,inductive_noise20,activity_gradual,0.7,alignment_coverage_pn2_upper,0.0003282013349235058,17,ok
rtfm,inductive_noise20,activity_gradual,0.7,classical,18.77454870007932,1,ok
rtfm,inductive_noise20,activity_gradual,0.7,dv,11.52744650002569,1,ok
rtfm,inductive_noise20,activity_gradual,0.7,executions_cache,7.6000578701496124e-06,1,ok
rtfm,inductive_noise20,activity_gradual,0.7,matchprob,1.1800788342952728e-05,17,ok
rtfm,inductive_noise20,activity_gradual,0.7,mean_leaf_skipprob,9.799841791391373e-06,1,ok
rtfm,inductive_noise20,activity_gradual,0.7,salign_coverage,0.0008739000186323858,17,ok
rtfm,inductive_noise20,activity_gradual,0.7,skipprob,1.2999866157770157e-05,17,ok
rtfm,inductive_noise20,activity_gradual,0.7,traces,62.11576730012894,1,ok
rtfm,inductive_noise20,activity_gradual,0.7,voidmass_deficit_lower,3.279931843280792e-05,17,ok
rtfm,inductive_noise20,activity_gradual,0.7,voidmass_deficit_upper,1.2501142919063568e-05,17,ok
rtfm,inductive_noise20,activity_gradual,0.7,voidmass_movecount,1.1500902473926544e-05,17,ok
rtfm,inductive_noise20,activity_gradual,0.7,voidmass_movecount_bound,1.0198913514614105e-05,17,ok
rtfm,inductive_noise20,activity_gradual,0.7,voidmass_process_lower,1.3599637895822525e-05,17,ok
rtfm,inductive_noise20,activity_gradual,0.7,voidmass_process_upper,1.1801254004240036e-05,17,ok
rtfm,inductive_noise20,activity_gradual,0.7,voidsalign3,0.0003595990128815174,17,ok
rtfm,inductive_noise20,activity_gradual,0.7,voidsat2,3.3051488990895446,17,ok
rtfm,inductive_noise20,activity_gradual,0.7,weight_voidage,0.00013850070536136627,17,ok
rtfm,inductive_noise20,activity_gradual,0.8,aligned_duration_cache,24.38409949978813,1,ok
rtfm,inductive_noise20,activity_gradual,0.8,alignment_coverage_pn2_lower,0.000643699895590464,17,ok
rtfm,inductive_noise20,activity_gradual,0.8,alignment_coverage_pn2_upper,0.00019249971956014633,17,ok
rtfm,inductive_noise20,activity_gradual,0.8,classical,7.333862000145018,1,ok
rtfm,inductive_noise20,activity_gradual,0.8,dv,8.342743400018662,1,ok
rtfm,inductive_noise20,activity_gradual,0.8,executions_cache,7.700175046920776e-06,1,ok
rtfm,inductive_noise20,activity_gradual,0.8,matchprob,1.2299977242946625e-05,17,ok
rtfm,inductive_noise20,activity_gradual,0.8,mean_leaf_skipprob,8.90018418431282e-06,1,ok
rtfm,inductive_noise20,activity_gradual,0.8,salign_coverage,0.0005332012660801411,17,ok
rtfm,inductive_noise20,activity_gradual,0.8,skipprob,1.3399869203567505e-05,17,ok
rtfm,inductive_noise20,activity_gradual,0.8,traces,24.3840729999356,1,ok
rtfm,inductive_noise20,activity_gradual,0.8,voidmass_deficit_lower,3.400072455406189e-05,17,ok
rtfm,inductive_noise20,activity_gradual,0.8,voidmass_deficit_upper,1.3499055057764053e-05,17,ok
rtfm,inductive_noise20,activity_gradual,0.8,voidmass_movecount,1.2099742889404297e-05,17,ok
rtfm,inductive_noise20,activity_gradual,0.8,voidmass_movecount_bound,1.0401010513305664e-05,17,ok
rtfm,inductive_noise20,activity_gradual,0.8,voidmass_process_lower,1.1799857020378113e-05,17,ok
rtfm,inductive_noise20,activity_gradual,0.8,voidmass_process_upper,1.0299496352672577e-05,17,ok
rtfm,inductive_noise20,activity_gradual,0.8,voidsalign3,0.00021620094776153564,17,ok
rtfm,inductive_noise20,activity_gradual,0.8,voidsat2,1.1932932990603144,17,ok
rtfm,inductive_noise20,activity_gradual,0.8,weight_voidage,0.00013560103252530098,17,ok
rtfm,inductive_noise20,activity_gradual,0.9,aligned_duration_cache,0.525231400039047,1,ok
rtfm,inductive_noise20,activity_gradual,0.9,alignment_coverage_pn2_lower,4.820059984922409e-05,17,ok
rtfm,inductive_noise20,activity_gradual,0.9,alignment_coverage_pn2_upper,2.8399750590324402e-05,17,ok
rtfm,inductive_noise20,activity_gradual,0.9,classical,0.1547376997768879,1,ok
rtfm,inductive_noise20,activity_gradual,0.9,dv,5.9438386997208,1,ok
rtfm,inductive_noise20,activity_gradual,0.9,executions_cache,7.899943739175797e-06,1,ok
rtfm,inductive_noise20,activity_gradual,0.9,matchprob,5.401670932769775e-06,17,ok
rtfm,inductive_noise20,activity_gradual,0.9,mean_leaf_skipprob,4.299916326999664e-06,1,ok
rtfm,inductive_noise20,activity_gradual,0.9,salign_coverage,6.779981777071953e-05,17,ok
rtfm,inductive_noise20,activity_gradual,0.9,skipprob,5.40073961019516e-06,17,ok
rtfm,inductive_noise20,activity_gradual,0.9,traces,0.525205799844116,1,ok
rtfm,inductive_noise20,activity_gradual,0.9,voidmass_deficit_lower,1.2900680303573608e-05,17,ok
rtfm,inductive_noise20,activity_gradual,0.9,voidmass_deficit_upper,6.500165909528732e-06,17,ok
rtfm,inductive_noise20,activity_gradual,0.9,voidmass_movecount,5.800742655992508e-06,17,ok
rtfm,inductive_noise20,activity_gradual,0.9,voidmass_movecount_bound,5.698762834072113e-06,17,ok
rtfm,inductive_noise20,activity_gradual,0.9,voidmass_process_lower,4.698522388935089e-06,17,ok
rtfm,inductive_noise20,activity_gradual,0.9,voidmass_process_upper,3.900378942489624e-06,17,ok
rtfm,inductive_noise20,activity_gradual,0.9,voidsalign3,3.970041871070862e-05,17,ok
rtfm,inductive_noise20,activity_gradual,0.9,voidsat2,0.0100381993688634,17,ok
rtfm,inductive_noise20,activity_gradual,0.9,weight_voidage,4.389788955450058e-05,17,ok
rtfm,inductive_noise20,trace,0.1,aligned_duration_cache,75.74150419980288,1,ok
rtfm,inductive_noise20,trace,0.1,alignment_coverage_pn2_lower,0.0047134007327251,17,ok
rtfm,inductive_noise20,trace,0.1,alignment_coverage_pn2_upper,0.00188060011714644,17,ok
rtfm,inductive_noise20,trace,0.1,classical,24.03023310005665,1,ok
rtfm,inductive_noise20,trace,0.1,dv,16.75395149970427,1,ok
rtfm,inductive_noise20,trace,0.1,executions_cache,8.00006091594696e-06,1,ok
rtfm,inductive_noise20,trace,0.1,matchprob,1.360056921839714e-05,17,ok
rtfm,inductive_noise20,trace,0.1,mean_leaf_skipprob,8.599832653999329e-06,1,ok
rtfm,inductive_noise20,trace,0.1,salign_coverage,0.0047144000418477,17,ok
rtfm,inductive_noise20,trace,0.1,skipprob,1.3399403542280197e-05,17,ok
rtfm,inductive_noise20,trace,0.1,traces,75.74147529993206,1,ok
rtfm,inductive_noise20,trace,0.1,voidmass_deficit_lower,4.060054197907448e-05,17,ok
rtfm,inductive_noise20,trace,0.1,voidmass_deficit_upper,1.4001037925481796e-05,17,ok
rtfm,inductive_noise20,trace,0.1,voidmass_movecount,1.430092379450798e-05,17,ok
rtfm,inductive_noise20,trace,0.1,voidmass_movecount_bound,1.2601260095834732e-05,17,ok
rtfm,inductive_noise20,trace,0.1,voidmass_process_lower,1.3499986380338669e-05,17,ok
rtfm,inductive_noise20,trace,0.1,voidmass_process_upper,1.1800788342952728e-05,17,ok
rtfm,inductive_noise20,trace,0.1,voidsalign3,0.0020816987380379397,17,ok
rtfm,inductive_noise20,trace,0.1,voidsat2,6.706434299703687,17,ok
rtfm,inductive_noise20,trace,0.1,weight_voidage,0.00014640018343925476,17,ok
rtfm,inductive_noise20,trace,0.2,aligned_duration_cache,62.79691539984197,1,ok
rtfm,inductive_noise20,trace,0.2,alignment_coverage_pn2_lower,0.0041357008740298,17,ok
rtfm,inductive_noise20,trace,0.2,alignment_coverage_pn2_upper,0.0017496016807847996,17,ok
rtfm,inductive_noise20,trace,0.2,classical,20.88968549994752,1,ok
rtfm,inductive_noise20,trace,0.2,dv,15.442171699833125,1,ok
rtfm,inductive_noise20,trace,0.2,executions_cache,8.400063961744308e-06,1,ok
rtfm,inductive_noise20,trace,0.2,matchprob,1.3100448995828629e-05,17,ok
rtfm,inductive_noise20,trace,0.2,mean_leaf_skipprob,8.099712431430817e-06,1,ok
rtfm,inductive_noise20,trace,0.2,salign_coverage,0.0042293001897625,17,ok
rtfm,inductive_noise20,trace,0.2,skipprob,1.1801254004240036e-05,17,ok
rtfm,inductive_noise20,trace,0.2,traces,62.79688570043072,1,ok
rtfm,inductive_noise20,trace,0.2,voidmass_deficit_lower,3.37003730237484e-05,17,ok
rtfm,inductive_noise20,trace,0.2,voidmass_deficit_upper,1.339893788099289e-05,17,ok
rtfm,inductive_noise20,trace,0.2,voidmass_movecount,1.4097895473241806e-05,17,ok
rtfm,inductive_noise20,trace,0.2,voidmass_movecount_bound,1.2698117643594742e-05,17,ok
rtfm,inductive_noise20,trace,0.2,voidmass_process_lower,1.140078529715538e-05,17,ok
rtfm,inductive_noise20,trace,0.2,voidmass_process_upper,1.0699499398469925e-05,17,ok
rtfm,inductive_noise20,trace,0.2,voidsalign3,0.001928300131111697,17,ok
rtfm,inductive_noise20,trace,0.2,voidsat2,5.737592000514268,17,ok
rtfm,inductive_noise20,trace,0.2,weight_voidage,0.00013770069926977158,17,ok
rtfm,inductive_noise20,trace,0.3,aligned_duration_cache,55.23087529977784,1,ok
rtfm,inductive_noise20,trace,0.3,alignment_coverage_pn2_lower,0.0042399009689681,17,ok
rtfm,inductive_noise20,trace,0.3,alignment_coverage_pn2_upper,0.0018004998564717164,17,ok
rtfm,inductive_noise20,trace,0.3,classical,18.747651199810207,1,ok
rtfm,inductive_noise20,trace,0.3,dv,16.023035599850118,1,ok
rtfm,inductive_noise20,trace,0.3,executions_cache,7.899943739175797e-06,1,ok
rtfm,inductive_noise20,trace,0.3,matchprob,1.2399628758430481e-05,17,ok
rtfm,inductive_noise20,trace,0.3,mean_leaf_skipprob,7.899943739175797e-06,1,ok
rtfm,inductive_noise20,trace,0.3,salign_coverage,0.0043069990351789,17,ok
rtfm,inductive_noise20,trace,0.3,skipprob,1.270044595003128e-05,17,ok
rtfm,inductive_noise20,trace,0.3,traces,55.23084740014747,1,ok
rtfm,inductive_noise20,trace,0.3,voidmass_deficit_lower,3.180047497153282e-05,17,ok
rtfm,inductive_noise20,trace,0.3,voidmass_deficit_upper,1.2600794434547424e-05,17,ok
rtfm,inductive_noise20,trace,0.3,voidmass_movecount,1.2100674211978912e-05,17,ok
rtfm,inductive_noise20,trace,0.3,voidmass_movecount_bound,1.2100674211978912e-05,17,ok
rtfm,inductive_noise20,trace,0.3,voidmass_process_lower,1.2999400496482849e-05,17,ok
rtfm,inductive_noise20,trace,0.3,voidmass_process_upper,1.1299271136522293e-05,17,ok
rtfm,inductive_noise20,trace,0.3,voidsalign3,0.0019564987160258203,17,ok
rtfm,inductive_noise20,trace,0.3,voidsat2,5.009907900821418,17,ok
rtfm,inductive_noise20,trace,0.3,weight_voidage,0.0001411987468600273,17,ok
rtfm,inductive_noise20,trace,0.4,aligned_duration_cache,47.105757699813694,1,ok
rtfm,inductive_noise20,trace,0.4,alignment_coverage_pn2_lower,0.0041069011203937,17,ok
rtfm,inductive_noise20,trace,0.4,alignment_coverage_pn2_upper,0.0017007002606985455,17,ok
rtfm,inductive_noise20,trace,0.4,classical,16.15706849982962,1,ok
rtfm,inductive_noise20,trace,0.4,dv,14.111285500228403,1,ok
rtfm,inductive_noise20,trace,0.4,executions_cache,7.399823516607283e-06,1,ok
rtfm,inductive_noise20,trace,0.4,matchprob,1.2499280273914337e-05,17,ok
rtfm,inductive_noise20,trace,0.4,mean_leaf_skipprob,8.800067007541656e-06,1,ok
rtfm,inductive_noise20,trace,0.4,salign_coverage,0.0041506998240938,17,ok
rtfm,inductive_noise20,trace,0.4,skipprob,1.1500436812639236e-05,17,ok
rtfm,inductive_noise20,trace,0.4,traces,47.10573079995811,1,ok
rtfm,inductive_noise20,trace,0.4,voidmass_deficit_lower,3.499956801533699e-05,17,ok
rtfm,inductive_noise20,trace,0.4,voidmass_deficit_upper,1.2699514627456665e-05,17,ok
rtfm,inductive_noise20,trace,0.4,voidmass_movecount,1.2899748980998993e-05,17,ok
rtfm,inductive_noise20,trace,0.4,voidmass_movecount_bound,1.1998694390058517e-05,17,ok
rtfm,inductive_noise20,trace,0.4,voidmass_process_lower,1.1000782251358032e-05,17,ok
rtfm,inductive_noise20,trace,0.4,voidmass_process_upper,9.400304406881332e-06,17,ok
rtfm,inductive_noise20,trace,0.4,voidsalign3,0.0018669995479278635,17,ok
rtfm,inductive_noise20,trace,0.4,voidsat2,4.261609700974076,17,ok
rtfm,inductive_noise20,trace,0.4,weight_voidage,0.00013429997488856316,17,ok
rtfm,inductive_noise20,trace,0.5,aligned_duration_cache,41.88889019982889,1,ok
rtfm,inductive_noise20,trace,0.5,alignment_coverage_pn2_lower,0.00391130009666,17,ok
rtfm,inductive_noise20,trace,0.5,alignment_coverage_pn2_upper,0.0015946999192235284,17,ok
rtfm,inductive_noise20,trace,0.5,classical,14.96195979975164,1,ok
rtfm,inductive_noise20,trace,0.5,dv,13.168851200025529,1,ok
rtfm,inductive_noise20,trace,0.5,executions_cache,7.899943739175797e-06,1,ok
rtfm,inductive_noise20,trace,0.5,matchprob,1.219986006617546e-05,17,ok
rtfm,inductive_noise20,trace,0.5,mean_leaf_skipprob,8.19982960820198e-06,1,ok
rtfm,inductive_noise20,trace,0.5,salign_coverage,0.0039472999051204,17,ok
rtfm,inductive_noise20,trace,0.5,skipprob,1.3100914657115936e-05,17,ok
rtfm,inductive_noise20,trace,0.5,traces,41.88886220008135,1,ok
rtfm,inductive_noise20,trace,0.5,voidmass_deficit_lower,3.8300640881061554e-05,17,ok
rtfm,inductive_noise20,trace,0.5,voidmass_deficit_upper,1.3899058103561401e-05,17,ok
rtfm,inductive_noise20,trace,0.5,voidmass_movecount,1.3499055057764053e-05,17,ok
rtfm,inductive_noise20,trace,0.5,voidmass_movecount_bound,1.1401716619729996e-05,17,ok
rtfm,inductive_noise20,trace,0.5,voidmass_process_lower,1.2500211596488953e-05,17,ok
rtfm,inductive_noise20,trace,0.5,voidmass_process_upper,1.1400319635868073e-05,17,ok
rtfm,inductive_noise20,trace,0.5,voidsalign3,0.0017837993800634033,17,ok
rtfm,inductive_noise20,trace,0.5,voidsat2,3.6964517990127197,17,ok
rtfm,inductive_noise20,trace,0.5,weight_voidage,0.00012299977242946625,17,ok
rtfm,inductive_noise20,trace,0.6,aligned_duration_cache,33.88263349980116,1,ok
rtfm,inductive_noise20,trace,0.6,alignment_coverage_pn2_lower,0.0036928001791228,17,ok
rtfm,inductive_noise20,trace,0.6,alignment_coverage_pn2_upper,0.001459099818020841,17,ok
rtfm,inductive_noise20,trace,0.6,classical,11.756107800174505,1,ok
rtfm,inductive_noise20,trace,0.6,dv,12.453362999949604,1,ok
rtfm,inductive_noise20,trace,0.6,executions_cache,1.00000761449337e-05,1,ok
rtfm,inductive_noise20,trace,0.6,matchprob,1.3200100511312485e-05,17,ok
rtfm,inductive_noise20,trace,0.6,mean_leaf_skipprob,8.100178092718124e-06,1,ok
rtfm,inductive_noise20,trace,0.6,salign_coverage,0.003677699714898407,17,ok
rtfm,inductive_noise20,trace,0.6,skipprob,1.3400334864854813e-05,17,ok
rtfm,inductive_noise20,trace,0.6,traces,33.88260110002011,1,ok
rtfm,inductive_noise20,trace,0.6,voidmass_deficit_lower,4.229974001646042e-05,17,ok
rtfm,inductive_noise20,trace,0.6,voidmass_deficit_upper,1.4800112694501877e-05,17,ok
rtfm,inductive_noise20,trace,0.6,voidmass_movecount,1.2599397450685501e-05,17,ok
rtfm,inductive_noise20,trace,0.6,voidmass_movecount_bound,1.1301133781671524e-05,17,ok
rtfm,inductive_noise20,trace,0.6,voidmass_process_lower,1.3699755072593689e-05,17,ok
rtfm,inductive_noise20,trace,0.6,voidmass_process_upper,1.1299271136522293e-05,17,ok
rtfm,inductive_noise20,trace,0.6,voidsalign3,0.0016210987232620944,17,ok
rtfm,inductive_noise20,trace,0.6,voidsat2,2.9139052010141304,17,ok
rtfm,inductive_noise20,trace,0.6,weight_voidage,0.00012770108878612518,17,ok
rtfm,inductive_noise20,trace,0.7,aligned_duration_cache,25.158842700067908,1,ok
rtfm,inductive_noise20,trace,0.7,alignment_coverage_pn2_lower,0.0035573001950971123,17,ok
rtfm,inductive_noise20,trace,0.7,alignment_coverage_pn2_upper,0.001471299212425612,17,ok
rtfm,inductive_noise20,trace,0.7,classical,8.876665700227022,1,ok
rtfm,inductive_noise20,trace,0.7,dv,11.845866300165651,1,ok
rtfm,inductive_noise20,trace,0.7,executions_cache,7.6000578701496124e-06,1,ok
rtfm,inductive_noise20,trace,0.7,matchprob,1.270044595003128e-05,17,ok
rtfm,inductive_noise20,trace,0.7,mean_leaf_skipprob,8.19982960820198e-06,1,ok
rtfm,inductive_noise20,trace,0.7,salign_coverage,0.0034590996801846896,17,ok
rtfm,inductive_noise20,trace,0.7,skipprob,1.2600328773260117e-05,17,ok
rtfm,inductive_noise20,trace,0.7,traces,25.158815199974924,1,ok
rtfm,inductive_noise20,trace,0.7,voidmass_deficit_lower,3.529991954565048e-05,17,ok
rtfm,inductive_noise20,trace,0.7,voidmass_deficit_upper,1.3300683349370956e-05,17,ok
rtfm,inductive_noise20,trace,0.7,voidmass_movecount,1.3100448995828629e-05,17,ok
rtfm,inductive_noise20,trace,0.7,voidmass_movecount_bound,9.899493306875229e-06,17,ok
rtfm,inductive_noise20,trace,0.7,voidmass_process_lower,1.4099758118391037e-05,17,ok
rtfm,inductive_noise20,trace,0.7,voidmass_process_upper,1.0799616575241089e-05,17,ok
rtfm,inductive_noise20,trace,0.7,voidsalign3,0.0015021995641288808,17,ok
rtfm,inductive_noise20,trace,0.7,voidsat2,2.2227238011546424,17,ok
rtfm,inductive_noise20,trace,0.7,weight_voidage,0.00013589952141046524,17,ok
rtfm,inductive_noise20,trace,0.8,aligned_duration_cache,16.211478000041097,1,ok
rtfm,inductive_noise20,trace,0.8,alignment_coverage_pn2_lower,0.0031394995748988967,17,ok
rtfm,inductive_noise20,trace,0.8,alignment_coverage_pn2_upper,0.0012688008137045487,17,ok
rtfm,inductive_noise20,trace,0.8,classical,6.359737999737263,1,ok
rtfm,inductive_noise20,trace,0.8,dv,10.692901799920946,1,ok
rtfm,inductive_noise20,trace,0.8,executions_cache,9.600073099136353e-06,1,ok
rtfm,inductive_noise20,trace,0.8,matchprob,1.1499505490064621e-05,17,ok
rtfm,inductive_noise20,trace,0.8,mean_leaf_skipprob,9.09995287656784e-06,1,ok
rtfm,inductive_noise20,trace,0.8,salign_coverage,0.003131499513983151,17,ok
rtfm,inductive_noise20,trace,0.8,skipprob,1.2800097465515137e-05,17,ok
rtfm,inductive_noise20,trace,0.8,traces,16.21145289996639,1,ok
rtfm,inductive_noise20,trace,0.8,voidmass_deficit_lower,4.700012505054474e-05,17,ok
rtfm,inductive_noise20,trace,0.8,voidmass_deficit_upper,1.3199634850025177e-05,17,ok
rtfm,inductive_noise20,trace,0.8,voidmass_movecount,1.3499520719051361e-05,17,ok
rtfm,inductive_noise20,trace,0.8,voidmass_movecount_bound,1.0600779205560684e-05,17,ok
rtfm,inductive_noise20,trace,0.8,voidmass_process_lower,1.3700220733880997e-05,17,ok
rtfm,inductive_noise20,trace,0.8,voidmass_process_upper,1.090019941329956e-05,17,ok
rtfm,inductive_noise20,trace,0.8,voidsalign3,0.001392998732626108,17,ok
rtfm,inductive_noise20,trace,0.8,voidsat2,1.4672922007739535,17,ok
rtfm,inductive_noise20,trace,0.8,weight_voidage,0.00012970063835382462,17,ok
rtfm,inductive_noise20,trace,0.9,aligned_duration_cache,8.182692499831319,1,ok
rtfm,inductive_noise20,trace,0.9,alignment_coverage_pn2_lower,0.0027370988391333655,17,ok
rtfm,inductive_noise20,trace,0.9,alignment_coverage_pn2_upper,0.0011266013607382276,17,ok
rtfm,inductive_noise20,trace,0.9,classical,3.93201470002532,1,ok
rtfm,inductive_noise20,trace,0.9,dv,10.143932200036945,1,ok
rtfm,inductive_noise20,trace,0.9,executions_cache,8.899718523025513e-06,1,ok
rtfm,inductive_noise20,trace,0.9,matchprob,1.0998919606208801e-05,17,ok
rtfm,inductive_noise20,trace,0.9,mean_leaf_skipprob,8.599832653999329e-06,1,ok
rtfm,inductive_noise20,trace,0.9,salign_coverage,0.0028032981790595303,17,ok
rtfm,inductive_noise20,trace,0.9,skipprob,1.249881461262703e-05,17,ok
rtfm,inductive_noise20,trace,0.9,traces,8.182666100095958,1,ok
rtfm,inductive_noise20,trace,0.9,voidmass_deficit_lower,3.600027412176132e-05,17,ok
rtfm,inductive_noise20,trace,0.9,voidmass_deficit_upper,1.3300217688083649e-05,17,ok
rtfm,inductive_noise20,trace,0.9,voidmass_movecount,1.1899508535861969e-05,17,ok
rtfm,inductive_noise20,trace,0.9,voidmass_movecount_bound,1.0199379175901413e-05,17,ok
rtfm,inductive_noise20,trace,0.9,voidmass_process_lower,1.29002146422863e-05,17,ok
rtfm,inductive_noise20,trace,0.9,voidmass_process_upper,1.0500196367502213e-05,17,ok
rtfm,inductive_noise20,trace,0.9,voidsalign3,0.001330398023128354,17,ok
rtfm,inductive_noise20,trace,0.9,voidsat2,0.7157484991475931,17,ok
rtfm,inductive_noise20,trace,0.9,weight_voidage,0.0001191999763250351,17,ok
rtfm,inductive_noise20,,0.0,aligned_duration_cache,80.16040339972824,1,ok
rtfm,inductive_noise20,,0.0,alignment_coverage_pn2_lower,0.0045653996057801,17,ok
rtfm,inductive_noise20,,0.0,alignment_coverage_pn2_upper,0.0019172998145215703,17,ok
rtfm,inductive_noise20,,0.0,classical,26.474198500160128,1,ok
rtfm,inductive_noise20,,0.0,dv,21.24787179986015,1,ok
rtfm,inductive_noise20,,0.0,executions_cache,1.1200085282325745e-05,1,ok
rtfm,inductive_noise20,,0.0,matchprob,1.2300442904233932e-05,17,ok
rtfm,inductive_noise20,,0.0,mean_leaf_skipprob,1.309998333454132e-05,1,ok
rtfm,inductive_noise20,,0.0,salign_coverage,0.0045409011654549,17,ok
rtfm,inductive_noise20,,0.0,skipprob,1.360056921839714e-05,17,ok
rtfm,inductive_noise20,,0.0,traces,80.16037349961698,1,ok
rtfm,inductive_noise20,,0.0,voidmass_deficit_lower,3.5299453884363174e-05,17,ok
rtfm,inductive_noise20,,0.0,voidmass_deficit_upper,1.3800803571939468e-05,17,ok
rtfm,inductive_noise20,,0.0,voidmass_movecount,1.3100914657115936e-05,17,ok
rtfm,inductive_noise20,,0.0,voidmass_movecount_bound,1.0700896382331848e-05,17,ok
rtfm,inductive_noise20,,0.0,voidmass_process_lower,1.3100914657115936e-05,17,ok
rtfm,inductive_noise20,,0.0,voidmass_process_upper,1.1299271136522293e-05,17,ok
rtfm,inductive_noise20,,0.0,voidsalign3,0.002104100305586498,17,ok
rtfm,inductive_noise20,,0.0,voidsat2,7.327093799598515,17,ok
rtfm,inductive_noise20,,0.0,weight_voidage,0.00013700174167752266,17,ok
rtfm,toothpaste,activity_frequency_gradual,0.1,aligned_duration_cache,78.24938370008022,1,ok
rtfm,toothpaste,activity_frequency_gradual,0.1,alignment_coverage_pn2_lower,0.0025822035968302856,164,ok
rtfm,toothpaste,activity_frequency_gradual,0.1,alignment_coverage_pn2_upper,0.0007564006373286247,164,ok
rtfm,toothpaste,activity_frequency_gradual,0.1,classical,23.638111299835145,1,ok
rtfm,toothpaste,activity_frequency_gradual,0.1,dv,11.004556899890304,1,ok
rtfm,toothpaste,activity_frequency_gradual,0.1,executions_cache,4.820013418793678e-05,1,ok
rtfm,toothpaste,activity_frequency_gradual,0.1,matchprob,0.00012450013309717178,164,ok
rtfm,toothpaste,activity_frequency_gradual,0.1,mean_leaf_skipprob,3.780005499720573e-05,1,ok
rtfm,toothpaste,activity_frequency_gradual,0.1,salign_coverage,0.0035195951350032867,164,ok
rtfm,toothpaste,activity_frequency_gradual,0.1,skipprob,0.0001309025101363659,164,ok
rtfm,toothpaste,activity_frequency_gradual,0.1,traces,78.2492637000978,1,ok
rtfm,toothpaste,activity_frequency_gradual,0.1,voidmass_deficit_lower,0.00047389883548021317,164,ok
rtfm,toothpaste,activity_frequency_gradual,0.1,voidmass_deficit_upper,0.00012969970703125,164,ok
rtfm,toothpaste,activity_frequency_gradual,0.1,voidmass_movecount,0.00011300202459096909,164,ok
rtfm,toothpaste,activity_frequency_gradual,0.1,voidmass_movecount_bound,0.00011449819430708885,164,ok
rtfm,toothpaste,activity_frequency_gradual,0.1,voidmass_process_lower,0.0001245005987584591,164,ok
rtfm,toothpaste,activity_frequency_gradual,0.1,voidmass_process_upper,0.00010860152542591095,164,ok
rtfm,toothpaste,activity_frequency_gradual,0.1,voidsalign3,0.0014589978381991386,164,ok
rtfm,toothpaste,activity_frequency_gradual,0.1,voidsat2,34.002769397571676,164,ok
rtfm,toothpaste,activity_frequency_gradual,0.1,weight_voidage,0.0018943017348647118,164,ok
rtfm,toothpaste,activity_frequency_gradual,0.2,aligned_duration_cache,78.35392499994487,1,ok
rtfm,toothpaste,activity_frequency_gradual,0.2,alignment_coverage_pn2_lower,0.002485199365764779,164,ok
rtfm,toothpaste,activity_frequency_gradual,0.2,alignment_coverage_pn2_upper,0.0007304009050130844,164,ok
rtfm,toothpaste,activity_frequency_gradual,0.2,classical,24.42355550033972,1,ok
rtfm,toothpaste,activity_frequency_gradual,0.2,dv,10.787055499851704,1,ok
rtfm,toothpaste,activity_frequency_gradual,0.2,executions_cache,4.430022090673447e-05,1,ok
rtfm,toothpaste,activity_frequency_gradual,0.2,matchprob,0.00012180022895336151,164,ok
rtfm,toothpaste,activity_frequency_gradual,0.2,mean_leaf_skipprob,3.6499928683042526e-05,1,ok
rtfm,toothpaste,activity_frequency_gradual,0.2,salign_coverage,0.003609496634453507,164,ok
rtfm,toothpaste,activity_frequency_gradual,0.2,skipprob,0.0001222989521920681,164,ok
rtfm,toothpaste,activity_frequency_gradual,0.2,traces,78.35382300009951,1,ok
rtfm,toothpaste,activity_frequency_gradual,0.2,voidmass_deficit_lower,0.00036509614437818527,164,ok
rtfm,toothpaste,activity_frequency_gradual,0.2,voidmass_deficit_upper,0.00012620119377970695,164,ok
rtfm,toothpaste,activity_frequency_gradual,0.2,voidmass_movecount,0.00010639755055308342,164,ok
rtfm,toothpaste,activity_frequency_gradual,0.2,voidmass_movecount_bound,0.00011190352961421013,164,ok
rtfm,toothpaste,activity_frequency_gradual,0.2,voidmass_process_lower,0.00010529765859246254,164,ok
rtfm,toothpaste,activity_frequency_gradual,0.2,voidmass_process_upper,9.300000965595245e-05,164,ok
rtfm,toothpaste,activity_frequency_gradual,0.2,voidsalign3,0.0014218036085367203,164,ok
rtfm,toothpaste,activity_frequency_gradual,0.2,voidsat2,33.60099389590322,164,ok
rtfm,toothpaste,activity_frequency_gradual,0.2,weight_voidage,0.00187000073492527,164,ok
rtfm,toothpaste,activity_frequency_gradual,0.3,aligned_duration_cache,78.78208060003817,1,ok
rtfm,toothpaste,activity_frequency_gradual,0.3,alignment_coverage_pn2_lower,0.0024967961944638937,164,ok
rtfm,toothpaste,activity_frequency_gradual,0.3,alignment_coverage_pn2_upper,0.0007564001716673374,164,ok
rtfm,toothpaste,activity_frequency_gradual,0.3,classical,24.65341809997335,1,ok
rtfm,toothpaste,activity_frequency_gradual,0.3,dv,9.918969199992716,1,ok
rtfm,toothpaste,activity_frequency_gradual,0.3,executions_cache,4.6900007873773575e-05,1,ok
rtfm,toothpaste,activity_frequency_gradual,0.3,matchprob,0.00012479955330491066,164,ok
rtfm,toothpaste,activity_frequency_gradual,0.3,mean_leaf_skipprob,3.959983587265015e-05,1,ok
rtfm,toothpaste,activity_frequency_gradual,0.3,salign_coverage,0.003427897114306615,164,ok
rtfm,toothpaste,activity_frequency_gradual,0.3,skipprob,0.00012779980897903442,164,ok
rtfm,toothpaste,activity_frequency_gradual,0.3,traces,78.78197100013494,1,ok
rtfm,toothpaste,activity_frequency_gradual,0.3,voidmass_deficit_lower,0.00042880047112703323,164,ok
rtfm,toothpaste,activity_frequency_gradual,0.3,voidmass_deficit_upper,0.00013089925050735474,164,ok
rtfm,toothpaste,activity_frequency_gradual,0.3,voidmass_movecount,0.00010839710012078285,164,ok
rtfm,toothpaste,activity_frequency_gradual,0.3,voidmass_movecount_bound,0.00011609960347414017,164,ok
rtfm,toothpaste,activity_frequency_gradual,0.3,voidmass_process_lower,0.00010830210521817207,164,ok
rtfm,toothpaste,activity_frequency_gradual,0.3,voidmass_process_upper,9.43024642765522e-05,164,ok
rtfm,toothpaste,activity_frequency_gradual,0.3,voidsalign3,0.0014884001575410366,164,ok
rtfm,toothpaste,activity_frequency_gradual,0.3,voidsat2,33.95762380072846,164,ok
rtfm,toothpaste,activity_frequency_gradual,0.3,weight_voidage,0.001905299723148346,164,ok
rtfm,toothpaste,activity_frequency_gradual,0.4,aligned_duration_cache,79.42751409998164,1,ok
rtfm,toothpaste,activity_frequency_gradual,0.4,alignment_coverage_pn2_lower,0.0019648009911179543,164,ok
rtfm,toothpaste,activity_frequency_gradual,0.4,alignment_coverage_pn2_upper,0.0006161029450595379,164,ok
rtfm,toothpaste,activity_frequency_gradual,0.4,classical,23.810977700166404,1,ok
rtfm,toothpaste,activity_frequency_gradual,0.4,dv,9.723726799711583,1,ok
rtfm,toothpaste,activity_frequency_gradual,0.4,executions_cache,4.5200344175100327e-05,1,ok
rtfm,toothpaste,activity_frequency_gradual,0.4,matchprob,0.00012669898569583893,164,ok
rtfm,toothpaste,activity_frequency_gradual,0.4,mean_leaf_skipprob,4.090042784810066e-05,1,ok
rtfm,toothpaste,activity_frequency_gradual,0.4,salign_coverage,0.0031564049422740706,164,ok
rtfm,toothpaste,activity_frequency_gradual,0.4,skipprob,0.00012949993833899498,164,ok
rtfm,toothpaste,activity_frequency_gradual,0.4,traces,79.42740789987147,1,ok
rtfm,toothpaste,activity_frequency_gradual,0.4,voidmass_deficit_lower,0.000423298217356205,164,ok
rtfm,toothpaste,activity_frequency_gradual,0.4,voidmass_deficit_upper,0.0001269010826945305,164,ok
rtfm,toothpaste,activity_frequency_gradual,0.4,voidmass_movecount,0.00010900106281042099,164,ok
rtfm,toothpaste,activity_frequency_gradual,0.4,voidmass_movecount_bound,0.00011299736797809601,164,ok
rtfm,toothpaste,activity_frequency_gradual,0.4,voidmass_process_lower,0.00011250004172325134,164,ok
rtfm,toothpaste,activity_frequency_gradual,0.4,voidmass_process_upper,9.979726746678352e-05,164,ok
rtfm,toothpaste,activity_frequency_gradual,0.4,voidsalign3,0.0013280021958053112,164,ok
rtfm,toothpaste,activity_frequency_gradual,0.4,voidsat2,30.942343696020536,164,ok
rtfm,toothpaste,activity_frequency_gradual,0.4,weight_voidage,0.00196579797193408,164,ok
rtfm,toothpaste,activity_frequency_gradual,0.5,aligned_duration_cache,80.22775579988956,1,ok
rtfm,toothpaste,activity_frequency_gradual,0.5,alignment_coverage_pn2_lower,0.0019086012616753578,164,ok
rtfm,toothpaste,activity_frequency_gradual,0.5,alignment_coverage_pn2_upper,0.0006176014430820942,164,ok
rtfm,toothpaste,activity_frequency_gradual,0.5,classical,23.281516899820417,1,ok
rtfm,toothpaste,activity_frequency_gradual,0.5,dv,8.734024400357157,1,ok
rtfm,toothpaste,activity_frequency_gradual,0.5,executions_cache,3.8300175219774246e-05,1,ok
rtfm,toothpaste,activity_frequency_gradual,0.5,matchprob,0.00012750085443258286,164,ok
rtfm,toothpaste,activity_frequency_gradual,0.5,mean_leaf_skipprob,3.700004890561104e-05,1,ok
rtfm,toothpaste,activity_frequency_gradual,0.5,salign_coverage,0.0030818972736596176,164,ok
rtfm,toothpaste,activity_frequency_gradual,0.5,skipprob,0.0001266971230506897,164,ok
rtfm,toothpaste,activity_frequency_gradual,0.5,traces,80.22764169983566,1,ok
rtfm,toothpaste,activity_frequency_gradual,0.5,voidmass_deficit_lower,0.0004512057639658451,164,ok
rtfm,toothpaste,activity_frequency_gradual,0.5,voidmass_deficit_upper,0.0001232973299920559,164,ok
rtfm,toothpaste,activity_frequency_gradual,0.5,voidmass_movecount,0.00010829837992787361,164,ok
rtfm,toothpaste,activity_frequency_gradual,0.5,voidmass_movecount_bound,0.00010299822315573692,164,ok
rtfm,toothpaste,activity_frequency_gradual,0.5,voidmass_process_lower,0.00011879904195666313,164,ok
rtfm,toothpaste,activity_frequency_gradual,0.5,voidmass_process_upper,0.00010600313544273376,164,ok
rtfm,toothpaste,activity_frequency_gradual,0.5,voidsalign3,0.0012563997879624367,164,ok
rtfm,toothpaste,activity_frequency_gradual,0.5,voidsat2,26.396731598302715,164,ok
rtfm,toothpaste,activity_frequency_gradual,0.5,weight_voidage,0.0019353977404534817,164,ok
rtfm,toothpaste,activity_frequency_gradual,0.6,aligned_duration_cache,77.86243469966576,1,ok
rtfm,toothpaste,activity_frequency_gradual,0.6,alignment_coverage_pn2_lower,0.0019936952739953995,164,ok
rtfm,toothpaste,activity_frequency_gradual,0.6,alignment_coverage_pn2_upper,0.000627598725259304,164,ok
rtfm,toothpaste,activity_frequency_gradual,0.6,classical,22.9939922997728,1,ok
rtfm,toothpaste,activity_frequency_gradual,0.6,dv,8.557061099912971,1,ok
rtfm,toothpaste,activity_frequency_gradual,0.6,executions_cache,3.9200298488140106e-05,1,ok
rtfm,toothpaste,activity_frequency_gradual,0.6,matchprob,0.00012850016355514526,164,ok
rtfm,toothpaste,activity_frequency_gradual,0.6,mean_leaf_skipprob,3.569992259144783e-05,1,ok
rtfm,toothpaste,activity_frequency_gradual,0.6,salign_coverage,0.0030169999226927757,164,ok
rtfm,toothpaste,activity_frequency_gradual,0.6,skipprob,0.00012360140681266785,164,ok
rtfm,toothpaste,activity_frequency_gradual,0.6,traces,77.86232880037278,1,ok
rtfm,toothpaste,activity_frequency_gradual,0.6,voidmass_deficit_lower,0.00039900001138448715,164,ok
rtfm,toothpaste,activity_frequency_gradual,0.6,voidmass_deficit_upper,0.00012610014528036118,164,ok
rtfm,toothpaste,activity_frequency_gradual,0.6,voidmass_movecount,0.0001191040500998497,164,ok
rtfm,toothpaste,activity_frequency_gradual,0.6,voidmass_movecount_bound,0.00010200450196862221,164,ok
rtfm,toothpaste,activity_frequency_gradual,0.6,voidmass_process_lower,0.00012100115418434143,164,ok
rtfm,toothpaste,activity_frequency_gradual,0.6,voidmass_process_upper,0.0001083998940885067,164,ok
rtfm,toothpaste,activity_frequency_gradual,0.6,voidsalign3,0.0013168002478778362,164,ok
rtfm,toothpaste,activity_frequency_gradual,0.6,voidsat2,22.50133720133453,164,ok
rtfm,toothpaste,activity_frequency_gradual,0.6,weight_voidage,0.0018822960555553436,164,ok
rtfm,toothpaste,activity_frequency_gradual,0.7,aligned_duration_cache,60.9333910997957,1,ok
rtfm,toothpaste,activity_frequency_gradual,0.7,alignment_coverage_pn2_lower,0.001296196598559618,164,ok
rtfm,toothpaste,activity_frequency_gradual,0.7,alignment_coverage_pn2_upper,0.0004382021725177765,164,ok
rtfm,toothpaste,activity_frequency_gradual,0.7,classical,18.383948700036854,1,ok
rtfm,toothpaste,activity_frequency_gradual,0.7,dv,8.256483600009233,1,ok
rtfm,toothpaste,activity_frequency_gradual,0.7,executions_cache,5.099968984723091e-05,1,ok
rtfm,toothpaste,activity_frequency_gradual,0.7,matchprob,0.00012490013614296913,164,ok
rtfm,toothpaste,activity_frequency_gradual,0.7,mean_leaf_skipprob,3.71001660823822e-05,1,ok
rtfm,toothpaste,activity_frequency_gradual,0.7,salign_coverage,0.002189603168517351,164,ok
rtfm,toothpaste,activity_frequency_gradual,0.7,skipprob,0.00012970250099897385,164,ok
rtfm,toothpaste,activity_frequency_gradual,0.7,traces,60.9332857998088,1,ok
rtfm,toothpaste,activity_frequency_gradual,0.7,voidmass_deficit_lower,0.000495001208037138,164,ok
rtfm,toothpaste,activity_frequency_gradual,0.7,voidmass_deficit_upper,0.00012869713827967644,164,ok
rtfm,toothpaste,activity_frequency_gradual,0.7,voidmass_movecount,0.00011630263179540634,164,ok
rtfm,toothpaste,activity_frequency_gradual,0.7,voidmass_movecount_bound,0.00010240217670798302,164,ok
rtfm,toothpaste,activity_frequency_gradual,0.7,voidmass_process_lower,0.00012399675324559212,164,ok
rtfm,toothpaste,activity_frequency_gradual,0.7,voidmass_process_upper,0.00010780245065689087,164,ok
rtfm,toothpaste,activity_frequency_gradual,0.7,voidsalign3,0.0010750992223620415,164,ok
rtfm,toothpaste,activity_frequency_gradual,0.7,voidsat2,17.5372525001876,164,ok
rtfm,toothpaste,activity_frequency_gradual,0.7,weight_voidage,0.001984297297894912,164,ok
rtfm,toothpaste,activity_frequency_gradual,0.8,aligned_duration_cache,40.90256860014051,1,ok
rtfm,toothpaste,activity_frequency_gradual,0.8,alignment_coverage_pn2_lower,0.0011932025663554668,164,ok
rtfm,toothpaste,activity_frequency_gradual,0.8,alignment_coverage_pn2_upper,0.0004340019077062607,164,ok
rtfm,toothpaste,activity_frequency_gradual,0.8,classical,12.59194489987567,1,ok
rtfm,toothpaste,activity_frequency_gradual,0.8,dv,7.036769300233573,1,ok
rtfm,toothpaste,activity_frequency_gradual,0.8,executions_cache,4.199985414743424e-05,1,ok
rtfm,toothpaste,activity_frequency_gradual,0.8,matchprob,0.00012040045112371445,164,ok
rtfm,toothpaste,activity_frequency_gradual,0.8,mean_leaf_skipprob,3.600027412176132e-05,1,ok
rtfm,toothpaste,activity_frequency_gradual,0.8,salign_coverage,0.002091596834361553,164,ok
rtfm,toothpaste,activity_frequency_gradual,0.8,skipprob,0.00012359954416751862,164,ok
rtfm,toothpaste,activity_frequency_gradual,0.8,traces,40.90245580021292,1,ok
rtfm,toothpaste,activity_frequency_gradual,0.8,voidmass_deficit_lower,0.00044069811701774597,164,ok
rtfm,toothpaste,activity_frequency_gradual,0.8,voidmass_deficit_upper,0.00012540072202682495,164,ok
rtfm,toothpaste,activity_frequency_gradual,0.8,voidmass_movecount,0.0001085982657968998,164,ok
rtfm,toothpaste,activity_frequency_gradual,0.8,voidmass_movecount_bound,0.00010250415652990341,164,ok
rtfm,toothpaste,activity_frequency_gradual,0.8,voidmass_process_lower,0.000123495701700449,164,ok
rtfm,toothpaste,activity_frequency_gradual,0.8,voidmass_process_upper,0.00010599708184599876,164,ok
rtfm,toothpaste,activity_frequency_gradual,0.8,voidsalign3,0.0010013985447585583,164,ok
rtfm,toothpaste,activity_frequency_gradual,0.8,voidsat2,11.504997998941683,164,ok
rtfm,toothpaste,activity_frequency_gradual,0.8,weight_voidage,0.001899499911814928,164,ok
rtfm,toothpaste,activity_frequency_gradual,0.9,aligned_duration_cache,20.673702499829236,1,ok
rtfm,toothpaste,activity_frequency_gradual,0.9,alignment_coverage_pn2_lower,0.0011423076502978802,164,ok
rtfm,toothpaste,activity_frequency_gradual,0.9,alignment_coverage_pn2_upper,0.0004121013917028904,164,ok
rtfm,toothpaste,activity_frequency_gradual,0.9,classical,6.2411045003682375,1,ok
rtfm,toothpaste,activity_frequency_gradual,0.9,dv,6.660840899683535,1,ok
rtfm,toothpaste,activity_frequency_gradual,0.9,executions_cache,3.7999823689460754e-05,1,ok
rtfm,toothpaste,activity_frequency_gradual,0.9,matchprob,0.00012100208550691605,164,ok
rtfm,toothpaste,activity_frequency_gradual,0.9,mean_leaf_skipprob,3.609992563724518e-05,1,ok
rtfm,toothpaste,activity_frequency_gradual,0.9,salign_coverage,0.0019451966509222984,164,ok
rtfm,toothpaste,activity_frequency_gradual,0.9,skipprob,0.00012010056525468826,164,ok
rtfm,toothpaste,activity_frequency_gradual,0.9,traces,20.67355680000037,1,ok
rtfm,toothpaste,activity_frequency_gradual,0.9,voidmass_deficit_lower,0.0003505018539726734,164,ok
rtfm,toothpaste,activity_frequency_gradual,0.9,voidmass_deficit_upper,0.00012070499360561371,164,ok
rtfm,toothpaste,activity_frequency_gradual,0.9,voidmass_movecount,0.00010209809988737106,164,ok
rtfm,toothpaste,activity_frequency_gradual,0.9,voidmass_movecount_bound,0.00010039936751127243,164,ok
rtfm,toothpaste,activity_frequency_gradual,0.9,voidmass_process_lower,0.00010869791731238365,164,ok
rtfm,toothpaste,activity_frequency_gradual,0.9,voidmass_process_upper,9.779632091522217e-05,164,ok
rtfm,toothpaste,activity_frequency_gradual,0.9,voidsalign3,0.0009280992671847343,164,ok
rtfm,toothpaste,activity_frequency_gradual,0.9,voidsat2,5.743154496420168,164,ok
rtfm,toothpaste,activity_frequency_gradual,0.9,weight_voidage,0.0017864019609987736,164,ok
rtfm,toothpaste,activity_gradual,0.1,aligned_duration_cache,81.64677360001951,1,ok
rtfm,toothpaste,activity_gradual,0.1,alignment_coverage_pn2_lower,0.0245235031470574,164,ok
rtfm,toothpaste,activity_gradual,0.1,alignment_coverage_pn2_upper,0.00680719828233049,164,ok
rtfm,toothpaste,activity_gradual,0.1,classical,24.44512930000201,1,ok
rtfm,toothpaste,activity_gradual,0.1,dv,14.700083300005645,1,ok
rtfm,toothpaste,activity_gradual,0.1,executions_cache,3.969995304942131e-05,1,ok
rtfm,toothpaste,activity_gradual,0.1,matchprob,0.00012240279465913773,164,ok
rtfm,toothpaste,activity_gradual,0.1,mean_leaf_skipprob,3.4700147807598114e-05,1,ok
rtfm,toothpaste,activity_gradual,0.1,salign_coverage,0.025297798681996,164,ok
rtfm,toothpaste,activity_gradual,0.1,skipprob,0.0001330026425421238,164,ok
rtfm,toothpaste,activity_gradual,0.1,traces,81.64665270037949,1,ok
rtfm,toothpaste,activity_gradual,0.1,voidmass_deficit_lower,0.0004410012625157833,164,ok
rtfm,toothpaste,activity_gradual,0.1,voidmass_deficit_upper,0.0001290016807615757,164,ok
rtfm,toothpaste,activity_gradual,0.1,voidmass_movecount,0.00011089770123362541,164,ok
rtfm,toothpaste,activity_gradual,0.1,voidmass_movecount_bound,0.00010570231825113297,164,ok
rtfm,toothpaste,activity_gradual,0.1,voidmass_process_lower,0.00012559769675135612,164,ok
rtfm,toothpaste,activity_gradual,0.1,voidmass_process_upper,0.00010720314458012581,164,ok
rtfm,toothpaste,activity_gradual,0.1,voidsalign3,0.008226798847317288,164,ok
rtfm,toothpaste,activity_gradual,0.1,voidsat2,35.749773501418524,164,ok
rtfm,toothpaste,activity_gradual,0.1,weight_voidage,0.0019679972901940346,164,ok
rtfm,toothpaste,activity_gradual,0.2,aligned_duration_cache,80.82757609989494,1,ok
rtfm,toothpaste,activity_gradual,0.2,alignment_coverage_pn2_lower,0.0257569043897007,164,ok
rtfm,toothpaste,activity_gradual,0.2,alignment_coverage_pn2_upper,0.006867099087684744,164,ok
rtfm,toothpaste,activity_gradual,0.2,classical,24.725019000004977,1,ok
rtfm,toothpaste,activity_gradual,0.2,dv,13.427917500026524,1,ok
rtfm,toothpaste,activity_gradual,0.2,executions_cache,4.610000178217888e-05,1,ok
rtfm,toothpaste,activity_gradual,0.2,matchprob,0.00012389849871397018,164,ok
rtfm,toothpaste,activity_gradual,0.2,mean_leaf_skipprob,3.9600301533937454e-05,1,ok
rtfm,toothpaste,activity_gradual,0.2,salign_coverage,0.0256478996016009,164,ok
rtfm,toothpaste,activity_gradual,0.2,skipprob,0.00012599816545844078,164,ok
rtfm,toothpaste,activity_gradual,0.2,traces,80.82746589975432,1,ok
rtfm,toothpaste,activity_gradual,0.2,voidmass_deficit_lower,0.00038519827648997307,164,ok
rtfm,toothpaste,activity_gradual,0.2,voidmass_deficit_upper,0.00013449927791953087,164,ok
rtfm,toothpaste,activity_gradual,0.2,voidmass_movecount,0.00010769814252853394,164,ok
rtfm,toothpaste,activity_gradual,0.2,voidmass_movecount_bound,0.00012310128659009933,164,ok
rtfm,toothpaste,activity_gradual,0.2,voidmass_process_lower,0.0001185024157166481,164,ok
rtfm,toothpaste,activity_gradual,0.2,voidmass_process_upper,0.00010359659790992737,164,ok
rtfm,toothpaste,activity_gradual,0.2,voidsalign3,0.008147599641233376,164,ok
rtfm,toothpaste,activity_gradual,0.2,voidsat2,36.05411460017785,164,ok
rtfm,toothpaste,activity_gradual,0.2,weight_voidage,0.0019202972762286206,164,ok
rtfm,toothpaste,activity_gradual,0.3,aligned_duration_cache,80.25926210032776,1,ok
rtfm,toothpaste,activity_gradual,0.3,alignment_coverage_pn2_lower,0.017342303879557965,164,ok
rtfm,toothpaste,activity_gradual,0.3,alignment_coverage_pn2_upper,0.004604795482009347,164,ok
rtfm,toothpaste,activity_gradual,0.3,classical,24.108222699724134,1,ok
rtfm,toothpaste,activity_gradual,0.3,dv,12.422356999944896,1,ok
rtfm,toothpaste,activity_gradual,0.3,executions_cache,4.369998350739479e-05,1,ok
rtfm,toothpaste,activity_gradual,0.3,matchprob,0.00011989753693342209,164,ok
rtfm,toothpaste,activity_gradual,0.3,mean_leaf_skipprob,3.900006413459778e-05,1,ok
rtfm,toothpaste,activity_gradual,0.3,salign_coverage,0.01700670039281012,164,ok
rtfm,toothpaste,activity_gradual,0.3,skipprob,0.00012570247054100037,164,ok
rtfm,toothpaste,activity_gradual,0.3,traces,80.25914960028604,1,ok
rtfm,toothpaste,activity_gradual,0.3,voidmass_deficit_lower,0.0003567999228835106,164,ok
rtfm,toothpaste,activity_gradual,0.3,voidmass_deficit_upper,0.00013219891116023064,164,ok
rtfm,toothpaste,activity_gradual,0.3,voidmass_movecount,0.00010820012539625168,164,ok
rtfm,toothpaste,activity_gradual,0.3,voidmass_movecount_bound,0.00012480048462748528,164,ok
rtfm,toothpaste,activity_gradual,0.3,voidmass_process_lower,0.00011800136417150497,164,ok
rtfm,toothpaste,activity_gradual,0.3,voidmass_process_upper,0.00010570324957370758,164,ok
rtfm,toothpaste,activity_gradual,0.3,voidsalign3,0.005657602101564122,164,ok
rtfm,toothpaste,activity_gradual,0.3,voidsat2,37.050102296285324,164,ok
rtfm,toothpaste,activity_gradual,0.3,weight_voidage,0.001884202007204232,164,ok
rtfm,toothpaste,activity_gradual,0.4,aligned_duration_cache,77.86250409996137,1,ok
rtfm,toothpaste,activity_gradual,0.4,alignment_coverage_pn2_lower,0.017268600407986473,164,ok
rtfm,toothpaste,activity_gradual,0.4,alignment_coverage_pn2_upper,0.0045921034179626005,164,ok
rtfm,toothpaste,activity_gradual,0.4,classical,23.91814040020108,1,ok
rtfm,toothpaste,activity_gradual,0.4,dv,12.705263799987732,1,ok
rtfm,toothpaste,activity_gradual,0.4,executions_cache,4.2499974370002747e-05,1,ok
rtfm,toothpaste,activity_gradual,0.4,matchprob,0.0001217992976307869,164,ok
rtfm,toothpaste,activity_gradual,0.4,mean_leaf_skipprob,4.1099730879068375e-05,1,ok
rtfm,toothpaste,activity_gradual,0.4,salign_coverage,0.01687100157141549,164,ok
rtfm,toothpaste,activity_gradual,0.4,skipprob,0.00012770388275384903,164,ok
rtfm,toothpaste,activity_gradual,0.4,traces,77.86239900020882,1,ok
rtfm,toothpaste,activity_gradual,0.4,voidmass_deficit_lower,0.00041730236262083054,164,ok
rtfm,toothpaste,activity_gradual,0.4,voidmass_deficit_upper,0.00013680057600140572,164,ok
rtfm,toothpaste,activity_gradual,0.4,voidmass_movecount,0.00011389842256903648,164,ok
rtfm,toothpaste,activity_gradual,0.4,voidmass_movecount_bound,0.00012010056525468826,164,ok
rtfm,toothpaste,activity_gradual,0.4,voidmass_process_lower,0.00011800229549407959,164,ok
rtfm,toothpaste,activity_gradual,0.4,voidmass_process_upper,0.00010860105976462364,164,ok
rtfm,toothpaste,activity_gradual,0.4,voidsalign3,0.005730200558900571,164,ok
rtfm,toothpaste,activity_gradual,0.4,voidsat2,37.32969500077888,164,ok
rtfm,toothpaste,activity_gradual,0.4,weight_voidage,0.0019905036315321484,164,ok
rtfm,toothpaste,activity_gradual,0.5,aligned_duration_cache,80.28258060012013,1,ok
rtfm,toothpaste,activity_gradual,0.5,alignment_coverage_pn2_lower,0.014398898463695442,164,ok
rtfm,toothpaste,activity_gradual,0.5,alignment_coverage_pn2_upper,0.003554498311132123,164,ok
rtfm,toothpaste,activity_gradual,0.5,classical,23.665083799976856,1,ok
rtfm,toothpaste,activity_gradual,0.5,dv,12.195809500291944,1,ok
rtfm,toothpaste,activity_gradual,0.5,executions_cache,4.42001037299633e-05,1,ok
rtfm,toothpaste,activity_gradual,0.5,matchprob,0.00011949986219406128,164,ok
rtfm,toothpaste,activity_gradual,0.5,mean_leaf_skipprob,3.899959847331047e-05,1,ok
rtfm,toothpaste,activity_gradual,0.5,salign_coverage,0.013266397640108599,164,ok
rtfm,toothpaste,activity_gradual,0.5,skipprob,0.00012819841504096985,164,ok
rtfm,toothpaste,activity_gradual,0.5,traces,80.2824697997421,1,ok
rtfm,toothpaste,activity_gradual,0.5,voidmass_deficit_lower,0.000433298759162426,164,ok
rtfm,toothpaste,activity_gradual,0.5,voidmass_deficit_upper,0.00013209879398345947,164,ok
rtfm,toothpaste,activity_gradual,0.5,voidmass_movecount,0.00011570146307349205,164,ok
rtfm,toothpaste,activity_gradual,0.5,voidmass_movecount_bound,0.00010980013757944107,164,ok
rtfm,toothpaste,activity_gradual,0.5,voidmass_process_lower,0.0001245010644197464,164,ok
rtfm,toothpaste,activity_gradual,0.5,voidmass_process_upper,0.00010820245370268822,164,ok
rtfm,toothpaste,activity_gradual,0.5,voidsalign3,0.0043732007034120585,164,ok
rtfm,toothpaste,activity_gradual,0.5,voidsat2,36.68074799887835,164,ok
rtfm,toothpaste,activity_gradual,0.5,weight_voidage,0.0018307999707758357,164,ok
rtfm,toothpaste,activity_gradual,0.6,aligned_duration_cache,76.69303139997646,1,ok
rtfm,toothpaste,activity_gradual,0.6,alignment_coverage_pn2_lower,0.013368000742047699,164,ok
rtfm,toothpaste,activity_gradual,0.6,alignment_coverage_pn2_upper,0.0032782000489532085,164,ok
rtfm,toothpaste,activity_gradual,0.6,classical,22.375483700074252,1,ok
rtfm,toothpaste,activity_gradual,0.6,dv,11.244318299926816,1,ok
rtfm,toothpaste,activity_gradual,0.6,executions_cache,4.12999652326107e-05,1,ok
rtfm,toothpaste,activity_gradual,0.6,matchprob,0.0001167994923889637,164,ok
rtfm,toothpaste,activity_gradual,0.6,mean_leaf_skipprob,3.820005804300308e-05,1,ok
rtfm,toothpaste,activity_gradual,0.6,salign_coverage,0.01230449927970713,164,ok
rtfm,toothpaste,activity_gradual,0.6,skipprob,0.00012620305642485619,164,ok
rtfm,toothpaste,activity_gradual,0.6,traces,76.6929149995558,1,ok
rtfm,toothpaste,activity_gradual,0.6,voidmass_deficit_lower,0.00044259801506996155,164,ok
rtfm,toothpaste,activity_gradual,0.6,voidmass_deficit_upper,0.00012429943308234215,164,ok
rtfm,toothpaste,activity_gradual,0.6,voidmass_movecount,0.00010710302740335464,164,ok
rtfm,toothpaste,activity_gradual,0.6,voidmass_movecount_bound,0.00010170042514801025,164,ok
rtfm,toothpaste,activity_gradual,0.6,voidmass_process_lower,0.0001227976754307747,164,ok
rtfm,toothpaste,activity_gradual,0.6,voidmass_process_upper,0.00010589975863695145,164,ok
rtfm,toothpaste,activity_gradual,0.6,voidsalign3,0.004068200010806107,164,ok
rtfm,toothpaste,activity_gradual,0.6,voidsat2,34.19504209933802,164,ok
rtfm,toothpaste,activity_gradual,0.6,weight_voidage,0.0019359025172888372,164,ok
rtfm,toothpaste,activity_gradual,0.7,aligned_duration_cache,61.88554090028629,1,ok
rtfm,toothpaste,activity_gradual,0.7,alignment_coverage_pn2_lower,0.013098696712403992,164,ok
rtfm,toothpaste,activity_gradual,0.7,alignment_coverage_pn2_upper,0.003277001902460827,164,ok
rtfm,toothpaste,activity_gradual,0.7,classical,18.606116299983118,1,ok
rtfm,toothpaste,activity_gradual,0.7,dv,10.084915599785743,1,ok
rtfm,toothpaste,activity_gradual,0.7,executions_cache,4.260009154677391e-05,1,ok
rtfm,toothpaste,activity_gradual,0.7,matchprob,0.00011869939044117928,164,ok
rtfm,toothpaste,activity_gradual,0.7,mean_leaf_skipprob,3.740005195140839e-05,1,ok
rtfm,toothpaste,activity_gradual,0.7,salign_coverage,0.015720798168330944,164,ok
rtfm,toothpaste,activity_gradual,0.7,skipprob,0.00012499559670686722,164,ok
rtfm,toothpaste,activity_gradual,0.7,traces,61.88543070014566,1,ok
rtfm,toothpaste,activity_gradual,0.7,voidmass_deficit_lower,0.0004450068809092045,164,ok
rtfm,toothpaste,activity_gradual,0.7,voidmass_deficit_upper,0.0001300009898841381,164,ok
rtfm,toothpaste,activity_gradual,0.7,voidmass_movecount,0.00010159937664866447,164,ok
rtfm,toothpaste,activity_gradual,0.7,voidmass_movecount_bound,0.00010079657658934593,164,ok
rtfm,toothpaste,activity_gradual,0.7,voidmass_process_lower,0.00011809868738055229,164,ok
rtfm,toothpaste,activity_gradual,0.7,voidmass_process_upper,0.00010950164869427681,164,ok
rtfm,toothpaste,activity_gradual,0.7,voidsalign3,0.003984400071203519,164,ok
rtfm,toothpaste,activity_gradual,0.7,voidsat2,25.041141504887484,164,ok
rtfm,toothpaste,activity_gradual,0.7,weight_voidage,0.001889304257929325,164,ok
rtfm,toothpaste,activity_gradual,0.8,aligned_duration_cache,24.02336940029636,1,ok
rtfm,toothpaste,activity_gradual,0.8,alignment_coverage_pn2_lower,0.00688200118020161,164,ok
rtfm,toothpaste,activity_gradual,0.8,alignment_coverage_pn2_upper,0.001777800265699625,164,ok
rtfm,toothpaste,activity_gradual,0.8,classical,7.255319999996573,1,ok
rtfm,toothpaste,activity_gradual,0.8,dv,7.996613800060004,1,ok
rtfm,toothpaste,activity_gradual,0.8,executions_cache,4.489999264478684e-05,1,ok
rtfm,toothpaste,activity_gradual,0.8,matchprob,0.0001192004419863224,164,ok
rtfm,toothpaste,activity_gradual,0.8,mean_leaf_skipprob,4.6900007873773575e-05,1,ok
rtfm,toothpaste,activity_gradual,0.8,salign_coverage,0.007163600530475361,164,ok
rtfm,toothpaste,activity_gradual,0.8,skipprob,0.000126697588711977,164,ok
rtfm,toothpaste,activity_gradual,0.8,traces,24.023262599948797,1,ok
rtfm,toothpaste,activity_gradual,0.8,voidmass_deficit_lower,0.00039320020005106926,164,ok
rtfm,toothpaste,activity_gradual,0.8,voidmass_deficit_upper,0.00012659979984164238,164,ok
rtfm,toothpaste,activity_gradual,0.8,voidmass_movecount,0.00011630170047283173,164,ok
rtfm,toothpaste,activity_gradual,0.8,voidmass_movecount_bound,9.689992293715477e-05,164,ok
rtfm,toothpaste,activity_gradual,0.8,voidmass_process_lower,0.00011999951675534248,164,ok
rtfm,toothpaste,activity_gradual,0.8,voidmass_process_upper,0.00010419962927699089,164,ok
rtfm,toothpaste,activity_gradual,0.8,voidsalign3,0.0025427984073758125,164,ok
rtfm,toothpaste,activity_gradual,0.8,voidsat2,10.207750903908156,164,ok
rtfm,toothpaste,activity_gradual,0.8,weight_voidage,0.0017842017114162215,164,ok
rtfm,toothpaste,activity_gradual,0.9,aligned_duration_cache,0.5975524000823498,1,ok
rtfm,toothpaste,activity_gradual,0.9,alignment_coverage_pn2_lower,0.0012694983743130762,164,ok
rtfm,toothpaste,activity_gradual,0.9,alignment_coverage_pn2_upper,0.00033380044624209404,164,ok
rtfm,toothpaste,activity_gradual,0.9,classical,0.1885776999406516,1,ok
rtfm,toothpaste,activity_gradual,0.9,dv,6.441138199996203,1,ok
rtfm,toothpaste,activity_gradual,0.9,executions_cache,5.070026963949204e-05,1,ok
rtfm,toothpaste,activity_gradual,0.9,matchprob,5.5602751672267914e-05,164,ok
rtfm,toothpaste,activity_gradual,0.9,mean_leaf_skipprob,2.2100284695625305e-05,1,ok
rtfm,toothpaste,activity_gradual,0.9,salign_coverage,0.0013907947577535315,164,ok
rtfm,toothpaste,activity_gradual,0.9,skipprob,5.219737067818642e-05,164,ok
rtfm,toothpaste,activity_gradual,0.9,traces,0.5974447000771761,1,ok
rtfm,toothpaste,activity_gradual,0.9,voidmass_deficit_lower,9.710434824228287e-05,164,ok
rtfm,toothpaste,activity_gradual,0.9,voidmass_deficit_upper,5.1202718168497086e-05,164,ok
rtfm,toothpaste,activity_gradual,0.9,voidmass_movecount,5.049770697951317e-05,164,ok
rtfm,toothpaste,activity_gradual,0.9,voidmass_movecount_bound,4.759989678859711e-05,164,ok
rtfm,toothpaste,activity_gradual,0.9,voidmass_process_lower,5.2498187869787216e-05,164,ok
rtfm,toothpaste,activity_gradual,0.9,voidmass_process_upper,4.830211400985718e-05,164,ok
rtfm,toothpaste,activity_gradual,0.9,voidsalign3,0.00042069796472787857,164,ok
rtfm,toothpaste,activity_gradual,0.9,voidsat2,0.1444156048819335,164,ok
rtfm,toothpaste,activity_gradual,0.9,weight_voidage,0.0007474017329513434,164,ok
rtfm,toothpaste,trace,0.1,aligned_duration_cache,71.93289199983701,1,ok
rtfm,toothpaste,trace,0.1,alignment_coverage_pn2_lower,0.0262523950077508,164,ok
rtfm,toothpaste,trace,0.1,alignment_coverage_pn2_upper,0.007006501778959494,164,ok
rtfm,toothpaste,trace,0.1,classical,21.857388800010085,1,ok
rtfm,toothpaste,trace,0.1,dv,13.917220500297844,1,ok
rtfm,toothpaste,trace,0.1,executions_cache,4.730001091957092e-05,1,ok
rtfm,toothpaste,trace,0.1,matchprob,0.00011559855192899704,164,ok
rtfm,toothpaste,trace,0.1,mean_leaf_skipprob,3.620004281401634e-05,1,ok
rtfm,toothpaste,trace,0.1,salign_coverage,0.0255397981963973,164,ok
rtfm,toothpaste,trace,0.1,skipprob,0.0001290980726480484,164,ok
rtfm,toothpaste,trace,0.1,traces,71.93277420010418,1,ok
rtfm,toothpaste,trace,0.1,voidmass_deficit_lower,0.0004993979819118977,164,ok
rtfm,toothpaste,trace,0.1,voidmass_deficit_upper,0.0001305006444454193,164,ok
rtfm,toothpaste,trace,0.1,voidmass_movecount,0.00011830311268568039,164,ok
rtfm,toothpaste,trace,0.1,voidmass_movecount_bound,0.00010490184649825096,164,ok
rtfm,toothpaste,trace,0.1,voidmass_process_lower,0.00016230065375566483,164,ok
rtfm,toothpaste,trace,0.1,voidmass_process_upper,0.0001056985929608345,164,ok
rtfm,toothpaste,trace,0.1,voidsalign3,0.008434998802840217,164,ok
rtfm,toothpaste,trace,0.1,voidsat2,31.48645319975912,164,ok
rtfm,toothpaste,trace,0.1,weight_voidage,0.0018937955610454082,164,ok
rtfm,toothpaste,trace,0.2,aligned_duration_cache,64.14716860000044,1,ok
rtfm,toothpaste,trace,0.2,alignment_coverage_pn2_lower,0.0240411004051478,164,ok
rtfm,toothpaste,trace,0.2,alignment_coverage_pn2_upper,0.006584498099982366,164,ok
rtfm,toothpaste,trace,0.2,classical,19.927486300002784,1,ok
rtfm,toothpaste,trace,0.2,dv,12.757838000077754,1,ok
rtfm,toothpaste,trace,0.2,executions_cache,3.9400067180395126e-05,1,ok
rtfm,toothpaste,trace,0.2,matchprob,0.0001214020885527134,164,ok
rtfm,toothpaste,trace,0.2,mean_leaf_skipprob,3.8500409573316574e-05,1,ok
rtfm,toothpaste,trace,0.2,salign_coverage,0.0247074984945275,164,ok
rtfm,toothpaste,trace,0.2,skipprob,0.00013000285252928734,164,ok
rtfm,toothpaste,trace,0.2,traces,64.14706770004705,1,ok
rtfm,toothpaste,trace,0.2,voidmass_deficit_lower,0.0004021003842353821,164,ok
rtfm,toothpaste,trace,0.2,voidmass_deficit_upper,0.00012849923223257065,164,ok
rtfm,toothpaste,trace,0.2,voidmass_movecount,0.00010189693421125412,164,ok
rtfm,toothpaste,trace,0.2,voidmass_movecount_bound,0.00012220023199915886,164,ok
rtfm,toothpaste,trace,0.2,voidmass_process_lower,0.00011739740148186684,164,ok
rtfm,toothpaste,trace,0.2,voidmass_process_upper,0.00010689953342080116,164,ok
rtfm,toothpaste,trace,0.2,voidsalign3,0.00803780322894426,164,ok
rtfm,toothpaste,trace,0.2,voidsat2,27.411157703027122,164,ok
rtfm,toothpaste,trace,0.2,weight_voidage,0.0018900977447628908,164,ok
rtfm,toothpaste,trace,0.3,aligned_duration_cache,56.746637700125575,1,ok
rtfm,toothpaste,trace,0.3,alignment_coverage_pn2_lower,0.0240558991208587,164,ok
rtfm,toothpaste,trace,0.3,alignment_coverage_pn2_upper,0.00654619606211734,164,ok
rtfm,toothpaste,trace,0.3,classical,17.049440199974924,1,ok
rtfm,toothpaste,trace,0.3,dv,12.606097999960184,1,ok
rtfm,toothpaste,trace,0.3,executions_cache,4.229974001646042e-05,1,ok
rtfm,toothpaste,trace,0.3,matchprob,0.0001222989521920681,164,ok
rtfm,toothpaste,trace,0.3,mean_leaf_skipprob,3.9400067180395126e-05,1,ok
rtfm,toothpaste,trace,0.3,salign_coverage,0.0243339012376879,164,ok
rtfm,toothpaste,trace,0.3,skipprob,0.00012519722804427147,164,ok
rtfm,toothpaste,trace,0.3,traces,56.74653259990737,1,ok
rtfm,toothpaste,trace,0.3,voidmass_deficit_lower,0.0003927978686988354,164,ok
rtfm,toothpaste,trace,0.3,voidmass_deficit_upper,0.00013329647481441498,164,ok
rtfm,toothpaste,trace,0.3,voidmass_movecount,0.00010050088167190552,164,ok
rtfm,toothpaste,trace,0.3,voidmass_movecount_bound,0.0001254994422197342,164,ok
rtfm,toothpaste,trace,0.3,voidmass_process_lower,0.00012139743193984032,164,ok
rtfm,toothpaste,trace,0.3,voidmass_process_upper,0.00010349694639444351,164,ok
rtfm,toothpaste,trace,0.3,voidsalign3,0.007863602135330095,164,ok
rtfm,toothpaste,trace,0.3,voidsat2,23.73473460087552,164,ok
rtfm,toothpaste,trace,0.3,weight_voidage,0.0018661017529665231,164,ok
rtfm,toothpaste,trace,0.4,aligned_duration_cache,47.99234189977869,1,ok
rtfm,toothpaste,trace,0.4,alignment_coverage_pn2_lower,0.0224045030772605,164,ok
rtfm,toothpaste,trace,0.4,alignment_coverage_pn2_upper,0.00627740053459971,164,ok
rtfm,toothpaste,trace,0.4,classical,14.620230899658054,1,ok
rtfm,toothpaste,trace,0.4,dv,11.8931756997481,1,ok
rtfm,toothpaste,trace,0.4,executions_cache,4.360033199191093e-05,1,ok
rtfm,toothpaste,trace,0.4,matchprob,0.00012550316751003265,164,ok
rtfm,toothpaste,trace,0.4,mean_leaf_skipprob,3.820005804300308e-05,1,ok
rtfm,toothpaste,trace,0.4,salign_coverage,0.0238930992782037,164,ok
rtfm,toothpaste,trace,0.4,skipprob,0.0001282007433474064,164,ok
rtfm,toothpaste,trace,0.4,traces,47.99223909992725,1,ok
rtfm,toothpaste,trace,0.4,voidmass_deficit_lower,0.00035170186311006546,164,ok
rtfm,toothpaste,trace,0.4,voidmass_deficit_upper,0.00013209600001573563,164,ok
rtfm,toothpaste,trace,0.4,voidmass_movecount,0.00011299876496195793,164,ok
rtfm,toothpaste,trace,0.4,voidmass_movecount_bound,0.00012440001592040062,164,ok
rtfm,toothpaste,trace,0.4,voidmass_process_lower,0.00011900300160050392,164,ok
rtfm,toothpaste,trace,0.4,voidmass_process_upper,0.00010309508070349693,164,ok
rtfm,toothpaste,trace,0.4,voidsalign3,0.007710800040512951,164,ok
rtfm,toothpaste,trace,0.4,voidsat2,20.32453720411285,164,ok
rtfm,toothpaste,trace,0.4,weight_voidage,0.0018513011746108532,164,ok
rtfm,toothpaste,trace,0.5,aligned_duration_cache,39.5975728998892,1,ok
rtfm,toothpaste,trace,0.5,alignment_coverage_pn2_lower,0.0219955989159567,164,ok
rtfm,toothpaste,trace,0.5,alignment_coverage_pn2_upper,0.0060065994039174035,164,ok
rtfm,toothpaste,trace,0.5,classical,12.112088799942285,1,ok
rtfm,toothpaste,trace,0.5,dv,21.023990099783987,1,ok
rtfm,toothpaste,trace,0.5,executions_cache,4.139961674809456e-05,1,ok
rtfm,toothpaste,trace,0.5,matchprob,0.00011440087109804153,164,ok
rtfm,toothpaste,trace,0.5,mean_leaf_skipprob,3.529991954565048e-05,1,ok
rtfm,toothpaste,trace,0.5,salign_coverage,0.0221080007031479,164,ok
rtfm,toothpaste,trace,0.5,skipprob,0.0001253006048500538,164,ok
rtfm,toothpaste,trace,0.5,traces,39.59746730001643,1,ok
rtfm,toothpaste,trace,0.5,voidmass_deficit_lower,0.00042640091851353645,164,ok
rtfm,toothpaste,trace,0.5,voidmass_deficit_upper,0.00012560095638036728,164,ok
rtfm,toothpaste,trace,0.5,voidmass_movecount,0.00010490184649825096,164,ok
rtfm,toothpaste,trace,0.5,voidmass_movecount_bound,0.0001048021949827671,164,ok
rtfm,toothpaste,trace,0.5,voidmass_process_lower,0.0001225993037223816,164,ok
rtfm,toothpaste,trace,0.5,voidmass_process_upper,0.00010699871927499771,164,ok
rtfm,toothpaste,trace,0.5,voidsalign3,0.007170900702476253,164,ok
rtfm,toothpaste,trace,0.5,voidsat2,17.225401302333914,164,ok
rtfm,toothpaste,trace,0.5,weight_voidage,0.0018858970142899955,164,ok
rtfm,toothpaste,trace,0.6,aligned_duration_cache,31.894841900095344,1,ok
rtfm,toothpaste,trace,0.6,alignment_coverage_pn2_lower,0.019143105018880124,164,ok
rtfm,toothpaste,trace,0.6,alignment_coverage_pn2_upper,0.005326299462467218,164,ok
rtfm,toothpaste,trace,0.6,classical,9.846770799718795,1,ok
rtfm,toothpaste,trace,0.6,dv,11.50472309999168,1,ok
rtfm,toothpaste,trace,0.6,executions_cache,4.559988155961037e-05,1,ok
rtfm,toothpaste,trace,0.6,matchprob,0.00010799849405884743,164,ok
rtfm,toothpaste,trace,0.6,mean_leaf_skipprob,3.780005499720573e-05,1,ok
rtfm,toothpaste,trace,0.6,salign_coverage,0.01948329666628854,164,ok
rtfm,toothpaste,trace,0.6,skipprob,0.00011740066111087799,164,ok
rtfm,toothpaste,trace,0.6,traces,31.89468039991334,1,ok
rtfm,toothpaste,trace,0.6,voidmass_deficit_lower,0.000436500646173954,164,ok
rtfm,toothpaste,trace,0.6,voidmass_deficit_upper,0.00011830125004053116,164,ok
rtfm,toothpaste,trace,0.6,voidmass_movecount,0.00010610511526465416,164,ok
rtfm,toothpaste,trace,0.6,voidmass_movecount_bound,9.430013597011566e-05,164,ok
rtfm,toothpaste,trace,0.6,voidmass_process_lower,0.00011979881674051285,164,ok
rtfm,toothpaste,trace,0.6,voidmass_process_upper,0.00010080216452479362,164,ok
rtfm,toothpaste,trace,0.6,voidsalign3,0.006226895377039703,164,ok
rtfm,toothpaste,trace,0.6,voidsat2,13.332275398075573,164,ok
rtfm,toothpaste,trace,0.6,weight_voidage,0.0017796056345105171,164,ok
rtfm,toothpaste,trace,0.7,aligned_duration_cache,23.56173929991201,1,ok
rtfm,toothpaste,trace,0.7,alignment_coverage_pn2_lower,0.017890700139102322,164,ok
rtfm,toothpaste,trace,0.7,alignment_coverage_pn2_upper,0.005056695546954705,164,ok
rtfm,toothpaste,trace,0.7,classical,7.164390799589455,1,ok
rtfm,toothpaste,trace,0.7,dv,12.152069400064647,1,ok
rtfm,toothpaste,trace,0.7,executions_cache,4.390021786093712e-05,1,ok
rtfm,toothpaste,trace,0.7,matchprob,0.00011300202459096909,164,ok
rtfm,toothpaste,trace,0.7,mean_leaf_skipprob,3.409991040825844e-05,1,ok
rtfm,toothpaste,trace,0.7,salign_coverage,0.018417397513982033,164,ok
rtfm,toothpaste,trace,0.7,skipprob,0.00011680135503411293,164,ok
rtfm,toothpaste,trace,0.7,traces,23.56163359992206,1,ok
rtfm,toothpaste,trace,0.7,voidmass_deficit_lower,0.0003700978122651577,164,ok
rtfm,toothpaste,trace,0.7,voidmass_deficit_upper,0.0001182015985250473,164,ok
rtfm,toothpaste,trace,0.7,voidmass_movecount,0.0001298976130783558,164,ok
rtfm,toothpaste,trace,0.7,voidmass_movecount_bound,9.639747440814972e-05,164,ok
rtfm,toothpaste,trace,0.7,voidmass_process_lower,0.00011540018022060394,164,ok
rtfm,toothpaste,trace,0.7,voidmass_process_upper,9.939819574356079e-05,164,ok
rtfm,toothpaste,trace,0.7,voidsalign3,0.0060524018481370985,164,ok
rtfm,toothpaste,trace,0.7,voidsat2,9.952671699225895,164,ok
rtfm,toothpaste,trace,0.7,weight_voidage,0.001766697969287634,164,ok
rtfm,toothpaste,trace,0.8,aligned_duration_cache,15.882030799984932,1,ok
rtfm,toothpaste,trace,0.8,alignment_coverage_pn2_lower,0.015829400159417497,164,ok
rtfm,toothpaste,trace,0.8,alignment_coverage_pn2_upper,0.004769502673297873,164,ok
rtfm,toothpaste,trace,0.8,classical,5.186046899762005,1,ok
rtfm,toothpaste,trace,0.8,dv,10.0257871998474,1,ok
rtfm,toothpaste,trace,0.8,executions_cache,4.900014027953148e-05,1,ok
rtfm,toothpaste,trace,0.8,matchprob,0.00010070623829960823,164,ok
rtfm,toothpaste,trace,0.8,mean_leaf_skipprob,3.310013562440872e-05,1,ok
rtfm,toothpaste,trace,0.8,salign_coverage,0.01626739418133979,164,ok
rtfm,toothpaste,trace,0.8,skipprob,0.00011510122567415237,164,ok
rtfm,toothpaste,trace,0.8,traces,15.88192529976368,1,ok
rtfm,toothpaste,trace,0.8,voidmass_deficit_lower,0.0003442023880779743,164,ok
rtfm,toothpaste,trace,0.8,voidmass_deficit_upper,0.00010910211130976677,164,ok
rtfm,toothpaste,trace,0.8,voidmass_movecount,0.00010539963841438293,164,ok
rtfm,toothpaste,trace,0.8,voidmass_movecount_bound,9.209942072629929e-05,164,ok
rtfm,toothpaste,trace,0.8,voidmass_process_lower,0.00010619731619954109,164,ok
rtfm,toothpaste,trace,0.8,voidmass_process_upper,9.809993207454681e-05,164,ok
rtfm,toothpaste,trace,0.8,voidsalign3,0.005623497534543151,164,ok
rtfm,toothpaste,trace,0.8,voidsat2,6.479902098421,164,ok
rtfm,toothpaste,trace,0.8,weight_voidage,0.0016542007215321064,164,ok
rtfm,toothpaste,trace,0.9,aligned_duration_cache,8.048633800353855,1,ok
rtfm,toothpaste,trace,0.9,alignment_coverage_pn2_lower,0.011826497968285488,164,ok
rtfm,toothpaste,trace,0.9,alignment_coverage_pn2_upper,0.004215599037706696,164,ok
rtfm,toothpaste,trace,0.9,classical,2.6064988002181053,1,ok
rtfm,toothpaste,trace,0.9,dv,9.462676799856126,1,ok
rtfm,toothpaste,trace,0.9,executions_cache,4.200031980872154e-05,1,ok
rtfm,toothpaste,trace,0.9,matchprob,8.440064266324043e-05,164,ok
rtfm,toothpaste,trace,0.9,mean_leaf_skipprob,3.660004585981369e-05,1,ok
rtfm,toothpaste,trace,0.9,salign_coverage,0.01299149915575919,164,ok
rtfm,toothpaste,trace,0.9,skipprob,9.579909965395927e-05,164,ok
rtfm,toothpaste,trace,0.9,traces,8.048528600018471,1,ok
rtfm,toothpaste,trace,0.9,voidmass_deficit_lower,0.00027869967743754387,164,ok
rtfm,toothpaste,trace,0.9,voidmass_deficit_upper,9.599374607205391e-05,164,ok
rtfm,toothpaste,trace,0.9,voidmass_movecount,8.419714868068695e-05,164,ok
rtfm,toothpaste,trace,0.9,voidmass_movecount_bound,8.819811046123505e-05,164,ok
rtfm,toothpaste,trace,0.9,voidmass_process_lower,9.580375626683235e-05,164,ok
rtfm,toothpaste,trace,0.9,voidmass_process_upper,8.43023881316185e-05,164,ok
rtfm,toothpaste,trace,0.9,voidsalign3,0.0049041970632968425,164,ok
rtfm,toothpaste,trace,0.9,voidsat2,2.84572290023788,164,ok
rtfm,toothpaste,trace,0.9,weight_voidage,0.001482497900724325,164,ok
rtfm,toothpaste,,0.0,aligned_duration_cache,80.17248079972342,1,ok
rtfm,toothpaste,,0.0,alignment_coverage_pn2_lower,0.026247900445006,164,ok
rtfm,toothpaste,,0.0,alignment_coverage_pn2_upper,0.0073225009255104305,164,ok
rtfm,toothpaste,,0.0,classical,24.138679699972272,1,ok
rtfm,toothpaste,,0.0,dv,14.64160959981382,1,ok
rtfm,toothpaste,,0.0,executions_cache,4.460010677576065e-05,1,ok
rtfm,toothpaste,,0.0,matchprob,0.0001125037670135498,164,ok
rtfm,toothpaste,,0.0,mean_leaf_skipprob,3.690039739012718e-05,1,ok
rtfm,toothpaste,,0.0,salign_coverage,0.0265372060239235,164,ok
rtfm,toothpaste,,0.0,skipprob,0.00013029994443058968,164,ok
rtfm,toothpaste,,0.0,traces,80.17234330018982,1,ok
rtfm,toothpaste,,0.0,voidmass_deficit_lower,0.000519800465553999,164,ok
rtfm,toothpaste,,0.0,voidmass_deficit_upper,0.00012810202315449715,164,ok
rtfm,toothpaste,,0.0,voidmass_movecount,0.00011040410026907921,164,ok
rtfm,toothpaste,,0.0,voidmass_movecount_bound,0.00010470068082213402,164,ok
rtfm,toothpaste,,0.0,voidmass_process_lower,0.00012520048767328262,164,ok
rtfm,toothpaste,,0.0,voidmass_process_upper,0.00011410284787416458,164,ok
rtfm,toothpaste,,0.0,voidsalign3,0.008578603621571727,164,ok
rtfm,toothpaste,,0.0,voidsat2,34.59710089908912,164,ok
rtfm,toothpaste,,0.0,weight_voidage,0.0018590008839964867,164,ok
rtfm,toothpaste_noise10,activity_frequency_gradual,0.1,aligned_duration_cache,80.47129069967195,1,ok
rtfm,toothpaste_noise10,activity_frequency_gradual,0.1,alignment_coverage_pn2_lower,0.00019029993563890457,7,ok
rtfm,toothpaste_noise10,activity_frequency_gradual,0.1,alignment_coverage_pn2_upper,6.490061059594154e-05,7,ok
rtfm,toothpaste_noise10,activity_frequency_gradual,0.1,classical,23.59246319998056,1,ok
rtfm,toothpaste_noise10,activity_frequency_gradual,0.1,dv,11.96244669985026,1,ok
rtfm,toothpaste_noise10,activity_frequency_gradual,0.1,executions_cache,5.400273948907852e-06,1,ok
rtfm,toothpaste_noise10,activity_frequency_gradual,0.1,matchprob,4.600267857313156e-06,7,ok
rtfm,toothpaste_noise10,activity_frequency_gradual,0.1,mean_leaf_skipprob,6.400048732757568e-06,1,ok
rtfm,toothpaste_noise10,activity_frequency_gradual,0.1,salign_coverage,0.0002658003941178322,7,ok
rtfm,toothpaste_noise10,activity_frequency_gradual,0.1,skipprob,5.899462848901749e-06,7,ok
rtfm,toothpaste_noise10,activity_frequency_gradual,0.1,traces,80.47126949997619,1,ok
rtfm,toothpaste_noise10,activity_frequency_gradual,0.1,voidmass_deficit_lower,1.5600118786096573e-05,7,ok
rtfm,toothpaste_noise10,activity_frequency_gradual,0.1,voidmass_deficit_upper,5.2996911108493805e-06,7,ok
rtfm,toothpaste_noise10,activity_frequency_gradual,0.1,voidmass_movecount,4.600733518600464e-06,7,ok
rtfm,toothpaste_noise10,activity_frequency_gradual,0.1,voidmass_movecount_bound,5.300622433423996e-06,7,ok
rtfm,toothpaste_noise10,activity_frequency_gradual,0.1,voidmass_process_lower,4.90015372633934e-06,7,ok
rtfm,toothpaste_noise10,activity_frequency_gradual,0.1,voidmass_process_upper,4.1997991502285e-06,7,ok
rtfm,toothpaste_noise10,activity_frequency_gradual,0.1,voidsalign3,0.00011499924585223198,7,ok
rtfm,toothpaste_noise10,activity_frequency_gradual,0.1,voidsat2,3.533124799374491,7,ok
rtfm,toothpaste_noise10,activity_frequency_gradual,0.1,weight_voidage,4.5800115913152695e-05,7,ok
rtfm,toothpaste_noise10,activity_frequency_gradual,0.2,aligned_duration_cache,81.11673940019682,1,ok
rtfm,toothpaste_noise10,activity_frequency_gradual,0.2,alignment_coverage_pn2_lower,0.00023340014740818007,7,ok
rtfm,toothpaste_noise10,activity_frequency_gradual,0.2,alignment_coverage_pn2_upper,7.51991756260395e-05,7,ok
rtfm,toothpaste_noise10,activity_frequency_gradual,0.2,classical,24.201242299750447,1,ok
rtfm,toothpaste_noise10,activity_frequency_gradual,0.2,dv,10.591162799857557,1,ok
rtfm,toothpaste_noise10,activity_frequency_gradual,0.2,executions_cache,4.800036549568176e-06,1,ok
rtfm,toothpaste_noise10,activity_frequency_gradual,0.2,matchprob,4.800502210855484e-06,7,ok
rtfm,toothpaste_noise10,activity_frequency_gradual,0.2,mean_leaf_skipprob,8.699949830770493e-06,1,ok
rtfm,toothpaste_noise10,activity_frequency_gradual,0.2,salign_coverage,0.0002687997184693766,7,ok
rtfm,toothpaste_noise10,activity_frequency_gradual,0.2,skipprob,4.999805241823196e-06,7,ok
rtfm,toothpaste_noise10,activity_frequency_gradual,0.2,traces,81.11671860003844,1,ok
rtfm,toothpaste_noise10,activity_frequency_gradual,0.2,voidmass_deficit_lower,1.750001683831215e-05,7,ok
rtfm,toothpaste_noise10,activity_frequency_gradual,0.2,voidmass_deficit_upper,5.700159817934036e-06,7,ok
rtfm,toothpaste_noise10,activity_frequency_gradual,0.2,voidmass_movecount,4.499219357967377e-06,7,ok
rtfm,toothpaste_noise10,activity_frequency_gradual,0.2,voidmass_movecount_bound,4.1997991502285e-06,7,ok
rtfm,toothpaste_noise10,activity_frequency_gradual,0.2,voidmass_process_lower,4.90015372633934e-06,7,ok
rtfm,toothpaste_noise10,activity_frequency_gradual,0.2,voidmass_process_upper,4.90015372633934e-06,7,ok
rtfm,toothpaste_noise10,activity_frequency_gradual,0.2,voidsalign3,0.00012650061398744583,7,ok
rtfm,toothpaste_noise10,activity_frequency_gradual,0.2,voidsat2,3.419082900043577,7,ok
rtfm,toothpaste_noise10,activity_frequency_gradual,0.2,weight_voidage,4.569999873638153e-05,7,ok
rtfm,toothpaste_noise10,activity_frequency_gradual,0.3,aligned_duration_cache,80.67288890015334,1,ok
rtfm,toothpaste_noise10,activity_frequency_gradual,0.3,alignment_coverage_pn2_lower,0.00020009977743029594,7,ok
rtfm,toothpaste_noise10,activity_frequency_gradual,0.3,alignment_coverage_pn2_upper,7.269997149705887e-05,7,ok
rtfm,toothpaste_noise10,activity_frequency_gradual,0.3,classical,23.437087799888104,1,ok
rtfm,toothpaste_noise10,activity_frequency_gradual,0.3,dv,10.792298600077627,1,ok
rtfm,toothpaste_noise10,activity_frequency_gradual,0.3,executions_cache,5.5995769798755646e-06,1,ok
rtfm,toothpaste_noise10,activity_frequency_gradual,0.3,matchprob,5.200039595365524e-06,7,ok
rtfm,toothpaste_noise10,activity_frequency_gradual,0.3,mean_leaf_skipprob,6.699934601783752e-06,1,ok
rtfm,toothpaste_noise10,activity_frequency_gradual,0.3,salign_coverage,0.0002658991143107414,7,ok
rtfm,toothpaste_noise10,activity_frequency_gradual,0.3,skipprob,5.7998113334178925e-06,7,ok
rtfm,toothpaste_noise10,activity_frequency_gradual,0.3,traces,80.67286820011213,1,ok
rtfm,toothpaste_noise10,activity_frequency_gradual,0.3,voidmass_deficit_lower,1.6199424862861633e-05,7,ok
rtfm,toothpaste_noise10,activity_frequency_gradual,0.3,voidmass_deficit_upper,6.200280040502548e-06,7,ok
rtfm,toothpaste_noise10,activity_frequency_gradual,0.3,voidmass_movecount,4.400033503770828e-06,7,ok
rtfm,toothpaste_noise10,activity_frequency_gradual,0.3,voidmass_movecount_bound,4.499219357967377e-06,7,ok
rtfm,toothpaste_noise10,activity_frequency_gradual,0.3,voidmass_process_lower,5.8002769947052e-06,7,ok
rtfm,toothpaste_noise10,activity_frequency_gradual,0.3,voidmass_process_upper,4.800502210855484e-06,7,ok
rtfm,toothpaste_noise10,activity_frequency_gradual,0.3,voidsalign3,0.00011539971455931664,7,ok
rtfm,toothpaste_noise10,activity_frequency_gradual,0.3,voidsat2,3.22115070046857,7,ok
rtfm,toothpaste_noise10,activity_frequency_gradual,0.3,weight_voidage,4.66005876660347e-05,7,ok
rtfm,toothpaste_noise10,activity_frequency_gradual,0.4,aligned_duration_cache,79.67796749994159,1,ok
rtfm,toothpaste_noise10,activity_frequency_gradual,0.4,alignment_coverage_pn2_lower,0.0001471000723540783,7,ok
rtfm,toothpaste_noise10,activity_frequency_gradual,0.4,alignment_coverage_pn2_upper,4.910025745630264e-05,7,ok
rtfm,toothpaste_noise10,activity_frequency_gradual,0.4,classical,23.861658100038767,1,ok
rtfm,toothpaste_noise10,activity_frequency_gradual,0.4,dv,9.644829500000924,1,ok
rtfm,toothpaste_noise10,activity_frequency_gradual,0.4,executions_cache,5.200039595365524e-06,1,ok
rtfm,toothpaste_noise10,activity_frequency_gradual,0.4,matchprob,5.000736564397812e-06,7,ok
rtfm,toothpaste_noise10,activity_frequency_gradual,0.4,mean_leaf_skipprob,7.000286132097244e-06,1,ok
rtfm,toothpaste_noise10,activity_frequency_gradual,0.4,salign_coverage,0.00020230049267411232,7,ok
rtfm,toothpaste_noise10,activity_frequency_gradual,0.4,skipprob,4.900619387626648e-06,7,ok
rtfm,toothpaste_noise10,activity_frequency_gradual,0.4,traces,79.67794770002365,1,ok
rtfm,toothpaste_noise10,activity_frequency_gradual,0.4,voidmass_deficit_lower,1.6500242054462433e-05,7,ok
rtfm,toothpaste_noise10,activity_frequency_gradual,0.4,voidmass_deficit_upper,5.300622433423996e-06,7,ok
rtfm,toothpaste_noise10,activity_frequency_gradual,0.4,voidmass_movecount,4.600267857313156e-06,7,ok
rtfm,toothpaste_noise10,activity_frequency_gradual,0.4,voidmass_movecount_bound,4.599336534738541e-06,7,ok
rtfm,toothpaste_noise10,activity_frequency_gradual,0.4,voidmass_process_lower,5.400273948907852e-06,7,ok
rtfm,toothpaste_noise10,activity_frequency_gradual,0.4,voidmass_process_upper,4.498753696680069e-06,7,ok
rtfm,toothpaste_noise10,activity_frequency_gradual,0.4,voidsalign3,9.340047836303711e-05,7,ok
rtfm,toothpaste_noise10,activity_frequency_gradual,0.4,voidsat2,2.6983414003625508,7,ok
rtfm,toothpaste_noise10,activity_frequency_gradual,0.4,weight_voidage,4.580058157444e-05,7,ok
rtfm,toothpaste_noise10,activity_frequency_gradual,0.5,aligned_duration_cache,78.9598995000124,1,ok
rtfm,toothpaste_noise10,activity_frequency_gradual,0.5,alignment_coverage_pn2_lower,0.00014579994603991508,7,ok
rtfm,toothpaste_noise10,activity_frequency_gradual,0.5,alignment_coverage_pn2_upper,4.680035635828972e-05,7,ok
rtfm,toothpaste_noise10,activity_frequency_gradual,0.5,classical,24.268243399914358,1,ok
rtfm,toothpaste_noise10,activity_frequency_gradual,0.5,dv,8.648613300174475,1,ok
rtfm,toothpaste_noise10,activity_frequency_gradual,0.5,executions_cache,5.300156772136688e-06,1,ok
rtfm,toothpaste_noise10,activity_frequency_gradual,0.5,matchprob,4.999339580535889e-06,7,ok
rtfm,toothpaste_noise10,activity_frequency_gradual,0.5,mean_leaf_skipprob,7.700175046920776e-06,1,ok
rtfm,toothpaste_noise10,activity_frequency_gradual,0.5,salign_coverage,0.00020639970898628235,7,ok
rtfm,toothpaste_noise10,activity_frequency_gradual,0.5,skipprob,5.600042641162872e-06,7,ok
rtfm,toothpaste_noise10,activity_frequency_gradual,0.5,traces,78.95987830031663,1,ok
rtfm,toothpaste_noise10,activity_frequency_gradual,0.5,voidmass_deficit_lower,1.4299992471933365e-05,7,ok
rtfm,toothpaste_noise10,activity_frequency_gradual,0.5,voidmass_deficit_upper,5.000270903110504e-06,7,ok
rtfm,toothpaste_noise10,activity_frequency_gradual,0.5,voidmass_movecount,4.299916326999664e-06,7,ok
rtfm,toothpaste_noise10,activity_frequency_gradual,0.5,voidmass_movecount_bound,4.30084764957428e-06,7,ok
rtfm,toothpaste_noise10,activity_frequency_gradual,0.5,voidmass_process_lower,5.200039595365524e-06,7,ok
rtfm,toothpaste_noise10,activity_frequency_gradual,0.5,voidmass_process_upper,3.5995617508888245e-06,7,ok
rtfm,toothpaste_noise10,activity_frequency_gradual,0.5,voidsalign3,9.610038250684738e-05,7,ok
rtfm,toothpaste_noise10,activity_frequency_gradual,0.5,voidsat2,1.9709652001038191,7,ok
rtfm,toothpaste_noise10,activity_frequency_gradual,0.5,weight_voidage,4.329998046159744e-05,7,ok
rtfm,toothpaste_noise10,activity_frequency_gradual,0.6,aligned_duration_cache,77.10267199994996,1,ok
rtfm,toothpaste_noise10,activity_frequency_gradual,0.6,alignment_coverage_pn2_lower,0.00016409996896982193,7,ok
rtfm,toothpaste_noise10,activity_frequency_gradual,0.6,alignment_coverage_pn2_upper,5.8101024478673935e-05,7,ok
rtfm,toothpaste_noise10,activity_frequency_gradual,0.6,classical,23.19493080023676,1,ok
rtfm,toothpaste_noise10,activity_frequency_gradual,0.6,dv,8.399615599773824,1,ok
rtfm,toothpaste_noise10,activity_frequency_gradual,0.6,executions_cache,4.90015372633934e-06,1,ok
rtfm,toothpaste_noise10,activity_frequency_gradual,0.6,matchprob,4.70038503408432e-06,7,ok
rtfm,toothpaste_noise10,activity_frequency_gradual,0.6,mean_leaf_skipprob,8.00006091594696e-06,1,ok
rtfm,toothpaste_noise10,activity_frequency_gradual,0.6,salign_coverage,0.00022500054910779,7,ok
rtfm,toothpaste_noise10,activity_frequency_gradual,0.6,skipprob,5.499459803104401e-06,7,ok
rtfm,toothpaste_noise10,activity_frequency_gradual,0.6,traces,77.10264479974285,1,ok
rtfm,toothpaste_noise10,activity_frequency_gradual,0.6,voidmass_deficit_lower,1.630093902349472e-05,7,ok
rtfm,toothpaste_noise10,activity_frequency_gradual,0.6,voidmass_deficit_upper,6.00004568696022e-06,7,ok
rtfm,toothpaste_noise10,activity_frequency_gradual,0.6,voidmass_movecount,4.90015372633934e-06,7,ok
rtfm,toothpaste_noise10,activity_frequency_gradual,0.6,voidmass_movecount_bound,4.2994506657123566e-06,7,ok
rtfm,toothpaste_noise10,activity_frequency_gradual,0.6,voidmass_process_lower,5.399342626333237e-06,7,ok
rtfm,toothpaste_noise10,activity_frequency_gradual,0.6,voidmass_process_upper,4.499219357967377e-06,7,ok
rtfm,toothpaste_noise10,activity_frequency_gradual,0.6,voidsalign3,9.959936141967773e-05,7,ok
rtfm,toothpaste_noise10,activity_frequency_gradual,0.6,voidsat2,1.3818206996656952,7,ok
rtfm,toothpaste_noise10,activity_frequency_gradual,0.6,weight_voidage,4.599941894412041e-05,7,ok
rtfm,toothpaste_noise10,activity_frequency_gradual,0.7,aligned_duration_cache,60.26207590010017,1,ok
rtfm,toothpaste_noise10,activity_frequency_gradual,0.7,alignment_coverage_pn2_lower,6.879959255456924e-05,7,ok
rtfm,toothpaste_noise10,activity_frequency_gradual,0.7,alignment_coverage_pn2_upper,2.41999514400959e-05,7,ok
rtfm,toothpaste_noise10,activity_frequency_gradual,0.7,classical,18.26788289984688,1,ok
rtfm,toothpaste_noise10,activity_frequency_gradual,0.7,dv,7.386873600073159,1,ok
rtfm,toothpaste_noise10,activity_frequency_gradual,0.7,executions_cache,5.399808287620544e-06,1,ok
rtfm,toothpaste_noise10,activity_frequency_gradual,0.7,matchprob,5.400273948907852e-06,7,ok
rtfm,toothpaste_noise10,activity_frequency_gradual,0.7,mean_leaf_skipprob,7.700175046920776e-06,1,ok
rtfm,toothpaste_noise10,activity_frequency_gradual,0.7,salign_coverage,0.00012409919872879982,7,ok
rtfm,toothpaste_noise10,activity_frequency_gradual,0.7,skipprob,5.700159817934036e-06,7,ok
rtfm,toothpaste_noise10,activity_frequency_gradual,0.7,traces,60.26205610018224,1,ok
rtfm,toothpaste_noise10,activity_frequency_gradual,0.7,voidmass_deficit_lower,1.600012183189392e-05,7,ok
rtfm,toothpaste_noise10,activity_frequency_gradual,0.7,voidmass_deficit_upper,4.7995708882808685e-06,7,ok
rtfm,toothpaste_noise10,activity_frequency_gradual,0.7,voidmass_movecount,4.400499165058136e-06,7,ok
rtfm,toothpaste_noise10,activity_frequency_gradual,0.7,voidmass_movecount_bound,4.700850695371628e-06,7,ok
rtfm,toothpaste_noise10,activity_frequency_gradual,0.7,voidmass_process_lower,4.800502210855484e-06,7,ok
rtfm,toothpaste_noise10,activity_frequency_gradual,0.7,voidmass_process_upper,3.400258719921112e-06,7,ok
rtfm,toothpaste_noise10,activity_frequency_gradual,0.7,voidsalign3,5.1299575716257095e-05,7,ok
rtfm,toothpaste_noise10,activity_frequency_gradual,0.7,voidsat2,0.9740568008273837,7,ok
rtfm,toothpaste_noise10,activity_frequency_gradual,0.7,weight_voidage,4.559988155961037e-05,7,ok
rtfm,toothpaste_noise10,activity_frequency_gradual,0.8,aligned_duration_cache,40.06845750007778,1,ok
rtfm,toothpaste_noise10,activity_frequency_gradual,0.8,alignment_coverage_pn2_lower,7.959920912981033e-05,7,ok
rtfm,toothpaste_noise10,activity_frequency_gradual,0.8,alignment_coverage_pn2_upper,2.5900080800056458e-05,7,ok
rtfm,toothpaste_noise10,activity_frequency_gradual,0.8,classical,11.931098200380802,1,ok
rtfm,toothpaste_noise10,activity_frequency_gradual,0.8,dv,7.068857800215483,1,ok
rtfm,toothpaste_noise10,activity_frequency_gradual,0.8,executions_cache,5.200039595365524e-06,1,ok
rtfm,toothpaste_noise10,activity_frequency_gradual,0.8,matchprob,5.20097091794014e-06,7,ok
rtfm,toothpaste_noise10,activity_frequency_gradual,0.8,mean_leaf_skipprob,7.80029222369194e-06,1,ok
rtfm,toothpaste_noise10,activity_frequency_gradual,0.8,salign_coverage,0.00012359954416751862,7,ok
rtfm,toothpaste_noise10,activity_frequency_gradual,0.8,skipprob,5.2996911108493805e-06,7,ok
rtfm,toothpaste_noise10,activity_frequency_gradual,0.8,traces,40.06843499979004,1,ok
rtfm,toothpaste_noise10,activity_frequency_gradual,0.8,voidmass_deficit_lower,1.7900019884109497e-05,7,ok
rtfm,toothpaste_noise10,activity_frequency_gradual,0.8,voidmass_deficit_upper,5.700159817934036e-06,7,ok
rtfm,toothpaste_noise10,activity_frequency_gradual,0.8,voidmass_movecount,4.499219357967377e-06,7,ok
rtfm,toothpaste_noise10,activity_frequency_gradual,0.8,voidmass_movecount_bound,4.70038503408432e-06,7,ok
rtfm,toothpaste_noise10,activity_frequency_gradual,0.8,voidmass_process_lower,4.601199179887772e-06,7,ok
rtfm,toothpaste_noise10,activity_frequency_gradual,0.8,voidmass_process_upper,3.600027412176132e-06,7,ok
rtfm,toothpaste_noise10,activity_frequency_gradual,0.8,voidsalign3,5.429936572909355e-05,7,ok
rtfm,toothpaste_noise10,activity_frequency_gradual,0.8,voidsat2,0.6585923996753988,7,ok
rtfm,toothpaste_noise10,activity_frequency_gradual,0.8,weight_voidage,4.999944940209389e-05,7,ok
rtfm,toothpaste_noise10,activity_frequency_gradual,0.9,aligned_duration_cache,20.2081469995901,1,ok
rtfm,toothpaste_noise10,activity_frequency_gradual,0.9,alignment_coverage_pn2_lower,6.949948146939278e-05,7,ok
rtfm,toothpaste_noise10,activity_frequency_gradual,0.9,alignment_coverage_pn2_upper,2.6300083845853806e-05,7,ok
rtfm,toothpaste_noise10,activity_frequency_gradual,0.9,classical,6.184362300205976,1,ok
rtfm,toothpaste_noise10,activity_frequency_gradual,0.9,dv,6.509306800086051,1,ok
rtfm,toothpaste_noise10,activity_frequency_gradual,0.9,executions_cache,5.600042641162872e-06,1,ok
rtfm,toothpaste_noise10,activity_frequency_gradual,0.9,matchprob,5.899928510189056e-06,7,ok
rtfm,toothpaste_noise10,activity_frequency_gradual,0.9,mean_leaf_skipprob,6.5998174250125885e-06,1,ok
rtfm,toothpaste_noise10,activity_frequency_gradual,0.9,salign_coverage,0.00011279992759227753,7,ok
rtfm,toothpaste_noise10,activity_frequency_gradual,0.9,skipprob,5.3998082876205444e-06,7,ok
rtfm,toothpaste_noise10,activity_frequency_gradual,0.9,traces,20.20812779990956,1,ok
rtfm,toothpaste_noise10,activity_frequency_gradual,0.9,voidmass_deficit_lower,1.639965921640396e-05,7,ok
rtfm,toothpaste_noise10,activity_frequency_gradual,0.9,voidmass_deficit_upper,5.099456757307053e-06,7,ok
rtfm,toothpaste_noise10,activity_frequency_gradual,0.9,voidmass_movecount,4.4996850192546844e-06,7,ok
rtfm,toothpaste_noise10,activity_frequency_gradual,0.9,voidmass_movecount_bound,4.2994506657123566e-06,7,ok
rtfm,toothpaste_noise10,activity_frequency_gradual,0.9,voidmass_process_lower,5.1995739340782166e-06,7,ok
rtfm,toothpaste_noise10,activity_frequency_gradual,0.9,voidmass_process_upper,3.3997930586338043e-06,7,ok
rtfm,toothpaste_noise10,activity_frequency_gradual,0.9,voidsalign3,5.340017378330231e-05,7,ok
rtfm,toothpaste_noise10,activity_frequency_gradual,0.9,voidsat2,0.3454360999166962,7,ok
rtfm,toothpaste_noise10,activity_frequency_gradual,0.9,weight_voidage,4.91999089717865e-05,7,ok
rtfm,toothpaste_noise10,activity_gradual,0.1,aligned_duration_cache,79.55097409989685,1,ok
rtfm,toothpaste_noise10,activity_gradual,0.1,alignment_coverage_pn2_lower,0.0016155005432662,7,ok
rtfm,toothpaste_noise10,activity_gradual,0.1,alignment_coverage_pn2_upper,0.0007031001150606376,7,ok
rtfm,toothpaste_noise10,activity_gradual,0.1,classical,23.44178340025246,1,ok
rtfm,toothpaste_noise10,activity_gradual,0.1,dv,12.365225600078702,1,ok
rtfm,toothpaste_noise10,activity_gradual,0.1,executions_cache,5.200039595365524e-06,1,ok
rtfm,toothpaste_noise10,activity_gradual,0.1,matchprob,4.7995708882808685e-06,7,ok
rtfm,toothpaste_noise10,activity_gradual,0.1,mean_leaf_skipprob,6.100162863731384e-06,1,ok
rtfm,toothpaste_noise10,activity_gradual,0.1,salign_coverage,0.0016422006301578052,7,ok
rtfm,toothpaste_noise10,activity_gradual,0.1,skipprob,5.000270903110504e-06,7,ok
rtfm,toothpaste_noise10,activity_gradual,0.1,traces,79.55095160007477,1,ok
rtfm,toothpaste_noise10,activity_gradual,0.1,voidmass_deficit_lower,1.2999866157770157e-05,7,ok
rtfm,toothpaste_noise10,activity_gradual,0.1,voidmass_deficit_upper,5.099456757307053e-06,7,ok
rtfm,toothpaste_noise10,activity_gradual,0.1,voidmass_movecount,4.8996880650520325e-06,7,ok
rtfm,toothpaste_noise10,activity_gradual,0.1,voidmass_movecount_bound,4.5006163418293e-06,7,ok
rtfm,toothpaste_noise10,activity_gradual,0.1,voidmass_process_lower,5.400273948907852e-06,7,ok
rtfm,toothpaste_noise10,activity_gradual,0.1,voidmass_process_upper,4.400033503770828e-06,7,ok
rtfm,toothpaste_noise10,activity_gradual,0.1,voidsalign3,0.0008070012554523317,7,ok
rtfm,toothpaste_noise10,activity_gradual,0.1,voidsat2,3.6272582006640732,7,ok
rtfm,toothpaste_noise10,activity_gradual,0.1,weight_voidage,4.529999569058418e-05,7,ok
rtfm,toothpaste_noise10,activity_gradual,0.2,aligned_duration_cache,78.32644949993119,1,ok
rtfm,toothpaste_noise10,activity_gradual,0.2,alignment_coverage_pn2_lower,0.0018516993150112001,7,ok
rtfm,toothpaste_noise10,activity_gradual,0.2,alignment_coverage_pn2_upper,0.0007639001123605829,7,ok
rtfm,toothpaste_noise10,activity_gradual,0.2,classical,23.302553300280124,1,ok
rtfm,toothpaste_noise10,activity_gradual,0.2,dv,13.413700700271876,1,ok
rtfm,toothpaste_noise10,activity_gradual,0.2,executions_cache,5.399808287620544e-06,1,ok
rtfm,toothpaste_noise10,activity_gradual,0.2,matchprob,4.599802196025848e-06,7,ok
rtfm,toothpaste_noise10,activity_gradual,0.2,mean_leaf_skipprob,6.90016895532608e-06,1,ok
rtfm,toothpaste_noise10,activity_gradual,0.2,salign_coverage,0.0018782997503874,7,ok
rtfm,toothpaste_noise10,activity_gradual,0.2,skipprob,4.70038503408432e-06,7,ok
rtfm,toothpaste_noise10,activity_gradual,0.2,traces,78.32642750022933,1,ok
rtfm,toothpaste_noise10,activity_gradual,0.2,voidmass_deficit_lower,1.2600328773260117e-05,7,ok
rtfm,toothpaste_noise10,activity_gradual,0.2,voidmass_deficit_upper,6.00004568696022e-06,7,ok
rtfm,toothpaste_noise10,activity_gradual,0.2,voidmass_movecount,4.298985004425049e-06,7,ok
rtfm,toothpaste_noise10,activity_gradual,0.2,voidmass_movecount_bound,3.899913281202316e-06,7,ok
rtfm,toothpaste_noise10,activity_gradual,0.2,voidmass_process_lower,5.700159817934036e-06,7,ok
rtfm,toothpaste_noise10,activity_gradual,0.2,voidmass_process_upper,4.699919372797012e-06,7,ok
rtfm,toothpaste_noise10,activity_gradual,0.2,voidsalign3,0.000863799825310406,7,ok
rtfm,toothpaste_noise10,activity_gradual,0.2,voidsat2,3.777048399671912,7,ok
rtfm,toothpaste_noise10,activity_gradual,0.2,weight_voidage,4.5000109821558e-05,7,ok
rtfm,toothpaste_noise10,activity_gradual,0.3,aligned_duration_cache,80.33731980016455,1,ok
rtfm,toothpaste_noise10,activity_gradual,0.3,alignment_coverage_pn2_lower,0.0012300997041162945,7,ok
rtfm,toothpaste_noise10,activity_gradual,0.3,alignment_coverage_pn2_upper,0.00046720029786224607,7,ok
rtfm,toothpaste_noise10,activity_gradual,0.3,classical,23.570696100126952,1,ok
rtfm,toothpaste_noise10,activity_gradual,0.3,dv,12.114298600237817,1,ok
rtfm,toothpaste_noise10,activity_gradual,0.3,executions_cache,5.200039595365524e-06,1,ok
rtfm,toothpaste_noise10,activity_gradual,0.3,matchprob,4.699453711509705e-06,7,ok
rtfm,toothpaste_noise10,activity_gradual,0.3,mean_leaf_skipprob,6.400048732757568e-06,1,ok
rtfm,toothpaste_noise10,activity_gradual,0.3,salign_coverage,0.0012639998458322172,7,ok
rtfm,toothpaste_noise10,activity_gradual,0.3,skipprob,5.2996911108493805e-06,7,ok
rtfm,toothpaste_noise10,activity_gradual,0.3,traces,80.33729910012335,1,ok
rtfm,toothpaste_noise10,activity_gradual,0.3,voidmass_deficit_lower,1.4400575309991837e-05,7,ok
rtfm,toothpaste_noise10,activity_gradual,0.3,voidmass_deficit_upper,5.8002769947052e-06,7,ok
rtfm,toothpaste_noise10,activity_gradual,0.3,voidmass_movecount,4.70038503408432e-06,7,ok
rtfm,toothpaste_noise10,activity_gradual,0.3,voidmass_movecount_bound,4.599802196025848e-06,7,ok
rtfm,toothpaste_noise10,activity_gradual,0.3,voidmass_process_lower,5.60050830245018e-06,7,ok
rtfm,toothpaste_noise10,activity_gradual,0.3,voidmass_process_upper,4.300381988286972e-06,7,ok
rtfm,toothpaste_noise10,activity_gradual,0.3,voidsalign3,0.000533300451934257,7,ok
rtfm,toothpaste_noise10,activity_gradual,0.3,voidsat2,3.7933672997169197,7,ok
rtfm,toothpaste_noise10,activity_gradual,0.3,weight_voidage,4.570046439766884e-05,7,ok
rtfm,toothpaste_noise10,activity_gradual,0.4,aligned_duration_cache,79.23901370028034,1,ok
rtfm,toothpaste_noise10,activity_gradual,0.4,alignment_coverage_pn2_lower,0.001057000830769304,7,ok
rtfm,toothpaste_noise10,activity_gradual,0.4,alignment_coverage_pn2_upper,0.0004151002503930863,7,ok
rtfm,toothpaste_noise10,activity_gradual,0.4,classical,22.840874699875712,1,ok
rtfm,toothpaste_noise10,activity_gradual,0.4,dv,10.98308590007946,1,ok
rtfm,toothpaste_noise10,activity_gradual,0.4,executions_cache,5.899928510189056e-06,1,ok
rtfm,toothpaste_noise10,activity_gradual,0.4,matchprob,5.09992241859436e-06,7,ok
rtfm,toothpaste_noise10,activity_gradual,0.4,mean_leaf_skipprob,7.399823516607283e-06,1,ok
rtfm,toothpaste_noise10,activity_gradual,0.4,salign_coverage,0.0010788999497887326,7,ok
rtfm,toothpaste_noise10,activity_gradual,0.4,skipprob,5.300156772136688e-06,7,ok
rtfm,toothpaste_noise10,activity_gradual,0.4,traces,79.23899020021781,1,ok
rtfm,toothpaste_noise10,activity_gradual,0.4,voidmass_deficit_lower,1.400010660290718e-05,7,ok
rtfm,toothpaste_noise10,activity_gradual,0.4,voidmass_deficit_upper,5.3998082876205444e-06,7,ok
rtfm,toothpaste_noise10,activity_gradual,0.4,voidmass_movecount,5.1995739340782166e-06,7,ok
rtfm,toothpaste_noise10,activity_gradual,0.4,voidmass_movecount_bound,4.0996819734573364e-06,7,ok
rtfm,toothpaste_noise10,activity_gradual,0.4,voidmass_process_lower,5.300156772136688e-06,7,ok
rtfm,toothpaste_noise10,activity_gradual,0.4,voidmass_process_upper,3.9995647966861725e-06,7,ok
rtfm,toothpaste_noise10,activity_gradual,0.4,voidsalign3,0.00046459957957263235,7,ok
rtfm,toothpaste_noise10,activity_gradual,0.4,voidsat2,3.7285341997630894,7,ok
rtfm,toothpaste_noise10,activity_gradual,0.4,weight_voidage,4.850002005696297e-05,7,ok
rtfm,toothpaste_noise10,activity_gradual,0.5,aligned_duration_cache,78.89034290006384,1,ok
rtfm,toothpaste_noise10,activity_gradual,0.5,alignment_coverage_pn2_lower,0.0006859009154140915,7,ok
rtfm,toothpaste_noise10,activity_gradual,0.5,alignment_coverage_pn2_upper,0.00025720056146383286,7,ok
rtfm,toothpaste_noise10,activity_gradual,0.5,classical,22.94321999978274,1,ok
rtfm,toothpaste_noise10,activity_gradual,0.5,dv,10.84612279990688,1,ok
rtfm,toothpaste_noise10,activity_gradual,0.5,executions_cache,6.00004568696022e-06,1,ok
rtfm,toothpaste_noise10,activity_gradual,0.5,matchprob,4.70038503408432e-06,7,ok
rtfm,toothpaste_noise10,activity_gradual,0.5,mean_leaf_skipprob,7.899943739175797e-06,1,ok
rtfm,toothpaste_noise10,activity_gradual,0.5,salign_coverage,0.0008159996941684483,7,ok
rtfm,toothpaste_noise10,activity_gradual,0.5,skipprob,5.100388079881668e-06,7,ok
rtfm,toothpaste_noise10,activity_gradual,0.5,traces,78.8903195001185,1,ok
rtfm,toothpaste_noise10,activity_gradual,0.5,voidmass_deficit_lower,1.309998333454132e-05,7,ok
rtfm,toothpaste_noise10,activity_gradual,0.5,voidmass_deficit_upper,5.3998082876205444e-06,7,ok
rtfm,toothpaste_noise10,activity_gradual,0.5,voidmass_movecount,5.09992241859436e-06,7,ok
rtfm,toothpaste_noise10,activity_gradual,0.5,voidmass_movecount_bound,4.799105226993561e-06,7,ok
rtfm,toothpaste_noise10,activity_gradual,0.5,voidmass_process_lower,5.2996911108493805e-06,7,ok
rtfm,toothpaste_noise10,activity_gradual,0.5,voidmass_process_upper,5.099456757307053e-06,7,ok
rtfm,toothpaste_noise10,activity_gradual,0.5,voidsalign3,0.00032330024987459183,7,ok
rtfm,toothpaste_noise10,activity_gradual,0.5,voidsat2,3.7416211990639567,7,ok
rtfm,toothpaste_noise10,activity_gradual,0.5,weight_voidage,4.5999884605407715e-05,7,ok
rtfm,toothpaste_noise10,activity_gradual,0.6,aligned_duration_cache,75.97944000037387,1,ok
rtfm,toothpaste_noise10,activity_gradual,0.6,alignment_coverage_pn2_lower,0.0004680003039538433,7,ok
rtfm,toothpaste_noise10,activity_gradual,0.6,alignment_coverage_pn2_upper,0.00017189979553222656,7,ok
rtfm,toothpaste_noise10,activity_gradual,0.6,classical,22.58379050018266,1,ok
rtfm,toothpaste_noise10,activity_gradual,0.6,dv,9.828174400143324,1,ok
rtfm,toothpaste_noise10,activity_gradual,0.6,executions_cache,4.999805241823196e-06,1,ok
rtfm,toothpaste_noise10,activity_gradual,0.6,matchprob,5.3998082876205444e-06,7,ok
rtfm,toothpaste_noise10,activity_gradual,0.6,mean_leaf_skipprob,6.400048732757568e-06,1,ok
rtfm,toothpaste_noise10,activity_gradual,0.6,salign_coverage,0.000541900284588324,7,ok
rtfm,toothpaste_noise10,activity_gradual,0.6,skipprob,5.899462848901749e-06,7,ok
rtfm,toothpaste_noise10,activity_gradual,0.6,traces,75.97941899998114,1,ok
rtfm,toothpaste_noise10,activity_gradual,0.6,voidmass_deficit_lower,1.4200340956449509e-05,7,ok
rtfm,toothpaste_noise10,activity_gradual,0.6,voidmass_deficit_upper,5.999114364385605e-06,7,ok
rtfm,toothpaste_noise10,activity_gradual,0.6,voidmass_movecount,4.999339580535889e-06,7,ok
rtfm,toothpaste_noise10,activity_gradual,0.6,voidmass_movecount_bound,5.700159817934036e-06,7,ok
rtfm,toothpaste_noise10,activity_gradual,0.6,voidmass_process_lower,5.6996941566467285e-06,7,ok
rtfm,toothpaste_noise10,activity_gradual,0.6,voidmass_process_upper,4.699919372797012e-06,7,ok
rtfm,toothpaste_noise10,activity_gradual,0.6,voidsalign3,0.00022740010172128677,7,ok
rtfm,toothpaste_noise10,activity_gradual,0.6,voidsat2,3.3385166991502047,7,ok
rtfm,toothpaste_noise10,activity_gradual,0.6,weight_voidage,5.210051313042641e-05,7,ok
rtfm,toothpaste_noise10,activity_gradual,0.7,aligned_duration_cache,62.007141900248826,1,ok
rtfm,toothpaste_noise10,activity_gradual,0.7,alignment_coverage_pn2_lower,0.00043200002983211636,7,ok
rtfm,toothpaste_noise10,activity_gradual,0.7,alignment_coverage_pn2_upper,0.00015399930998682976,7,ok
rtfm,toothpaste_noise10,activity_gradual,0.7,classical,18.09800610039383,1,ok
rtfm,toothpaste_noise10,activity_gradual,0.7,dv,9.063215100206437,1,ok
rtfm,toothpaste_noise10,activity_gradual,0.7,executions_cache,5.200039595365524e-06,1,ok
rtfm,toothpaste_noise10,activity_gradual,0.7,matchprob,5.100853741168976e-06,7,ok
rtfm,toothpaste_noise10,activity_gradual,0.7,mean_leaf_skipprob,6.4997002482414246e-06,1,ok
rtfm,toothpaste_noise10,activity_gradual,0.7,salign_coverage,0.0004906011745333115,7,ok
rtfm,toothpaste_noise10,activity_gradual,0.7,skipprob,5.399342626333237e-06,7,ok
rtfm,toothpaste_noise10,activity_gradual,0.7,traces,62.00712139997631,1,ok
rtfm,toothpaste_noise10,activity_gradual,0.7,voidmass_deficit_lower,1.5299301594495773e-05,7,ok
rtfm,toothpaste_noise10,activity_gradual,0.7,voidmass_deficit_upper,5.700159817934036e-06,7,ok
rtfm,toothpaste_noise10,activity_gradual,0.7,voidmass_movecount,6.00004568696022e-06,7,ok
rtfm,toothpaste_noise10,activity_gradual,0.7,voidmass_movecount_bound,4.7995708882808685e-06,7,ok
rtfm,toothpaste_noise10,activity_gradual,0.7,voidmass_process_lower,5.500391125679016e-06,7,ok
rtfm,toothpaste_noise10,activity_gradual,0.7,voidmass_process_upper,4.70038503408432e-06,7,ok
rtfm,toothpaste_noise10,activity_gradual,0.7,voidsalign3,0.0002060001716017723,7,ok
rtfm,toothpaste_noise10,activity_gradual,0.7,voidsat2,1.7994449995458124,7,ok
rtfm,toothpaste_noise10,activity_gradual,0.7,weight_voidage,4.8500485718250275e-05,7,ok
rtfm,toothpaste_noise10,activity_gradual,0.8,aligned_duration_cache,24.6277566999197,1,ok
rtfm,toothpaste_noise10,activity_gradual,0.8,alignment_coverage_pn2_lower,0.00025980034843081466,7,ok
rtfm,toothpaste_noise10,activity_gradual,0.8,alignment_coverage_pn2_upper,8.050026372075081e-05,7,ok
rtfm,toothpaste_noise10,activity_gradual,0.8,classical,7.255887500010431,1,ok
rtfm,toothpaste_noise10,activity_gradual,0.8,dv,7.066736800130457,1,ok
rtfm,toothpaste_noise10,activity_gradual,0.8,executions_cache,5.200039595365524e-06,1,ok
rtfm,toothpaste_noise10,activity_gradual,0.8,matchprob,5.3998082876205444e-06,7,ok
rtfm,toothpaste_noise10,activity_gradual,0.8,mean_leaf_skipprob,6.800051778554916e-06,1,ok
rtfm,toothpaste_noise10,activity_gradual,0.8,salign_coverage,0.00033459998667236435,7,ok
rtfm,toothpaste_noise10,activity_gradual,0.8,skipprob,6.799586117267609e-06,7,ok
rtfm,toothpaste_noise10,activity_gradual,0.8,traces,24.62773639988154,1,ok
rtfm,toothpaste_noise10,activity_gradual,0.8,voidmass_deficit_lower,1.749955117702484e-05,7,ok
rtfm,toothpaste_noise10,activity_gradual,0.8,voidmass_deficit_upper,6.100628525018692e-06,7,ok
rtfm,toothpaste_noise10,activity_gradual,0.8,voidmass_movecount,6.100162863731384e-06,7,ok
rtfm,toothpaste_noise10,activity_gradual,0.8,voidmass_movecount_bound,4.999805241823196e-06,7,ok
rtfm,toothpaste_noise10,activity_gradual,0.8,voidmass_process_lower,5.40073961019516e-06,7,ok
rtfm,toothpaste_noise10,activity_gradual,0.8,voidmass_process_upper,5.000270903110504e-06,7,ok
rtfm,toothpaste_noise10,activity_gradual,0.8,voidsalign3,0.0001291995868086815,7,ok
rtfm,toothpaste_noise10,activity_gradual,0.8,voidsat2,0.651419299189001,7,ok
rtfm,toothpaste_noise10,activity_gradual,0.8,weight_voidage,4.9999915063381195e-05,7,ok
rtfm,toothpaste_noise10,activity_gradual,0.9,aligned_duration_cache,0.5032703997567296,1,ok
rtfm,toothpaste_noise10,activity_gradual,0.9,alignment_coverage_pn2_lower,3.7999823689460754e-05,7,ok
rtfm,toothpaste_noise10,activity_gradual,0.9,alignment_coverage_pn2_upper,1.5799887478351593e-05,7,ok
rtfm,toothpaste_noise10,activity_gradual,0.9,classical,0.153545799665153,1,ok
rtfm,toothpaste_noise10,activity_gradual,0.9,dv,5.83788469992578,1,ok
rtfm,toothpaste_noise10,activity_gradual,0.9,executions_cache,5.499925464391708e-06,1,ok
rtfm,toothpaste_noise10,activity_gradual,0.9,matchprob,3.200490027666092e-06,7,ok
rtfm,toothpaste_noise10,activity_gradual,0.9,mean_leaf_skipprob,2.9997900128364563e-06,1,ok
rtfm,toothpaste_noise10,activity_gradual,0.9,salign_coverage,5.109934136271477e-05,7,ok
rtfm,toothpaste_noise10,activity_gradual,0.9,skipprob,2.8992071747779846e-06,7,ok
rtfm,toothpaste_noise10,activity_gradual,0.9,traces,0.5032509001903236,1,ok
rtfm,toothpaste_noise10,activity_gradual,0.9,voidmass_deficit_lower,8.699949830770493e-06,7,ok
rtfm,toothpaste_noise10,activity_gradual,0.9,voidmass_deficit_upper,2.8996728360652924e-06,7,ok
rtfm,toothpaste_noise10,activity_gradual,0.9,voidmass_movecount,3.0999071896076202e-06,7,ok
rtfm,toothpaste_noise10,activity_gradual,0.9,voidmass_movecount_bound,3.0989758670330048e-06,7,ok
rtfm,toothpaste_noise10,activity_gradual,0.9,voidmass_process_lower,3.1995587050914764e-06,7,ok
rtfm,toothpaste_noise10,activity_gradual,0.9,voidmass_process_upper,3.0994415283203125e-06,7,ok
rtfm,toothpaste_noise10,activity_gradual,0.9,voidsalign3,2.4699606001377106e-05,7,ok
rtfm,toothpaste_noise10,activity_gradual,0.9,voidsat2,0.004734700080007,7,ok
rtfm,toothpaste_noise10,activity_gradual,0.9,weight_voidage,1.989956945180893e-05,7,ok
rtfm,toothpaste_noise10,trace,0.1,aligned_duration_cache,71.99544159974903,1,ok
rtfm,toothpaste_noise10,trace,0.1,alignment_coverage_pn2_lower,0.0018893009983,7,ok
rtfm,toothpaste_noise10,trace,0.1,alignment_coverage_pn2_upper,0.0008116997778414076,7,ok
rtfm,toothpaste_noise10,trace,0.1,classical,21.09877240005881,1,ok
rtfm,toothpaste_noise10,trace,0.1,dv,11.90767760016024,1,ok
rtfm,toothpaste_noise10,trace,0.1,executions_cache,5.6996941566467285e-06,1,ok
rtfm,toothpaste_noise10,trace,0.1,matchprob,4.8996880650520325e-06,7,ok
rtfm,toothpaste_noise10,trace,0.1,mean_leaf_skipprob,9.899958968162537e-06,1,ok
rtfm,toothpaste_noise10,trace,0.1,salign_coverage,0.0018647005781528001,7,ok
rtfm,toothpaste_noise10,trace,0.1,skipprob,4.90015372633934e-06,7,ok
rtfm,toothpaste_noise10,trace,0.1,traces,71.99542050017044,1,ok
rtfm,toothpaste_noise10,trace,0.1,voidmass_deficit_lower,1.529976725578308e-05,7,ok
rtfm,toothpaste_noise10,trace,0.1,voidmass_deficit_upper,5.800742655992508e-06,7,ok
rtfm,toothpaste_noise10,trace,0.1,voidmass_movecount,5.300156772136688e-06,7,ok
rtfm,toothpaste_noise10,trace,0.1,voidmass_movecount_bound,4.500150680541992e-06,7,ok
rtfm,toothpaste_noise10,trace,0.1,voidmass_process_lower,5.3998082876205444e-06,7,ok
rtfm,toothpaste_noise10,trace,0.1,voidmass_process_upper,4.900619387626648e-06,7,ok
rtfm,toothpaste_noise10,trace,0.1,voidsalign3,0.0008967006579037531,7,ok
rtfm,toothpaste_noise10,trace,0.1,voidsat2,3.261333600152284,7,ok
rtfm,toothpaste_noise10,trace,0.1,weight_voidage,4.310114309191704e-05,7,ok
rtfm,toothpaste_noise10,trace,0.2,aligned_duration_cache,63.24049050034955,1,ok
rtfm,toothpaste_noise10,trace,0.2,alignment_coverage_pn2_lower,0.0018223994411524999,7,ok
rtfm,toothpaste_noise10,trace,0.2,alignment_coverage_pn2_upper,0.0007682004943487476,7,ok
rtfm,toothpaste_noise10,trace,0.2,classical,18.40375979989767,1,ok
rtfm,toothpaste_noise10,trace,0.2,dv,11.659694800153376,1,ok
rtfm,toothpaste_noise10,trace,0.2,executions_cache,5.499925464391708e-06,1,ok
rtfm,toothpaste_noise10,trace,0.2,matchprob,4.90015372633934e-06,7,ok
rtfm,toothpaste_noise10,trace,0.2,mean_leaf_skipprob,6.500165909528732e-06,1,ok
rtfm,toothpaste_noise10,trace,0.2,salign_coverage,0.0018305992707607,7,ok
rtfm,toothpaste_noise10,trace,0.2,skipprob,5.399342626333237e-06,7,ok
rtfm,toothpaste_noise10,trace,0.2,traces,63.24047000007704,1,ok
rtfm,toothpaste_noise10,trace,0.2,voidmass_deficit_lower,1.3499986380338669e-05,7,ok
rtfm,toothpaste_noise10,trace,0.2,voidmass_deficit_upper,5.600042641162872e-06,7,ok
rtfm,toothpaste_noise10,trace,0.2,voidmass_movecount,5.1995739340782166e-06,7,ok
rtfm,toothpaste_noise10,trace,0.2,voidmass_movecount_bound,4.3995678424835205e-06,7,ok
rtfm,toothpaste_noise10,trace,0.2,voidmass_process_lower,5.098991096019745e-06,7,ok
rtfm,toothpaste_noise10,trace,0.2,voidmass_process_upper,4.400964826345444e-06,7,ok
rtfm,toothpaste_noise10,trace,0.2,voidsalign3,0.0008439994417127376,7,ok
rtfm,toothpaste_noise10,trace,0.2,voidsat2,2.9199717002920806,7,ok
rtfm,toothpaste_noise10,trace,0.2,weight_voidage,4.380056634545326e-05,7,ok
rtfm,toothpaste_noise10,trace,0.3,aligned_duration_cache,55.28593550017104,1,ok
rtfm,toothpaste_noise10,trace,0.3,alignment_coverage_pn2_lower,0.0018440000712868,7,ok
rtfm,toothpaste_noise10,trace,0.3,alignment_coverage_pn2_upper,0.0007915999740360814,7,ok
rtfm,toothpaste_noise10,trace,0.3,classical,16.535472400020808,1,ok
rtfm,toothpaste_noise10,trace,0.3,dv,11.655032700393347,1,ok
rtfm,toothpaste_noise10,trace,0.3,executions_cache,5.200039595365524e-06,1,ok
rtfm,toothpaste_noise10,trace,0.3,matchprob,4.70038503408432e-06,7,ok
rtfm,toothpaste_noise10,trace,0.3,mean_leaf_skipprob,6.100162863731384e-06,1,ok
rtfm,toothpaste_noise10,trace,0.3,salign_coverage,0.0018413993529973,7,ok
rtfm,toothpaste_noise10,trace,0.3,skipprob,5.499925464391708e-06,7,ok
rtfm,toothpaste_noise10,trace,0.3,traces,55.28591400012374,1,ok
rtfm,toothpaste_noise10,trace,0.3,voidmass_deficit_lower,1.3499520719051361e-05,7,ok
rtfm,toothpaste_noise10,trace,0.3,voidmass_deficit_upper,5.200505256652832e-06,7,ok
rtfm,toothpaste_noise10,trace,0.3,voidmass_movecount,5.899928510189056e-06,7,ok
rtfm,toothpaste_noise10,trace,0.3,voidmass_movecount_bound,4.300381988286972e-06,7,ok
rtfm,toothpaste_noise10,trace,0.3,voidmass_process_lower,4.90015372633934e-06,7,ok
rtfm,toothpaste_noise10,trace,0.3,voidmass_process_upper,5.09992241859436e-06,7,ok
rtfm,toothpaste_noise10,trace,0.3,voidsalign3,0.0008705998770889637,7,ok
rtfm,toothpaste_noise10,trace,0.3,voidsat2,2.580853800289333,7,ok
rtfm,toothpaste_noise10,trace,0.3,weight_voidage,4.3299514800310135e-05,7,ok
rtfm,toothpaste_noise10,trace,0.4,aligned_duration_cache,47.836226399987936,1,ok
rtfm,toothpaste_noise10,trace,0.4,alignment_coverage_pn2_lower,0.0019804006442424,7,ok
rtfm,toothpaste_noise10,trace,0.4,alignment_coverage_pn2_upper,0.0007867002859708895,7,ok
rtfm,toothpaste_noise10,trace,0.4,classical,14.144707800354809,1,ok
rtfm,toothpaste_noise10,trace,0.4,dv,10.115425100084394,1,ok
rtfm,toothpaste_noise10,trace,0.4,executions_cache,5.399808287620544e-06,1,ok
rtfm,toothpaste_noise10,trace,0.4,matchprob,5.3998082876205444e-06,7,ok
rtfm,toothpaste_noise10,trace,0.4,mean_leaf_skipprob,6.100162863731384e-06,1,ok
rtfm,toothpaste_noise10,trace,0.4,salign_coverage,0.0018231999129053999,7,ok
rtfm,toothpaste_noise10,trace,0.4,skipprob,5.899462848901749e-06,7,ok
rtfm,toothpaste_noise10,trace,0.4,traces,47.83620489994064,1,ok
rtfm,toothpaste_noise10,trace,0.4,voidmass_deficit_lower,1.3200100511312485e-05,7,ok
rtfm,toothpaste_noise10,trace,0.4,voidmass_deficit_upper,5.898997187614441e-06,7,ok
rtfm,toothpaste_noise10,trace,0.4,voidmass_movecount,4.800502210855484e-06,7,ok
rtfm,toothpaste_noise10,trace,0.4,voidmass_movecount_bound,4.100147634744644e-06,7,ok
rtfm,toothpaste_noise10,trace,0.4,voidmass_process_lower,4.599336534738541e-06,7,ok
rtfm,toothpaste_noise10,trace,0.4,voidmass_process_upper,3.7993304431438446e-06,7,ok
rtfm,toothpaste_noise10,trace,0.4,voidsalign3,0.000899700447916769,7,ok
rtfm,toothpaste_noise10,trace,0.4,voidsat2,2.1848107003606856,7,ok
rtfm,toothpaste_noise10,trace,0.4,weight_voidage,4.62997704744339e-05,7,ok
rtfm,toothpaste_noise10,trace,0.5,aligned_duration_cache,40.162967500276864,1,ok
rtfm,toothpaste_noise10,trace,0.5,alignment_coverage_pn2_lower,0.0016417000442741,7,ok
rtfm,toothpaste_noise10,trace,0.5,alignment_coverage_pn2_upper,0.0006955005228518508,7,ok
rtfm,toothpaste_noise10,trace,0.5,classical,12.25913649983704,1,ok
rtfm,toothpaste_noise10,trace,0.5,dv,9.561632900033146,1,ok
rtfm,toothpaste_noise10,trace,0.5,executions_cache,4.999805241823196e-06,1,ok
rtfm,toothpaste_noise10,trace,0.5,matchprob,5.300622433423996e-06,7,ok
rtfm,toothpaste_noise10,trace,0.5,mean_leaf_skipprob,7.200054824352264e-06,1,ok
rtfm,toothpaste_noise10,trace,0.5,salign_coverage,0.0016633016057307944,7,ok
rtfm,toothpaste_noise10,trace,0.5,skipprob,5.499925464391708e-06,7,ok
rtfm,toothpaste_noise10,trace,0.5,traces,40.16294519975781,1,ok
rtfm,toothpaste_noise10,trace,0.5,voidmass_deficit_lower,1.2700911611318588e-05,7,ok
rtfm,toothpaste_noise10,trace,0.5,voidmass_deficit_upper,5.299225449562073e-06,7,ok
rtfm,toothpaste_noise10,trace,0.5,voidmass_movecount,4.299916326999664e-06,7,ok
rtfm,toothpaste_noise10,trace,0.5,voidmass_movecount_bound,3.900378942489624e-06,7,ok
rtfm,toothpaste_noise10,trace,0.5,voidmass_process_lower,4.7995708882808685e-06,7,ok
rtfm,toothpaste_noise10,trace,0.5,voidmass_process_upper,4.0996819734573364e-06,7,ok
rtfm,toothpaste_noise10,trace,0.5,voidsalign3,0.0007743998430667474,7,ok
rtfm,toothpaste_noise10,trace,0.5,voidsat2,1.8312253011390565,7,ok
rtfm,toothpaste_noise10,trace,0.5,weight_voidage,4.719942808151245e-05,7,ok
rtfm,toothpaste_noise10,trace,0.6,aligned_duration_cache,31.512543299701065,1,ok
rtfm,toothpaste_noise10,trace,0.6,alignment_coverage_pn2_lower,0.0014730007387696073,7,ok
rtfm,toothpaste_noise10,trace,0.6,alignment_coverage_pn2_upper,0.0006336001679299858,7,ok
rtfm,toothpaste_noise10,trace,0.6,classical,9.223476800136268,1,ok
rtfm,toothpaste_noise10,trace,0.6,dv,10.32925650011748,1,ok
rtfm,toothpaste_noise10,trace,0.6,executions_cache,4.999805241823196e-06,1,ok
rtfm,toothpaste_noise10,trace,0.6,matchprob,4.70038503408432e-06,7,ok
rtfm,toothpaste_noise10,trace,0.6,mean_leaf_skipprob,6.0996972024440765e-06,1,ok
rtfm,toothpaste_noise10,trace,0.6,salign_coverage,0.001570499036460615,7,ok
rtfm,toothpaste_noise10,trace,0.6,skipprob,5.7998113334178925e-06,7,ok
rtfm,toothpaste_noise10,trace,0.6,traces,31.512513199821115,1,ok
rtfm,toothpaste_noise10,trace,0.6,voidmass_deficit_lower,1.4400109648704529e-05,7,ok
rtfm,toothpaste_noise10,trace,0.6,voidmass_deficit_upper,5.700625479221344e-06,7,ok
rtfm,toothpaste_noise10,trace,0.6,voidmass_movecount,5.7998113334178925e-06,7,ok
rtfm,toothpaste_noise10,trace,0.6,voidmass_movecount_bound,4.400499165058136e-06,7,ok
rtfm,toothpaste_noise10,trace,0.6,voidmass_process_lower,5.099456757307053e-06,7,ok
rtfm,toothpaste_noise10,trace,0.6,voidmass_process_upper,4.800502210855484e-06,7,ok
rtfm,toothpaste_noise10,trace,0.6,voidsalign3,0.0008089998736975452,7,ok
rtfm,toothpaste_noise10,trace,0.6,voidsat2,1.4817873998545108,7,ok
rtfm,toothpaste_noise10,trace,0.6,weight_voidage,4.5000109821558e-05,7,ok
rtfm,toothpaste_noise10,trace,0.7,aligned_duration_cache,23.97516280040145,1,ok
rtfm,toothpaste_noise10,trace,0.7,alignment_coverage_pn2_lower,0.0014837002381678738,7,ok
rtfm,toothpaste_noise10,trace,0.7,alignment_coverage_pn2_upper,0.0006968006491660129,7,ok
rtfm,toothpaste_noise10,trace,0.7,classical,7.168361600022763,1,ok
rtfm,toothpaste_noise10,trace,0.7,dv,8.596717699896544,1,ok
rtfm,toothpaste_noise10,trace,0.7,executions_cache,4.999805241823196e-06,1,ok
rtfm,toothpaste_noise10,trace,0.7,matchprob,5.09992241859436e-06,7,ok
rtfm,toothpaste_noise10,trace,0.7,mean_leaf_skipprob,6.500165909528732e-06,1,ok
rtfm,toothpaste_noise10,trace,0.7,salign_coverage,0.0014994996599850005,7,ok
rtfm,toothpaste_noise10,trace,0.7,skipprob,5.500391125679016e-06,7,ok
rtfm,toothpaste_noise10,trace,0.7,traces,23.975141699891537,1,ok
rtfm,toothpaste_noise10,trace,0.7,voidmass_deficit_lower,1.4599412679672241e-05,7,ok
rtfm,toothpaste_noise10,trace,0.7,voidmass_deficit_upper,5.899928510189056e-06,7,ok
rtfm,toothpaste_noise10,trace,0.7,voidmass_movecount,5.100853741168976e-06,7,ok
rtfm,toothpaste_noise10,trace,0.7,voidmass_movecount_bound,4.599802196025848e-06,7,ok
rtfm,toothpaste_noise10,trace,0.7,voidmass_process_lower,4.90015372633934e-06,7,ok
rtfm,toothpaste_noise10,trace,0.7,voidmass_process_upper,4.599336534738541e-06,7,ok
rtfm,toothpaste_noise10,trace,0.7,voidsalign3,0.0007334998808799836,7,ok
rtfm,toothpaste_noise10,trace,0.7,voidsat2,1.0995950005017219,7,ok
rtfm,toothpaste_noise10,trace,0.7,weight_voidage,4.669977352023125e-05,7,ok
rtfm,toothpaste_noise10,trace,0.8,aligned_duration_cache,15.995909500401469,1,ok
rtfm,toothpaste_noise10,trace,0.8,alignment_coverage_pn2_lower,0.0013118991628285979,7,ok
rtfm,toothpaste_noise10,trace,0.8,alignment_coverage_pn2_upper,0.0005547003820537985,7,ok
rtfm,toothpaste_noise10,trace,0.8,classical,4.716128800064325,1,ok
rtfm,toothpaste_noise10,trace,0.8,dv,8.125293500255793,1,ok
rtfm,toothpaste_noise10,trace,0.8,executions_cache,5.399808287620544e-06,1,ok
rtfm,toothpaste_noise10,trace,0.8,matchprob,4.400499165058136e-06,7,ok
rtfm,toothpaste_noise10,trace,0.8,mean_leaf_skipprob,6.0996972024440765e-06,1,ok
rtfm,toothpaste_noise10,trace,0.8,salign_coverage,0.0013008997775611196,7,ok
rtfm,toothpaste_noise10,trace,0.8,skipprob,5.400273948907852e-06,7,ok
rtfm,toothpaste_noise10,trace,0.8,traces,15.995885299984366,1,ok
rtfm,toothpaste_noise10,trace,0.8,voidmass_deficit_lower,1.4299992471933365e-05,7,ok
rtfm,toothpaste_noise10,trace,0.8,voidmass_deficit_upper,5.300156772136688e-06,7,ok
rtfm,toothpaste_noise10,trace,0.8,voidmass_movecount,4.00003045797348e-06,7,ok
rtfm,toothpaste_noise10,trace,0.8,voidmass_movecount_bound,4.00003045797348e-06,7,ok
rtfm,toothpaste_noise10,trace,0.8,voidmass_process_lower,4.400033503770828e-06,7,ok
rtfm,toothpaste_noise10,trace,0.8,voidmass_process_upper,3.899913281202316e-06,7,ok
rtfm,toothpaste_noise10,trace,0.8,voidsalign3,0.0006224000826476478,7,ok
rtfm,toothpaste_noise10,trace,0.8,voidsat2,0.7222950998693702,7,ok
rtfm,toothpaste_noise10,trace,0.8,weight_voidage,3.890041261911392e-05,7,ok
rtfm,toothpaste_noise10,trace,0.9,aligned_duration_cache,7.9286986999213696,1,ok
rtfm,toothpaste_noise10,trace,0.9,alignment_coverage_pn2_lower,0.0011603999882933856,7,ok
rtfm,toothpaste_noise10,trace,0.9,alignment_coverage_pn2_upper,0.0005030999891459478,7,ok
rtfm,toothpaste_noise10,trace,0.9,classical,2.436455100309104,1,ok
rtfm,toothpaste_noise10,trace,0.9,dv,7.6070081000216305,1,ok
rtfm,toothpaste_noise10,trace,0.9,executions_cache,5.200039595365524e-06,1,ok
rtfm,toothpaste_noise10,trace,0.9,matchprob,4.599802196025848e-06,7,ok
rtfm,toothpaste_noise10,trace,0.9,mean_leaf_skipprob,4.8996880650520325e-06,1,ok
rtfm,toothpaste_noise10,trace,0.9,salign_coverage,0.0011764992959794457,7,ok
rtfm,toothpaste_noise10,trace,0.9,skipprob,4.70038503408432e-06,7,ok
rtfm,toothpaste_noise10,trace,0.9,traces,7.928677100222558,1,ok
rtfm,toothpaste_noise10,trace,0.9,voidmass_deficit_lower,1.0999850928783417e-05,7,ok
rtfm,toothpaste_noise10,trace,0.9,voidmass_deficit_upper,5.000270903110504e-06,7,ok
rtfm,toothpaste_noise10,trace,0.9,voidmass_movecount,4.800036549568176e-06,7,ok
rtfm,toothpaste_noise10,trace,0.9,voidmass_movecount_bound,4.099216312170029e-06,7,ok
rtfm,toothpaste_noise10,trace,0.9,voidmass_process_lower,5.399342626333237e-06,7,ok
rtfm,toothpaste_noise10,trace,0.9,voidmass_process_upper,4.699919372797012e-06,7,ok
rtfm,toothpaste_noise10,trace,0.9,voidsalign3,0.0005626995116472186,7,ok
rtfm,toothpaste_noise10,trace,0.9,voidsat2,0.3595608999021348,7,ok
rtfm,toothpaste_noise10,trace,0.9,weight_voidage,3.670062869787216e-05,7,ok
rtfm,toothpaste_noise10,,0.0,aligned_duration_cache,79.85285820020363,1,ok
rtfm,toothpaste_noise10,,0.0,alignment_coverage_pn2_lower,0.0019938000477846,7,ok
rtfm,toothpaste_noise10,,0.0,alignment_coverage_pn2_upper,0.0008481000550087427,7,ok
rtfm,toothpaste_noise10,,0.0,classical,24.33065759995952,1,ok
rtfm,toothpaste_noise10,,0.0,dv,12.237026600167155,1,ok
rtfm,toothpaste_noise10,,0.0,executions_cache,5.200039595365524e-06,1,ok
rtfm,toothpaste_noise10,,0.0,matchprob,4.599802196025848e-06,7,ok
rtfm,toothpaste_noise10,,0.0,mean_leaf_skipprob,7.0999376475811005e-06,1,ok
rtfm,toothpaste_noise10,,0.0,salign_coverage,0.002017199527472,7,ok
rtfm,toothpaste_noise10,,0.0,skipprob,5.3998082876205444e-06,7,ok
rtfm,toothpaste_noise10,,0.0,traces,79.85283319978043,1,ok
rtfm,toothpaste_noise10,,0.0,voidmass_deficit_lower,1.5200581401586533e-05,7,ok
rtfm,toothpaste_noise10,,0.0,voidmass_deficit_upper,5.700159817934036e-06,7,ok
rtfm,toothpaste_noise10,,0.0,voidmass_movecount,4.999339580535889e-06,7,ok
rtfm,toothpaste_noise10,,0.0,voidmass_movecount_bound,4.299916326999664e-06,7,ok
rtfm,toothpaste_noise10,,0.0,voidmass_process_lower,5.1995739340782166e-06,7,ok
rtfm,toothpaste_noise10,,0.0,voidmass_process_upper,4.100613296031952e-06,7,ok
rtfm,toothpaste_noise10,,0.0,voidsalign3,0.0009241006337103743,7,ok
rtfm,toothpaste_noise10,,0.0,voidsat2,3.6413488001562655,7,ok
rtfm,toothpaste_noise10,,0.0,weight_voidage,4.6199653297662735e-05,7,ok
